id,display_structure,phdr_ras_id,alignment_name
NS3:107I:AL_1a,V107I,NS3:107I,AL_1a
NS3:107I:AL_1b,V107I,NS3:107I,AL_1b
NS3:109K:AL_1a,R109K,NS3:109K,AL_1a
NS3:117L+156S:AL_5a,R117L+A156S,NS3:117L+156S,AL_5a
NS3:122D:AL_1b,S122D,NS3:122D,AL_1b
NS3:122G+155K+170V:AL_1a,S122G+R155K+I170V,NS3:122G+155K+170V,AL_1a
NS3:122G+155K:AL_1a,S122G+R155K,NS3:122G+155K,AL_1a
NS3:122G+168A:AL_1a,S122G+D168A,NS3:122G+168A,AL_1a
NS3:122G:AL_1a,S122G,NS3:122G,AL_1a
NS3:122G:AL_1b,S122G,NS3:122G,AL_1b
NS3:122N+155G:AL_1a,S122N+R155G,NS3:122N+155G,AL_1a
NS3:122N+168A:AL_5a,A/T122N+D/E168A,NS3:122N+168A,AL_5a
NS3:122N+168N:AL_1a,S122N+D168N,NS3:122N+168N,AL_1a
NS3:122N+168Y:AL_1a,S122N+D168Y,NS3:122N+168Y,AL_1a
NS3:122N:AL_1a,S122N,NS3:122N,AL_1a
NS3:122R+155N+168E:AL_1a,S122R+R155N+D168E,NS3:122R+155N+168E,AL_1a
NS3:122R:AL_1a,S122R,NS3:122R,AL_1a
NS3:122R:AL_1b,S122R,NS3:122R,AL_1b
NS3:122T+170I:AL_1b,S122T+I/V170I,NS3:122T+170I,AL_1b
NS3:122T:AL_1a,S122T,NS3:122T,AL_1a
NS3:123Q:AL_2a,R123Q,NS3:123Q,AL_2a
NS3:132I+170I:AL_3,L132I+I/V170I,NS3:132I+170I,AL_3
NS3:132V:AL_2a,I/L132V,NS3:132V,AL_2a
NS3:155C:AL_4a,R155C,NS3:155C,AL_4a
NS3:155D:AL_1a,R155D,NS3:155D,AL_1a
NS3:155G:AL_1a,R155G,NS3:155G,AL_1a
NS3:155G:AL_1b,R155G,NS3:155G,AL_1b
NS3:155I:AL_1a,R155I,NS3:155I,AL_1a
NS3:155K+168A:AL_1a,R155K+D168A,NS3:155K+168A,AL_1a
NS3:155K+168R:AL_3a,R155K+Q168R,NS3:155K+168R,AL_3a
NS3:155K+168V:AL_1a,R155K+D168V,NS3:155K+168V,AL_1a
NS3:155K:AL_1a,R155K,NS3:155K,AL_1a
NS3:155K:AL_1b,R155K,NS3:155K,AL_1b
NS3:155K:AL_2a,R155K,NS3:155K,AL_2a
NS3:155K:AL_4a,R155K,NS3:155K,AL_4a
NS3:155K:AL_5a,R155K,NS3:155K,AL_5a
NS3:155K:AL_6a,R155K,NS3:155K,AL_6a
NS3:155Q:AL_1a,R155Q,NS3:155Q,AL_1a
NS3:155S:AL_1a,R155S,NS3:155S,AL_1a
NS3:155T+156V:AL_1a,R155T+A156V,NS3:155T+156V,AL_1a
NS3:155T+168N:AL_1a,R155T+D168N,NS3:155T+168N,AL_1a
NS3:155T:AL_1a,R155T,NS3:155T,AL_1a
NS3:155T:AL_6a,R155T,NS3:155T,AL_6a
NS3:155W:AL_1a,R155W,NS3:155W,AL_1a
NS3:155W:AL_1b,R155W,NS3:155W,AL_1b
NS3:156G+170I:AL_3,A156G+I/V170I,NS3:156G+170I,AL_3
NS3:156G:AL_1a,A156G,NS3:156G,AL_1a
NS3:156G:AL_1b,A156G,NS3:156G,AL_1b
NS3:156G:AL_2a,A156G,NS3:156G,AL_2a
NS3:156G:AL_3,A156G,NS3:156G,AL_3
NS3:156G:AL_3a,A156G,NS3:156G,AL_3a
NS3:156G:AL_4,A156G,NS3:156G,AL_4
NS3:156G:AL_4a,A156G,NS3:156G,AL_4a
NS3:156L:AL_1a,A156L,NS3:156L,AL_1a
NS3:156L:AL_2a,A156L,NS3:156L,AL_2a
NS3:156L:AL_3a,A156L,NS3:156L,AL_3a
NS3:156L:AL_4a,A156L,NS3:156L,AL_4a
NS3:156M+168A+170I:AL_4a,A156M+D168A+V170I,NS3:156M+168A+170I,AL_4a
NS3:156M+168G+170I:AL_4a,A156M+D168G+V170I,NS3:156M+168G+170I,AL_4a
NS3:156M:AL_1a,A156M,NS3:156M,AL_1a
NS3:156M:AL_1b,A156M,NS3:156M,AL_1b
NS3:156M:AL_4,A156M,NS3:156M,AL_4
NS3:156S+177V:AL_2a,A156S+I/V177V,NS3:156S+177V,AL_2a
NS3:156S:AL_1a,A156S,NS3:156S,AL_1a
NS3:156S:AL_1b,A156S,NS3:156S,AL_1b
NS3:156S:AL_2a,A156S,NS3:156S,AL_2a
NS3:156S:AL_3a,A156S,NS3:156S,AL_3a
NS3:156S:AL_4a,A156S,NS3:156S,AL_4a
NS3:156S:AL_5a,A156S,NS3:156S,AL_5a
NS3:156T+158A:AL_1a,A156T+V158A,NS3:156T+158A,AL_1a
NS3:156T+168A+170I:AL_4a,A156T+D168A+V170I,NS3:156T+168A+170I,AL_4a
NS3:156T+168G+170I:AL_4a,A156T+D168G+V170I,NS3:156T+168G+170I,AL_4a
NS3:156T+168N:AL_1a,A156T+D168N,NS3:156T+168N,AL_1a
NS3:156T+170I:AL_1a,A156T+I170I,NS3:156T+170I,AL_1a
NS3:156T:AL_1a,A156T,NS3:156T,AL_1a
NS3:156T:AL_1b,A156T,NS3:156T,AL_1b
NS3:156T:AL_2a,A156T,NS3:156T,AL_2a
NS3:156T:AL_2b,A156T,NS3:156T,AL_2b
NS3:156T:AL_3a,A156T,NS3:156T,AL_3a
NS3:156T:AL_4,A156T,NS3:156T,AL_4
NS3:156T:AL_4a,A156T,NS3:156T,AL_4a
NS3:156V+168A+170I:AL_4a,A156V+D168A+V170I,NS3:156V+168A+170I,AL_4a
NS3:156V+168G+170I:AL_4a,A156V+D168G+V170I,NS3:156V+168G+170I,AL_4a
NS3:156V+168V:AL_1b,A156V+D168V,NS3:156V+168V,AL_1b
NS3:156V:AL_1a,A156V,NS3:156V,AL_1a
NS3:156V:AL_1b,A156V,NS3:156V,AL_1b
NS3:156V:AL_2a,A156V,NS3:156V,AL_2a
NS3:156V:AL_2b,A156V,NS3:156V,AL_2b
NS3:156V:AL_3a,A156V,NS3:156V,AL_3a
NS3:156V:AL_4,A156V,NS3:156V,AL_4
NS3:156V:AL_4a,A156V,NS3:156V,AL_4a
NS3:158A:AL_1a,V158A,NS3:158A,AL_1a
NS3:158I:AL_6a,V158I,NS3:158I,AL_6a
NS3:166S+168R:AL_3,A166S+Q168R,NS3:166S+168R,AL_3
NS3:166S:AL_3a,A166S,NS3:166S,AL_3a
NS3:166T:AL_3a,A166T,NS3:166T,AL_3a
NS3:168A+122N:AL_6a,D168A+N/S122N,NS3:168A+122N,AL_6a
NS3:168A+170T:AL_1a,D168A+I170T,NS3:168A+170T,AL_1a
NS3:168A:AL_1a,D168A,NS3:168A,AL_1a
NS3:168A:AL_1b,D168A,NS3:168A,AL_1b
NS3:168A:AL_2a,D168A,NS3:168A,AL_2a
NS3:168A:AL_4,D168A,NS3:168A,AL_4
NS3:168A:AL_5a,D/E168A,NS3:168A,AL_5a
NS3:168A:AL_6a,D168A,NS3:168A,AL_6a
NS3:168C:AL_1a,D168C,NS3:168C,AL_1a
NS3:168C:AL_4,D168C,NS3:168C,AL_4
NS3:168E:AL_1a,D168E,NS3:168E,AL_1a
NS3:168E:AL_1b,D168E,NS3:168E,AL_1b
NS3:168E:AL_2a,D168E,NS3:168E,AL_2a
NS3:168E:AL_2b,D168E,NS3:168E,AL_2b
NS3:168E:AL_4,D168E,NS3:168E,AL_4
NS3:168E:AL_4a,D168E,NS3:168E,AL_4a
NS3:168E:AL_5a,D/E168E,NS3:168E,AL_5a
NS3:168E:AL_6a,D168E,NS3:168E,AL_6a
NS3:168F:AL_1a,D168F,NS3:168F,AL_1a
NS3:168G:AL_1a,D168G,NS3:168G,AL_1a
NS3:168G:AL_1b,D168G,NS3:168G,AL_1b
NS3:168G:AL_2a,D168G,NS3:168G,AL_2a
NS3:168G:AL_4,D168G,NS3:168G,AL_4
NS3:168G:AL_6a,D168G,NS3:168G,AL_6a
NS3:168H+179T:AL_6a,D168H+M179T,NS3:168H+179T,AL_6a
NS3:168H+41R:AL_6a,D168H+Q41R,NS3:168H+41R,AL_6a
NS3:168H:AL_1a,D168H,NS3:168H,AL_1a
NS3:168H:AL_1b,D168H,NS3:168H,AL_1b
NS3:168H:AL_2a,D168H,NS3:168H,AL_2a
NS3:168H:AL_3a,Q168H,NS3:168H,AL_3a
NS3:168H:AL_4,D168H,NS3:168H,AL_4
NS3:168H:AL_4a,D168H,NS3:168H,AL_4a
NS3:168H:AL_5a,D/E168H,NS3:168H,AL_5a
NS3:168H:AL_6a,D168H,NS3:168H,AL_6a
NS3:168I:AL_1a,D168I,NS3:168I,AL_1a
NS3:168K:AL_1a,D168K,NS3:168K,AL_1a
NS3:168K:AL_1b,D168K,NS3:168K,AL_1b
NS3:168K:AL_5a,D/E168K,NS3:168K,AL_5a
NS3:168L:AL_1a,D168L,NS3:168L,AL_1a
NS3:168L:AL_3,Q168L,NS3:168L,AL_3
NS3:168L:AL_3a,Q168L,NS3:168L,AL_3a
NS3:168N:AL_1a,D168N,NS3:168N,AL_1a
NS3:168N:AL_2a,D168N,NS3:168N,AL_2a
NS3:168N:AL_4,D168N,NS3:168N,AL_4
NS3:168N:AL_5a,D/E168N,NS3:168N,AL_5a
NS3:168N:AL_6a,D168N,NS3:168N,AL_6a
NS3:168R+170I:AL_3,Q168R+I/V170I,NS3:168R+170I,AL_3
NS3:168R:AL_1a,D168R,NS3:168R,AL_1a
NS3:168R:AL_3,Q168R,NS3:168R,AL_3
NS3:168R:AL_3a,Q168R,NS3:168R,AL_3a
NS3:168R:AL_5a,D/E168R,NS3:168R,AL_5a
NS3:168T:AL_1a,D168T,NS3:168T,AL_1a
NS3:168T:AL_1b,D168T,NS3:168T,AL_1b
NS3:168T:AL_4a,D168T,NS3:168T,AL_4a
NS3:168V:AL_1a,D168V,NS3:168V,AL_1a
NS3:168V:AL_1b,D168V,NS3:168V,AL_1b
NS3:168V:AL_2,D168V,NS3:168V,AL_2
NS3:168V:AL_2a,D168V,NS3:168V,AL_2a
NS3:168V:AL_2b,D168V,NS3:168V,AL_2b
NS3:168V:AL_3a,Q168V,NS3:168V,AL_3a
NS3:168V:AL_4,D168V,NS3:168V,AL_4
NS3:168V:AL_4a,D168V,NS3:168V,AL_4a
NS3:168V:AL_4d,D168V,NS3:168V,AL_4d
NS3:168V:AL_5a,D/E168V,NS3:168V,AL_5a
NS3:168V:AL_6a,D168V,NS3:168V,AL_6a
NS3:168Y+41R:AL_6a,D168Y+Q41R,NS3:168Y+41R,AL_6a
NS3:168Y:AL_1a,D168Y,NS3:168Y,AL_1a
NS3:168Y:AL_1b,D168Y,NS3:168Y,AL_1b
NS3:168Y:AL_2,D168Y,NS3:168Y,AL_2
NS3:168Y:AL_4,D168Y,NS3:168Y,AL_4
NS3:168Y:AL_5a,D/E168Y,NS3:168Y,AL_5a
NS3:170A:AL_1b,I/V170A,NS3:170A,AL_1b
NS3:170I:AL_4,V170I,NS3:170I,AL_4
NS3:170T:AL_1a,I170T,NS3:170T,AL_1a
NS3:170T:AL_1b,I/V170T,NS3:170T,AL_1b
NS3:170V:AL_1a,I170V,NS3:170V,AL_1a
NS3:175M:AL_3a,L175M,NS3:175M,AL_3a
NS3:177V:AL_2a,I/V177V,NS3:177V,AL_2a
NS3:18V+155K:AL_5a,I/V18V+R155K,NS3:18V+155K,AL_5a
NS3:30V+156S:AL_5a,E30V+A156S,NS3:30V+156S,AL_5a
NS3:36A+155G+168G:AL_1a,V36A+R155G+D168G,NS3:36A+155G+168G,AL_1a
NS3:36A+155K:AL_1a,V36A+R155K,NS3:36A+155K,AL_1a
NS3:36A+156T:AL_3,L36A+A156T,NS3:36A+156T,AL_3
NS3:36A+168A:AL_6a,V36A+D168A,NS3:36A+168A,AL_6a
NS3:36A+41R:AL_6a,V36A+Q41R,NS3:36A+41R,AL_6a
NS3:36A+80R+155K:AL_1a,V36A+K/Q80R+R155K,NS3:36A+80R+155K,AL_1a
NS3:36A:AL_1a,V36A,NS3:36A,AL_1a
NS3:36A:AL_1b,V36A,NS3:36A,AL_1b
NS3:36A:AL_6a,V36A,NS3:36A,AL_6a
NS3:36G:AL_1a,V36G,NS3:36G,AL_1a
NS3:36L+155K+156T+158A+168N:AL_1a,V36L+R155K+A156T+V158A+D168N,NS3:36L+155K+156T+158A+168N,AL_1a
NS3:36L+155K+156T+168N:AL_1a,V36L+R155K+A156T+D168N,NS3:36L+155K+156T+168N,AL_1a
NS3:36L+155K:AL_1a,V36L+R155K,NS3:36L+155K,AL_1a
NS3:36L+54S:AL_1a,V36L+T54S,NS3:36L+54S,AL_1a
NS3:36L+80K+122C:AL_1a,V36L+K/Q80K+S122C,NS3:36L+80K+122C,AL_1a
NS3:36L+80K+155S:AL_1a,V36L+K/Q80K+R155S,NS3:36L+80K+155S,AL_1a
NS3:36L+80K+168A:AL_1a,V36L+K/Q80K+D168A,NS3:36L+80K+168A,AL_1a
NS3:36L+80K+168G:AL_1a,V36L+K/Q80K+D168G,NS3:36L+80K+168G,AL_1a
NS3:36L+80K:AL_1a,V36L+K/Q80K,NS3:36L+80K,AL_1a
NS3:36L:AL_1a,V36L,NS3:36L,AL_1a
NS3:36L:AL_1b,V36L,NS3:36L,AL_1b
NS3:36M+122N:AL_1a,V36M+S122N,NS3:36M+122N,AL_1a
NS3:36M+155G+168G:AL_1a,V36M+R155G+D168G,NS3:36M+155G+168G,AL_1a
NS3:36M+155K+170V:AL_1a,V36M+R155K+I170V,NS3:36M+155K+170V,AL_1a
NS3:36M+155K:AL_1a,V36M+R155K,NS3:36M+155K,AL_1a
NS3:36M+156S:AL_1b,V36M+A156S,NS3:36M+156S,AL_1b
NS3:36M+41R+168G:AL_1a,V36M+Q41R+D168G,NS3:36M+41R+168G,AL_1a
NS3:36M+41R:AL_1a,V36M+Q41R,NS3:36M+41R,AL_1a
NS3:36M+80K+107I:AL_1a,V36M+K/Q80K+V107I,NS3:36M+80K+107I,AL_1a
NS3:36M+80K+122G+168A:AL_1a,V36M+K/Q80K+S122G+D168A,NS3:36M+80K+122G+168A,AL_1a
NS3:36M+80K:AL_1a,V36M+K/Q80K,NS3:36M+80K,AL_1a
NS3:36M:AL_1a,V36M,NS3:36M,AL_1a
NS3:36M:AL_1b,V36M,NS3:36M,AL_1b
NS3:41H+80K+122G:AL_1a,Q41H+K/Q80K+S122G,NS3:41H+80K+122G,AL_1a
NS3:41K+43L+80K+168Y:AL_1a,Q41K+F43L+K/Q80K+D168Y,NS3:41K+43L+80K+168Y,AL_1a
NS3:41K+80K:AL_1a,Q41K+K/Q80K,NS3:41K+80K,AL_1a
NS3:41K:AL_3a,Q41K,NS3:41K,AL_3a
NS3:41K:AL_6a,Q41K,NS3:41K,AL_6a
NS3:41R+156T:AL_1a,Q41R+A156T,NS3:41R+156T,AL_1a
NS3:41R+168A:AL_1a,Q41R+D168A,NS3:41R+168A,AL_1a
NS3:41R+168A:AL_5a,Q41R+D/E168A,NS3:41R+168A,AL_5a
NS3:41R+168A:AL_6a,Q41R+D168A,NS3:41R+168A,AL_6a
NS3:41R+168G:AL_1a,Q41R+D168G,NS3:41R+168G,AL_1a
NS3:41R+168H:AL_1a,Q41R+D168H,NS3:41R+168H,AL_1a
NS3:41R+168H:AL_5a,Q41R+D/E168H,NS3:41R+168H,AL_5a
NS3:41R+170I:AL_3a,Q41R+I/V170I,NS3:41R+170I,AL_3a
NS3:41R+55I:AL_3a,Q41R+V55I,NS3:41R+55I,AL_3a
NS3:41R:AL_1a,Q41R,NS3:41R,AL_1a
NS3:41R:AL_3a,Q41R,NS3:41R,AL_3a
NS3:41R:AL_4a,Q41R,NS3:41R,AL_4a
NS3:41R:AL_6a,Q41R,NS3:41R,AL_6a
NS3:43C:AL_6a,F43C,NS3:43C,AL_6a
NS3:43L+80K:AL_1a,F43L+K/Q80K,NS3:43L+80K,AL_1a
NS3:43L:AL_1a,F43L,NS3:43L,AL_1a
NS3:43S:AL_1a,F43S,NS3:43S,AL_1a
NS3:43S:AL_1b,F43S,NS3:43S,AL_1b
NS3:43V:AL_2a,F43V,NS3:43V,AL_2a
NS3:54A+156S:AL_6a,T54A+A156S,NS3:54A+156S,AL_6a
NS3:54A+158I:AL_6a,T54A+V158I,NS3:54A+158I,AL_6a
NS3:54A:AL_1b,T54A,NS3:54A,AL_1b
NS3:54S+122G+155K+180V:AL_1a,T54S+S122G+R155K+R180V,NS3:54S+122G+155K+180V,AL_1a
NS3:54S+155K:AL_5a,T54S+R155K,NS3:54S+155K,AL_5a
NS3:54S+155T+168N:AL_1a,T54S+R155T+D168N,NS3:54S+155T+168N,AL_1a
NS3:54S+156S+177V:AL_2a,T54S+A156S+I/V177V,NS3:54S+156S+177V,AL_2a
NS3:54S+156S:AL_2a,T54S+A156S,NS3:54S+156S,AL_2a
NS3:54S+156T:AL_1b,T54S+A156T,NS3:54S+156T,AL_1b
NS3:54S+55I+122G+155K+170V:AL_1a,T54S+V55I+S122G+R155K+I170V,NS3:54S+55I+122G+155K+170V,AL_1a
NS3:54S+55I+122G+155K:AL_1a,T54S+V55I+S122G+R155K,NS3:54S+55I+122G+155K,AL_1a
NS3:54S+55I+80L:AL_1a,T54S+V55I+K/Q80L,NS3:54S+55I+80L,AL_1a
NS3:54S+56F+80L+156T+170I:AL_1b,T54S+F/Y56F+Q80L+A156T+I/V170I,NS3:54S+56F+80L+156T+170I,AL_1b
NS3:54S+56H+170V:AL_1a,T54S+Y56H+I170V,NS3:54S+56H+170V,AL_1a
NS3:54S+56H:AL_1a,T54S+Y56H,NS3:54S+56H,AL_1a
NS3:54S:AL_1a,T54S,NS3:54S,AL_1a
NS3:54S:AL_1b,T54S,NS3:54S,AL_1b
NS3:55A+168A:AL_1a,V55A+D168A,NS3:55A+168A,AL_1a
NS3:55A+168E:AL_1a,V55A+D168E,NS3:55A+168E,AL_1a
NS3:55A+80K+122N:AL_6a,V55A+K80K+N/S122N,NS3:55A+80K+122N,AL_6a
NS3:55A+80R+168E+170V:AL_1a,V55A+K/Q80R+D168E+I170V,NS3:55A+80R+168E+170V,AL_1a
NS3:55A:AL_1a,V55A,NS3:55A,AL_1a
NS3:55A:AL_1b,V55A,NS3:55A,AL_1b
NS3:55I:AL_1a,V55I,NS3:55I,AL_1a
NS3:56F+122N+170I:AL_1b,F/Y56F+S122N+I/V170I,NS3:56F+122N+170I,AL_1b
NS3:56F+122N:AL_1b,F/Y56F+S122N,NS3:56F+122N,AL_1b
NS3:56F+155W+156G+168N:AL_1b,F/Y56F+R155W+A156G+D168N,NS3:56F+155W+156G+168N,AL_1b
NS3:56F+168E+170I:AL_1b,F/Y56F+D168E+I/V170I,NS3:56F+168E+170I,AL_1b
NS3:56F+170I:AL_1b,F/Y56F+I/V170I,NS3:56F+170I,AL_1b
NS3:56F:AL_1a,Y56F,NS3:56F,AL_1a
NS3:56F:AL_1b,F/Y56F,NS3:56F,AL_1b
NS3:56H+156T+168N:AL_1a,Y56H+A156T+D168N,NS3:56H+156T+168N,AL_1a
NS3:56H+168A:AL_1a,Y56H+D168A,NS3:56H+168A,AL_1a
NS3:56H+168A:AL_1b,F/Y56H+D168A,NS3:56H+168A,AL_1b
NS3:56H+168E:AL_1a,Y56H+D168E,NS3:56H+168E,AL_1a
NS3:56H+168E:AL_6a,Y56H+D168E,NS3:56H+168E,AL_6a
NS3:56H+168K+170I:AL_3,Y56H+Q168K+I/V170I,NS3:56H+168K+170I,AL_3
NS3:56H+168K:AL_3a,Y56H+Q168K,NS3:56H+168K,AL_3a
NS3:56H+168L:AL_3a,Y56H+Q168L,NS3:56H+168L,AL_3a
NS3:56H+168Q+170I:AL_3,Y56H+Q168Q+I/V170I,NS3:56H+168Q+170I,AL_3
NS3:56H+168R:AL_3a,Y56H+Q168R,NS3:56H+168R,AL_3a
NS3:56H+168V:AL_1b,F/Y56H+D168V,NS3:56H+168V,AL_1b
NS3:56H+168V:AL_4d,Y56H+D168V,NS3:56H+168V,AL_4d
NS3:56H+168Y:AL_1a,Y56H+D168Y,NS3:56H+168Y,AL_1a
NS3:56H+168Y:AL_1b,F/Y56H+D168Y,NS3:56H+168Y,AL_1b
NS3:56H+80K+155I+168V:AL_1a,Y56H+K/Q80K+R155I+D168V,NS3:56H+80K+155I+168V,AL_1a
NS3:56H+80K+155R+168V:AL_1a,Y56H+K/Q80K+R155R+D168V,NS3:56H+80K+155R+168V,AL_1a
NS3:56H:AL_1a,Y56H,NS3:56H,AL_1a
NS3:56H:AL_1b,F/Y56H,NS3:56H,AL_1b
NS3:56H:AL_3,Y56H,NS3:56H,AL_3
NS3:56H:AL_4,Y56H,NS3:56H,AL_4
NS3:56H:AL_4d,Y56H,NS3:56H,AL_4d
NS3:56H:AL_6a,Y56H,NS3:56H,AL_6a
NS3:56N:AL_3,Y56N,NS3:56N,AL_3
NS3:56Y+168K+170I:AL_3,Y56Y+Q168K+I/V170I,NS3:56Y+168K+170I,AL_3
NS3:56Y+168Q+170I:AL_3,Y56Y+Q168Q+I/V170I,NS3:56Y+168Q+170I,AL_3
NS3:58S+62T+93H:AL_3,G58S+R62T+S93H,NS3:58S+62T+93H,AL_3
NS3:71A+170V:AL_1a,V71A+I170V,NS3:71A+170V,AL_1a
NS3:77S+80K+132I+156G:AL_1a,N77S+K/Q80K+I132I+A156G,NS3:77S+80K+132I+156G,AL_1a
NS3:80K+107I:AL_1a,K/Q80K+V107I,NS3:80K+107I,AL_1a
NS3:80K+122G+168Y:AL_1a,K/Q80K+S122G+D168Y,NS3:80K+122G+168Y,AL_1a
NS3:80K+122G:AL_1a,K/Q80K+S122G,NS3:80K+122G,AL_1a
NS3:80K+132I:AL_1a,K/Q80K+I132I,NS3:80K+132I,AL_1a
NS3:80K+132V+156G:AL_1a,K/Q80K+I132V+A156G,NS3:80K+132V+156G,AL_1a
NS3:80K+132V:AL_1a,K/Q80K+I132V,NS3:80K+132V,AL_1a
NS3:80K+155K:AL_1a,K/Q80K+R155K,NS3:80K+155K,AL_1a
NS3:80K+155T+156T+168N:AL_1a,K/Q80K+R155T+A156T+D168N,NS3:80K+155T+156T+168N,AL_1a
NS3:80K+155T+168N:AL_1a,K/Q80K+R155T+D168N,NS3:80K+155T+168N,AL_1a
NS3:80K+156A:AL_1a,K/Q80K+A156A,NS3:80K+156A,AL_1a
NS3:80K+156G+170I:AL_3,Q80K+A156G+I/V170I,NS3:80K+156G+170I,AL_3
NS3:80K+156G:AL_1a,K/Q80K+A156G,NS3:80K+156G,AL_1a
NS3:80K+156T+168A:AL_1a,K/Q80K+A156T+D168A,NS3:80K+156T+168A,AL_1a
NS3:80K+156V:AL_1a,K/Q80K+A156V,NS3:80K+156V,AL_1a
NS3:80K+168A:AL_1a,K/Q80K+D168A,NS3:80K+168A,AL_1a
NS3:80K+168D:AL_1a,K/Q80K+D168D,NS3:80K+168D,AL_1a
NS3:80K+168E+170V:AL_1a,K/Q80K+D168E+I170V,NS3:80K+168E+170V,AL_1a
NS3:80K+168E:AL_1a,K/Q80K+D168E,NS3:80K+168E,AL_1a
NS3:80K+168N:AL_1a,K/Q80K+D168N,NS3:80K+168N,AL_1a
NS3:80K+168T:AL_1a,K/Q80K+D168T,NS3:80K+168T,AL_1a
NS3:80K+168Y:AL_1a,K/Q80K+D168Y,NS3:80K+168Y,AL_1a
NS3:80K+170I:AL_3,Q80K+I/V170I,NS3:80K+170I,AL_3
NS3:80K:AL_1a,K/Q80K,NS3:80K,AL_1a
NS3:80K:AL_3,Q80K,NS3:80K,AL_3
NS3:80K:AL_3a,Q80K,NS3:80K,AL_3a
NS3:80L+168E:AL_1a,K/Q80L+D168E,NS3:80L+168E,AL_1a
NS3:80L:AL_1a,K/Q80L,NS3:80L,AL_1a
NS3:80R+132I+170I:AL_3,Q80R+L132I+I/V170I,NS3:80R+132I+170I,AL_3
NS3:80R+155K+156T+168A:AL_1a,K/Q80R+R155K+A156T+D168A,NS3:80R+155K+156T+168A,AL_1a
NS3:80R+155K+156T+168E:AL_1a,K/Q80R+R155K+A156T+D168E,NS3:80R+155K+156T+168E,AL_1a
NS3:80R+155K+156T+168K:AL_1a,K/Q80R+R155K+A156T+D168K,NS3:80R+155K+156T+168K,AL_1a
NS3:80R+155S+156T+168A:AL_1a,K/Q80R+R155S+A156T+D168A,NS3:80R+155S+156T+168A,AL_1a
NS3:80R+155S+156T+168E:AL_1a,K/Q80R+R155S+A156T+D168E,NS3:80R+155S+156T+168E,AL_1a
NS3:80R+155S+156T+168K:AL_1a,K/Q80R+R155S+A156T+D168K,NS3:80R+155S+156T+168K,AL_1a
NS3:80R:AL_1a,K/Q80R,NS3:80R,AL_1a
NS3:80R:AL_1b,Q80R,NS3:80R,AL_1b
NS3:80R:AL_3,Q80R,NS3:80R,AL_3
NS3:80R:AL_3a,Q80R,NS3:80R,AL_3a
NS3:80R:AL_4a,Q80R,NS3:80R,AL_4a
NS3:89L+156T:AL_1b,P/S89L+A156T,NS3:89L+156T,AL_1b
NS3:89L+156V:AL_1b,P/S89L+A156V,NS3:89L+156V,AL_1b
NS3:89R+156T:AL_1a,Q89R+A156T,NS3:89R+156T,AL_1a
NS5A:23F+31F:AL_1b,L23F+L31F,NS5A:23F+31F,AL_1b
NS5A:23F+93H:AL_1b,L23F+Y93H,NS5A:23F+93H,AL_1b
NS5A:24A:AL_2a,T24A,NS5A:24A,AL_2a
NS5A:24F+28K+30K:AL_3a,S24F+M28K+A30K,NS5A:24F+28K+30K,AL_3a
NS5A:24F+28K:AL_3a,S24F+M28K,NS5A:24F+28K,AL_3a
NS5A:24F+93H:AL_2b,S24F+Y93H,NS5A:24F+93H,AL_2b
NS5A:24G:AL_1a,K24G,NS5A:24G,AL_1a
NS5A:24H:AL_6a,Q24H,NS5A:24H,AL_6a
NS5A:24K+28I+30Q+31I+32L+54Y:AL_1b,Q24K+L28I+R30Q+L31I+P32L+H/Q54Y,NS5A:24K+28I+30Q+31I+32L+54Y,AL_1b
NS5A:24K+28M+30H+92T:AL_1b,Q24K+L28M+R30H+A92T,NS5A:24K+28M+30H+92T,AL_1b
NS5A:24K+28M+30L:AL_1b,Q24K+L28M+R30L,NS5A:24K+28M+30L,AL_1b
NS5A:24K+28M+30Q+37V+54H:AL_1b,Q24K+L28M+R30Q+F/L37V+H/Q54H,NS5A:24K+28M+30Q+37V+54H,AL_1b
NS5A:24K+28M+30Q+92T:AL_1b,Q24K+L28M+R30Q+A92T,NS5A:24K+28M+30Q+92T,AL_1b
NS5A:24K+28M+30Q:AL_1b,Q24K+L28M+R30Q,NS5A:24K+28M+30Q,AL_1b
NS5A:24K+28M+92T:AL_1b,Q24K+L28M+A92T,NS5A:24K+28M+92T,AL_1b
NS5A:24K+28M:AL_1b,Q24K+L28M,NS5A:24K+28M,AL_1b
NS5A:24K+28V+30Q:AL_1b,Q24K+L28V+R30Q,NS5A:24K+28V+30Q,AL_1b
NS5A:24K+28V+92T:AL_1b,Q24K+L28V+A92T,NS5A:24K+28V+92T,AL_1b
NS5A:24M+30R+81M:AL_1a,K24M+Q30R+R81M,NS5A:24M+30R+81M,AL_1a
NS5A:24N:AL_1a,K24N,NS5A:24N,AL_1a
NS5A:24Q+28T+31M:AL_1a,K24Q+M28T+L31M,NS5A:24Q+28T+31M,AL_1a
NS5A:24Q+93H:AL_1a,K24Q+Y93H,NS5A:24Q+93H,AL_1a
NS5A:24R+30G:AL_7a,K24R+S30G,NS5A:24R+30G,AL_7a
NS5A:24R+30K:AL_1a,K24R+Q30K,NS5A:24R+30K,AL_1a
NS5A:24R+30Q+31M+37L+93H:AL_1b,Q24R+R30Q+L31M+F/L37L+Y93H,NS5A:24R+30Q+31M+37L+93H,AL_1b
NS5A:24R+30R:AL_1a,K24R+Q30R,NS5A:24R+30R,AL_1a
NS5A:24R+31F:AL_7a,K24R+L31F,NS5A:24R+31F,AL_7a
NS5A:24R+93H:AL_1a,K24R+Y93H,NS5A:24R+93H,AL_1a
NS5A:24R:AL_1a,K24R,NS5A:24R,AL_1a
NS5A:24S+28G:AL_2a,T24S+F28G,NS5A:24S+28G,AL_2a
NS5A:24S+31M:AL_2a,T24S+L/M31M,NS5A:24S+31M,AL_2a
NS5A:24S+31M:AL_2d,S24S+L31M,NS5A:24S+31M,AL_2d
NS5A:24S+31M:AL_2i,S24S+M31M,NS5A:24S+31M,AL_2i
NS5A:24S+31M:AL_2j,S24S+M31M,NS5A:24S+31M,AL_2j
NS5A:24S+92S:AL_2b,S24S+C92S,NS5A:24S+92S,AL_2b
NS5A:24S:AL_2a,T24S,NS5A:24S,AL_2a
NS5A:24T+28T+30R:AL_1a,K24T+M28T+Q30R,NS5A:24T+28T+30R,AL_1a
NS5A:24T+93H:AL_2b,S24T+Y93H,NS5A:24T+93H,AL_2b
NS5A:28A+30H:AL_1a,M28A+Q30H,NS5A:28A+30H,AL_1a
NS5A:28A+30K:AL_1a,M28A+Q30K,NS5A:28A+30K,AL_1a
NS5A:28A+30R:AL_1a,M28A+Q30R,NS5A:28A+30R,AL_1a
NS5A:28A+30S:AL_6a,F/L28A+R30S,NS5A:28A+30S,AL_6a
NS5A:28A+58D:AL_1a,M28A+H58D,NS5A:28A+58D,AL_1a
NS5A:28A:AL_1a,M28A,NS5A:28A,AL_1a
NS5A:28A:AL_6a,F/L28A,NS5A:28A,AL_6a
NS5A:28C+31M:AL_2a,F28C+L/M31M,NS5A:28C+31M,AL_2a
NS5A:28C:AL_2a,F28C,NS5A:28C,AL_2a
NS5A:28F+31M:AL_2b,L28F+L/M31M,NS5A:28F+31M,AL_2b
NS5A:28F:AL_2,F/L28F,NS5A:28F,AL_2
NS5A:28F:AL_2b,L28F,NS5A:28F,AL_2b
NS5A:28F:AL_6a,F/L28F,NS5A:28F,AL_6a
NS5A:28G:AL_1a,M28G,NS5A:28G,AL_1a
NS5A:28G:AL_3,M28G,NS5A:28G,AL_3
NS5A:28I+30Q:AL_1b,L28I+R30Q,NS5A:28I+30Q,AL_1b
NS5A:28I+30R+31M:AL_4r,M/V28I+R30R+L/M31M,NS5A:28I+30R+31M,AL_4r
NS5A:28I+30R+31V:AL_4r,M/V28I+R30R+L/M31V,NS5A:28I+30R+31V,AL_4r
NS5A:28I:AL_1a,M28I,NS5A:28I,AL_1a
NS5A:28I:AL_1b,L28I,NS5A:28I,AL_1b
NS5A:28I:AL_5a,L28I,NS5A:28I,AL_5a
NS5A:28K:AL_3a,M28K,NS5A:28K,AL_3a
NS5A:28L+30H:AL_4a,L/M28L+L30H,NS5A:28L+30H,AL_4a
NS5A:28L+31M+92S:AL_2b,L28L+L/M31M+C92S,NS5A:28L+31M+92S,AL_2b
NS5A:28L+31M:AL_2b,L28L+L/M31M,NS5A:28L+31M,AL_2b
NS5A:28L+93H:AL_2b,L28L+Y93H,NS5A:28L+93H,AL_2b
NS5A:28L:AL_2b,L28L,NS5A:28L,AL_2b
NS5A:28M+30H:AL_4g,L28M+L/R30H,NS5A:28M+30H,AL_4g
NS5A:28M+30Q+31M:AL_1l,M28M+Q/R30Q+M31M,NS5A:28M+30Q+31M,AL_1l
NS5A:28M+30Q+92K:AL_1b,L28M+R30Q+A92K,NS5A:28M+30Q+92K,AL_1b
NS5A:28M+30Q+93H:AL_1b,L28M+R30Q+Y93H,NS5A:28M+30Q+93H,AL_1b
NS5A:28M+30Q:AL_1b,L28M+R30Q,NS5A:28M+30Q,AL_1b
NS5A:28M+30R+31L+93H:AL_4r,M/V28M+R30R+L/M31L+Y93H,NS5A:28M+30R+31L+93H,AL_4r
NS5A:28M+30R+31L:AL_4r,M/V28M+R30R+L/M31L,NS5A:28M+30R+31L,AL_4r
NS5A:28M+30R+31M:AL_1l,M28M+Q/R30R+M31M,NS5A:28M+30R+31M,AL_1l
NS5A:28M+30R+31M:AL_4r,M/V28M+R30R+L/M31M,NS5A:28M+30R+31M,AL_4r
NS5A:28M+31F:AL_1b,L28M+L31F,NS5A:28M+31F,AL_1b
NS5A:28M+32del:AL_1b,L28M+32del,NS5A:28M+32del,AL_1b
NS5A:28M+37L+58R:AL_1b,L28M+F/L37L+P58R,NS5A:28M+37L+58R,AL_1b
NS5A:28M+58Y:AL_4a,L/M28M+P58Y,NS5A:28M+58Y,AL_4a
NS5A:28M+93H:AL_1b,L28M+Y93H,NS5A:28M+93H,AL_1b
NS5A:28M+93H:AL_4a,L/M28M+Y93H,NS5A:28M+93H,AL_4a
NS5A:28M+93N:AL_1b,L28M+Y93N,NS5A:28M+93N,AL_1b
NS5A:28M:AL_1b,L28M,NS5A:28M,AL_1b
NS5A:28M:AL_4,L/M28M,NS5A:28M,AL_4
NS5A:28M:AL_6a,F/L28M,NS5A:28M,AL_6a
NS5A:28S+31I:AL_2a,F28S+L/M31I,NS5A:28S+31I,AL_2a
NS5A:28S+31I:AL_4,L/M28S+M31I,NS5A:28S+31I,AL_4
NS5A:28S+31I:AL_4d,L28S+M31I,NS5A:28S+31I,AL_4d
NS5A:28S+31M:AL_2a,F28S+L/M31M,NS5A:28S+31M,AL_2a
NS5A:28S+93H:AL_2a,F28S+Y93H,NS5A:28S+93H,AL_2a
NS5A:28S:AL_1a,M28S,NS5A:28S,AL_1a
NS5A:28S:AL_2a,F28S,NS5A:28S,AL_2a
NS5A:28S:AL_4,L/M28S,NS5A:28S,AL_4
NS5A:28S:AL_4d,L28S,NS5A:28S,AL_4d
NS5A:28S:AL_6a,F/L28S,NS5A:28S,AL_6a
NS5A:28T+30H+31V:AL_1a,M28T+Q30H+L31V,NS5A:28T+30H+31V,AL_1a
NS5A:28T+30H+58D:AL_1a,M28T+Q30H+H58D,NS5A:28T+30H+58D,AL_1a
NS5A:28T+30H+93H:AL_1a,M28T+Q30H+Y93H,NS5A:28T+30H+93H,AL_1a
NS5A:28T+30H:AL_1a,M28T+Q30H,NS5A:28T+30H,AL_1a
NS5A:28T+30H:AL_4r,M/V28T+R30H,NS5A:28T+30H,AL_4r
NS5A:28T+30R+31M:AL_1a,M28T+Q30R+L31M,NS5A:28T+30R+31M,AL_1a
NS5A:28T+30R+31V+93H:AL_1a,M28T+Q30R+L31V+Y93H,NS5A:28T+30R+31V+93H,AL_1a
NS5A:28T+30R+31V:AL_1a,M28T+Q30R+L31V,NS5A:28T+30R+31V,AL_1a
NS5A:28T+30R:AL_1a,M28T+Q30R,NS5A:28T+30R,AL_1a
NS5A:28T+30S:AL_6a,F/L28T+R30S,NS5A:28T+30S,AL_6a
NS5A:28T+31I:AL_6a,F/L28T+L31I,NS5A:28T+31I,AL_6a
NS5A:28T+58P:AL_1a,M28T+H58P,NS5A:28T+58P,AL_1a
NS5A:28T+68R:AL_1a,M28T+K68R,NS5A:28T+68R,AL_1a
NS5A:28T+93C:AL_1a,M28T+Y93C,NS5A:28T+93C,AL_1a
NS5A:28T+93H:AL_1b,L28T+Y93H,NS5A:28T+93H,AL_1b
NS5A:28T+93S:AL_1a,M28T+Y93S,NS5A:28T+93S,AL_1a
NS5A:28T:AL_1a,M28T,NS5A:28T,AL_1a
NS5A:28T:AL_1b,L28T,NS5A:28T,AL_1b
NS5A:28T:AL_3a,M28T,NS5A:28T,AL_3a
NS5A:28T:AL_4a,L/M28T,NS5A:28T,AL_4a
NS5A:28T:AL_6a,F/L28T,NS5A:28T,AL_6a
NS5A:28V+30H+31V:AL_1a,M28V+Q30H+L31V,NS5A:28V+30H+31V,AL_1a
NS5A:28V+30K:AL_1a,M28V+Q30K,NS5A:28V+30K,AL_1a
NS5A:28V+30Q:AL_1b,L28V+R30Q,NS5A:28V+30Q,AL_1b
NS5A:28V+30Q:AL_4,L/M28V+L/R30Q,NS5A:28V+30Q,AL_4
NS5A:28V+30R+31M+93H:AL_4r,M/V28V+R30R+L/M31M+Y93H,NS5A:28V+30R+31M+93H,AL_4r
NS5A:28V+30R+31M:AL_1a,M28V+Q30R+L31M,NS5A:28V+30R+31M,AL_1a
NS5A:28V+30R+31M:AL_4r,M/V28V+R30R+L/M31M,NS5A:28V+30R+31M,AL_4r
NS5A:28V+30R+31V:AL_4r,M/V28V+R30R+L/M31V,NS5A:28V+30R+31V,AL_4r
NS5A:28V+30R:AL_1a,M28V+Q30R,NS5A:28V+30R,AL_1a
NS5A:28V+30R:AL_4r,M/V28V+R30R,NS5A:28V+30R,AL_4r
NS5A:28V+30S+31M:AL_4r,M/V28V+R30S+L/M31M,NS5A:28V+30S+31M,AL_4r
NS5A:28V+30S+93S:AL_6a,F/L28V+R30S+T93S,NS5A:28V+30S+93S,AL_6a
NS5A:28V+30S:AL_6a,F/L28V+R30S,NS5A:28V+30S,AL_6a
NS5A:28V+30T:AL_6a,F/L28V+R30T,NS5A:28V+30T,AL_6a
NS5A:28V+31F:AL_1b,L28V+L31F,NS5A:28V+31F,AL_1b
NS5A:28V+58S:AL_4d,L28V+P/T58S,NS5A:28V+58S,AL_4d
NS5A:28V+93H:AL_3a,M28V+Y93H,NS5A:28V+93H,AL_3a
NS5A:28V:AL_1a,M28V,NS5A:28V,AL_1a
NS5A:28V:AL_1b,L28V,NS5A:28V,AL_1b
NS5A:28V:AL_4,L/M28V,NS5A:28V,AL_4
NS5A:28V:AL_4a,L/M28V,NS5A:28V,AL_4a
NS5A:28V:AL_4d,L28V,NS5A:28V,AL_4d
NS5A:28V:AL_6a,F/L28V,NS5A:28V,AL_6a
NS5A:29del:AL_1b,29del,NS5A:29del,AL_1b
NS5A:29R:AL_1a,P29R,NS5A:29R,AL_1a
NS5A:29S+30G:AL_2a,P29S+K30G,NS5A:29S+30G,AL_2a
NS5A:29S:AL_1b,P29S,NS5A:29S,AL_1b
NS5A:30A:AL_4a,L30A,NS5A:30A,AL_4a
NS5A:30D+93N:AL_1a,Q30D+Y93N,NS5A:30D+93N,AL_1a
NS5A:30D:AL_1a,Q30D,NS5A:30D,AL_1a
NS5A:30del+32L:AL_1b,30del+P32L,NS5A:30del+32L,AL_1b
NS5A:30del:AL_1a,30del,NS5A:30del,AL_1a
NS5A:30E+62Q:AL_1a,Q30E+E62Q,NS5A:30E+62Q,AL_1a
NS5A:30E+92R:AL_2a,K30E+C92R,NS5A:30E+92R,AL_2a
NS5A:30E+93C:AL_1a,Q30E+Y93C,NS5A:30E+93C,AL_1a
NS5A:30E+93H:AL_1a,Q30E+Y93H,NS5A:30E+93H,AL_1a
NS5A:30E+93N:AL_1b,R30E+Y93N,NS5A:30E+93N,AL_1b
NS5A:30E:AL_1a,Q30E,NS5A:30E,AL_1a
NS5A:30E:AL_1b,R30E,NS5A:30E,AL_1b
NS5A:30F:AL_4,L/R30F,NS5A:30F,AL_4
NS5A:30G+31I:AL_1b,R30G+L31I,NS5A:30G+31I,AL_1b
NS5A:30G+93H:AL_3,A30G+Y93H,NS5A:30G+93H,AL_3
NS5A:30G:AL_1a,Q30G,NS5A:30G,AL_1a
NS5A:30G:AL_1b,R30G,NS5A:30G,AL_1b
NS5A:30G:AL_3,A30G,NS5A:30G,AL_3
NS5A:30G:AL_4a,L30G,NS5A:30G,AL_4a
NS5A:30G:AL_7a,S30G,NS5A:30G,AL_7a
NS5A:30H+31M:AL_1a,Q30H+L31M,NS5A:30H+31M,AL_1a
NS5A:30H+31M:AL_1b,R30H+L31M,NS5A:30H+31M,AL_1b
NS5A:30H+31V:AL_1a,Q30H+L31V,NS5A:30H+31V,AL_1a
NS5A:30H+68R:AL_1a,Q30H+K68R,NS5A:30H+68R,AL_1a
NS5A:30H+93H:AL_1a,Q30H+Y93H,NS5A:30H+93H,AL_1a
NS5A:30H+93H:AL_1b,R30H+Y93H,NS5A:30H+93H,AL_1b
NS5A:30H:AL_1a,Q30H,NS5A:30H,AL_1a
NS5A:30H:AL_1b,R30H,NS5A:30H,AL_1b
NS5A:30H:AL_4a,L30H,NS5A:30H,AL_4a
NS5A:30H:AL_6a,R30H,NS5A:30H,AL_6a
NS5A:30I+93R:AL_4a,L30I+Y93R,NS5A:30I+93R,AL_4a
NS5A:30K+31M+93H:AL_3a,A30K+L31M+Y93H,NS5A:30K+31M+93H,AL_3a
NS5A:30K+31M:AL_3a,A30K+L31M,NS5A:30K+31M,AL_3a
NS5A:30K+58D:AL_1a,Q30K+H58D,NS5A:30K+58D,AL_1a
NS5A:30K+58S:AL_3,A30K+P58S,NS5A:30K+58S,AL_3
NS5A:30K+93H:AL_3,A30K+Y93H,NS5A:30K+93H,AL_3
NS5A:30K+93H:AL_3a,A30K+Y93H,NS5A:30K+93H,AL_3a
NS5A:30K:AL_1a,Q30K,NS5A:30K,AL_1a
NS5A:30K:AL_3,A30K,NS5A:30K,AL_3
NS5A:30K:AL_3a,A30K,NS5A:30K,AL_3a
NS5A:30L+31M+93H:AL_1a,Q30L+L31M+Y93H,NS5A:30L+31M+93H,AL_1a
NS5A:30L+93H:AL_1a,Q30L+Y93H,NS5A:30L+93H,AL_1a
NS5A:30L+93S:AL_1a,Q30L+Y93S,NS5A:30L+93S,AL_1a
NS5A:30L:AL_1a,Q30L,NS5A:30L,AL_1a
NS5A:30L:AL_1b,R30L,NS5A:30L,AL_1b
NS5A:30L:AL_3,A30L,NS5A:30L,AL_3
NS5A:30Q+31F:AL_1b,R30Q+L31F,NS5A:30Q+31F,AL_1b
NS5A:30Q+31M+93H:AL_1b,R30Q+L31M+Y93H,NS5A:30Q+31M+93H,AL_1b
NS5A:30Q+31M:AL_1b,R30Q+L31M,NS5A:30Q+31M,AL_1b
NS5A:30Q+54H+93H:AL_1b,R30Q+H/Q54H+Y93H,NS5A:30Q+54H+93H,AL_1b
NS5A:30Q+92R:AL_2a,K30Q+C92R,NS5A:30Q+92R,AL_2a
NS5A:30Q+93H:AL_1b,R30Q+Y93H,NS5A:30Q+93H,AL_1b
NS5A:30Q:AL_1b,R30Q,NS5A:30Q,AL_1b
NS5A:30R+31M+58D:AL_1a,Q30R+L31M+H58D,NS5A:30R+31M+58D,AL_1a
NS5A:30R+31M+93C:AL_1a,Q30R+L31M+Y93C,NS5A:30R+31M+93C,AL_1a
NS5A:30R+31M:AL_1a,Q30R+L31M,NS5A:30R+31M,AL_1a
NS5A:30R+31M:AL_1b,R30R+L31M,NS5A:30R+31M,AL_1b
NS5A:30R+31M:AL_1c,Q30R+L31M,NS5A:30R+31M,AL_1c
NS5A:30R+31M:AL_1h,R30R+L31M,NS5A:30R+31M,AL_1h
NS5A:30R+31P:AL_1a,Q30R+L31P,NS5A:30R+31P,AL_1a
NS5A:30R+31V:AL_1a,Q30R+L31V,NS5A:30R+31V,AL_1a
NS5A:30R+58C:AL_1a,Q30R+H58C,NS5A:30R+58C,AL_1a
NS5A:30R+58D:AL_1a,Q30R+H58D,NS5A:30R+58D,AL_1a
NS5A:30R+58D:AL_1b,R30R+P58D,NS5A:30R+58D,AL_1b
NS5A:30R+62D:AL_1a,Q30R+E62D,NS5A:30R+62D,AL_1a
NS5A:30R+75A:AL_1a,Q30R+V75A,NS5A:30R+75A,AL_1a
NS5A:30R+93C:AL_1a,Q30R+Y93C,NS5A:30R+93C,AL_1a
NS5A:30R+93H:AL_1a,Q30R+Y93H,NS5A:30R+93H,AL_1a
NS5A:30R+93H:AL_1b,R30R+Y93H,NS5A:30R+93H,AL_1b
NS5A:30R+93N:AL_1a,Q30R+Y93N,NS5A:30R+93N,AL_1a
NS5A:30R:AL_1a,Q30R,NS5A:30R,AL_1a
NS5A:30R:AL_4a,L30R,NS5A:30R,AL_4a
NS5A:30S+31I+93H:AL_3,A30S+L31I+Y93H,NS5A:30S+31I+93H,AL_3
NS5A:30S:AL_1b,R30S,NS5A:30S,AL_1b
NS5A:30S:AL_3,A30S,NS5A:30S,AL_3
NS5A:30S:AL_4,L/R30S,NS5A:30S,AL_4
NS5A:30S:AL_4a,L30S,NS5A:30S,AL_4a
NS5A:30S:AL_4r,R30S,NS5A:30S,AL_4r
NS5A:30T+93H:AL_3a,A30T+Y93H,NS5A:30T+93H,AL_3a
NS5A:30T:AL_1a,Q30T,NS5A:30T,AL_1a
NS5A:30V+93H:AL_3a,A30V+Y93H,NS5A:30V+93H,AL_3a
NS5A:30W:AL_1b,R30W,NS5A:30W,AL_1b
NS5A:30Y+93H:AL_1a,Q30Y+Y93H,NS5A:30Y+93H,AL_1a
NS5A:30Y:AL_1a,Q30Y,NS5A:30Y,AL_1a
NS5A:31F+129H:AL_5a,L31F+Y129H,NS5A:31F+129H,AL_5a
NS5A:31F+32del:AL_1b,L31F+32del,NS5A:31F+32del,AL_1b
NS5A:31F+56R:AL_5a,L31F+K56R,NS5A:31F+56R,AL_5a
NS5A:31F+58L:AL_1b,L31F+P58L,NS5A:31F+58L,AL_1b
NS5A:31F+92E:AL_1b,L31F+A92E,NS5A:31F+92E,AL_1b
NS5A:31F+93H:AL_1b,L31F+Y93H,NS5A:31F+93H,AL_1b
NS5A:31F+93H:AL_3a,L31F+Y93H,NS5A:31F+93H,AL_3a
NS5A:31F:AL_1a,L31F,NS5A:31F,AL_1a
NS5A:31F:AL_1b,L31F,NS5A:31F,AL_1b
NS5A:31F:AL_3,L31F,NS5A:31F,AL_3
NS5A:31F:AL_3a,L31F,NS5A:31F,AL_3a
NS5A:31F:AL_5a,L31F,NS5A:31F,AL_5a
NS5A:31F:AL_7a,L31F,NS5A:31F,AL_7a
NS5A:31I+54H+92K:AL_1b,L31I+H/Q54H+A92K,NS5A:31I+54H+92K,AL_1b
NS5A:31I+54H+92T:AL_1b,L31I+H/Q54H+A92T,NS5A:31I+54H+92T,AL_1b
NS5A:31I+92K:AL_1b,L31I+A92K,NS5A:31I+92K,AL_1b
NS5A:31I+93H:AL_1b,L31I+Y93H,NS5A:31I+93H,AL_1b
NS5A:31I+93H:AL_3a,L31I+Y93H,NS5A:31I+93H,AL_3a
NS5A:31I:AL_1a,L31I,NS5A:31I,AL_1a
NS5A:31I:AL_1b,L31I,NS5A:31I,AL_1b
NS5A:31I:AL_4d,M31I,NS5A:31I,AL_4d
NS5A:31I:AL_6a,L31I,NS5A:31I,AL_6a
NS5A:31M+30R:AL_1a,L31M+Q30R,NS5A:31M+30R,AL_1a
NS5A:31M+37M+93H:AL_1a,L31M+V37M+Y93H,NS5A:31M+37M+93H,AL_1a
NS5A:31M+54H+62E:AL_1b,L31M+H/Q54H+Q62E,NS5A:31M+54H+62E,AL_1b
NS5A:31M+54H+93H:AL_1b,L31M+H/Q54H+Y93H,NS5A:31M+54H+93H,AL_1b
NS5A:31M+54H:AL_1b,L31M+H/Q54H,NS5A:31M+54H,AL_1b
NS5A:31M+58D:AL_1a,L31M+H58D,NS5A:31M+58D,AL_1a
NS5A:31M+93C:AL_1a,L31M+Y93C,NS5A:31M+93C,AL_1a
NS5A:31M+93C:AL_1b,L31M+Y93C,NS5A:31M+93C,AL_1b
NS5A:31M+93H:AL_1a,L31M+Y93H,NS5A:31M+93H,AL_1a
NS5A:31M+93H:AL_1b,L31M+Y93H,NS5A:31M+93H,AL_1b
NS5A:31M:AL_1a,L31M,NS5A:31M,AL_1a
NS5A:31M:AL_1b,L31M,NS5A:31M,AL_1b
NS5A:31M:AL_2,L/M31M,NS5A:31M,AL_2
NS5A:31M:AL_2a,L/M31M,NS5A:31M,AL_2a
NS5A:31M:AL_2b,L/M31M,NS5A:31M,AL_2b
NS5A:31M:AL_3,L31M,NS5A:31M,AL_3
NS5A:31M:AL_3a,L31M,NS5A:31M,AL_3a
NS5A:31M:AL_6a,L31M,NS5A:31M,AL_6a
NS5A:31P:AL_1a,L31P,NS5A:31P,AL_1a
NS5A:31V+37L+93H:AL_1b,L31V+F/L37L+Y93H,NS5A:31V+37L+93H,AL_1b
NS5A:31V+54H+58S+93H:AL_1b,L31V+H/Q54H+P58S+Y93H,NS5A:31V+54H+58S+93H,AL_1b
NS5A:31V+54H+93H:AL_1b,L31V+H/Q54H+Y93H,NS5A:31V+54H+93H,AL_1b
NS5A:31V+56R:AL_5a,L31V+K56R,NS5A:31V+56R,AL_5a
NS5A:31V+58S:AL_1b,L31V+P58S,NS5A:31V+58S,AL_1b
NS5A:31V+93H:AL_1a,L31V+Y93H,NS5A:31V+93H,AL_1a
NS5A:31V+93H:AL_1b,L31V+Y93H,NS5A:31V+93H,AL_1b
NS5A:31V+93H:AL_4d,M31V+Y93H,NS5A:31V+93H,AL_4d
NS5A:31V+93N:AL_1a,L31V+Y93N,NS5A:31V+93N,AL_1a
NS5A:31V:AL_1a,L31V,NS5A:31V,AL_1a
NS5A:31V:AL_1b,L31V,NS5A:31V,AL_1b
NS5A:31V:AL_2a,L/M31V,NS5A:31V,AL_2a
NS5A:31V:AL_2b,L/M31V,NS5A:31V,AL_2b
NS5A:31V:AL_3a,L31V,NS5A:31V,AL_3a
NS5A:31V:AL_4,M31V,NS5A:31V,AL_4
NS5A:31V:AL_4a,M31V,NS5A:31V,AL_4a
NS5A:31V:AL_5a,L31V,NS5A:31V,AL_5a
NS5A:31V:AL_6a,L31V,NS5A:31V,AL_6a
NS5A:32del:AL_1a,32del,NS5A:32del,AL_1a
NS5A:32del:AL_1b,32del,NS5A:32del,AL_1b
NS5A:32L:AL_1a,P32L,NS5A:32L,AL_1a
NS5A:32L:AL_1b,P32L,NS5A:32L,AL_1b
NS5A:32L:AL_6a,P32L,NS5A:32L,AL_6a
NS5A:32S:AL_6a,P32S,NS5A:32S,AL_6a
NS5A:37I:AL_1b,F/L37I,NS5A:37I,AL_1b
NS5A:37L+54H:AL_1b,F/L37L+H/Q54H,NS5A:37L+54H,AL_1b
NS5A:37L+54L+92T:AL_1b,F/L37L+H/Q54L+A92T,NS5A:37L+54L+92T,AL_1b
NS5A:37L+54Y:AL_1b,F/L37L+H/Q54Y,NS5A:37L+54Y,AL_1b
NS5A:37L+93H:AL_1b,F/L37L+Y93H,NS5A:37L+93H,AL_1b
NS5A:37L:AL_1b,F/L37L,NS5A:37L,AL_1b
NS5A:37Y+54H:AL_1b,F/L37Y+H/Q54H,NS5A:37Y+54H,AL_1b
NS5A:38F+93H:AL_1a,S38F+Y93H,NS5A:38F+93H,AL_1a
NS5A:38F:AL_1a,S38F,NS5A:38F,AL_1a
NS5A:54H+58A+62E+93H:AL_1b,H/Q54H+P58A+Q62E+Y93H,NS5A:54H+58A+62E+93H,AL_1b
NS5A:54H+93H:AL_1b,H/Q54H+Y93H,NS5A:54H+93H,AL_1b
NS5A:54L:AL_1b,H/Q54L,NS5A:54L,AL_1b
NS5A:56R:AL_5a,K56R,NS5A:56R,AL_5a
NS5A:58A+93H:AL_1b,P58A+Y93H,NS5A:58A+93H,AL_1b
NS5A:58A:AL_6a,T58A,NS5A:58A,AL_6a
NS5A:58D+30R:AL_1a,H58D+Q30R,NS5A:58D+30R,AL_1a
NS5A:58D+93C:AL_1a,H58D+Y93C,NS5A:58D+93C,AL_1a
NS5A:58D+93H:AL_1a,H58D+Y93H,NS5A:58D+93H,AL_1a
NS5A:58D:AL_1a,H58D,NS5A:58D,AL_1a
NS5A:58D:AL_1b,P58D,NS5A:58D,AL_1b
NS5A:58D:AL_4a,P58D,NS5A:58D,AL_4a
NS5A:58L+93H:AL_1b,P58L+Y93H,NS5A:58L+93H,AL_1b
NS5A:58L:AL_4a,P58L,NS5A:58L,AL_4a
NS5A:58N:AL_6a,T58N,NS5A:58N,AL_6a
NS5A:58P:AL_4,P58P,NS5A:58P,AL_4
NS5A:58P:AL_4d,P/T58P,NS5A:58P,AL_4d
NS5A:58Q+93N:AL_1b,P58Q+Y93N,NS5A:58Q+93N,AL_1b
NS5A:58S+62T+93H:AL_3,P58S+S/T62T+Y93H,NS5A:58S+62T+93H,AL_3
NS5A:58S+93H:AL_1b,P58S+Y93H,NS5A:58S+93H,AL_1b
NS5A:58S+93H:AL_3a,P58S+Y93H,NS5A:58S+93H,AL_3a
NS5A:58S:AL_1b,P58S,NS5A:58S,AL_1b
NS5A:58S:AL_2b,P58S,NS5A:58S,AL_2b
NS5A:58S:AL_4d,P/T58S,NS5A:58S,AL_4d
NS5A:58S:AL_6a,T58S,NS5A:58S,AL_6a
NS5A:58T:AL_3,P58T,NS5A:58T,AL_3
NS5A:58T:AL_4d,P/T58T,NS5A:58T,AL_4d
NS5A:62A+93H:AL_3a,S/T62A+Y93H,NS5A:62A+93H,AL_3a
NS5A:62A:AL_1a,E62A,NS5A:62A,AL_1a
NS5A:62D+93H:AL_2a,N62D+Y93H,NS5A:62D+93H,AL_2a
NS5A:62L:AL_3a,S/T62L,NS5A:62L,AL_3a
NS5A:62T+93H:AL_3a,S/T62T+Y93H,NS5A:62T+93H,AL_3a
NS5A:8A+30H:AL_4a,V8A+L30H,NS5A:8A+30H,AL_4a
NS5A:8A+58L:AL_4a,V8A+P58L,NS5A:8A+58L,AL_4a
NS5A:92A+93H:AL_3a,E92A+Y93H,NS5A:92A+93H,AL_3a
NS5A:92E+93H:AL_1b,A92E+Y93H,NS5A:92E+93H,AL_1b
NS5A:92E:AL_1b,A92E,NS5A:92E,AL_1b
NS5A:92K:AL_1a,A92K,NS5A:92K,AL_1a
NS5A:92K:AL_1b,A92K,NS5A:92K,AL_1b
NS5A:92M+93H:AL_1b,A92M+Y93H,NS5A:92M+93H,AL_1b
NS5A:92R:AL_2a,C92R,NS5A:92R,AL_2a
NS5A:92R:AL_2b,C92R,NS5A:92R,AL_2b
NS5A:92S:AL_2a,C92S,NS5A:92S,AL_2a
NS5A:92T+93H:AL_1b,A92T+Y93H,NS5A:92T+93H,AL_1b
NS5A:92T:AL_1a,A92T,NS5A:92T,AL_1a
NS5A:92V+93H:AL_1b,A92V+Y93H,NS5A:92V+93H,AL_1b
NS5A:93C:AL_1a,Y93C,NS5A:93C,AL_1a
NS5A:93C:AL_1b,Y93C,NS5A:93C,AL_1b
NS5A:93C:AL_4,Y93C,NS5A:93C,AL_4
NS5A:93C:AL_4g,H/R/Y93C,NS5A:93C,AL_4g
NS5A:93F:AL_1a,Y93F,NS5A:93F,AL_1a
NS5A:93H+99A:AL_3a,Y93H+T99A,NS5A:93H+99A,AL_3a
NS5A:93H:AL_1a,Y93H,NS5A:93H,AL_1a
NS5A:93H:AL_1b,Y93H,NS5A:93H,AL_1b
NS5A:93H:AL_1c,H/N/Y93H,NS5A:93H,AL_1c
NS5A:93H:AL_1h,Y93H,NS5A:93H,AL_1h
NS5A:93H:AL_2a,Y93H,NS5A:93H,AL_2a
NS5A:93H:AL_2b,Y93H,NS5A:93H,AL_2b
NS5A:93H:AL_2d,Y93H,NS5A:93H,AL_2d
NS5A:93H:AL_2j,Y93H,NS5A:93H,AL_2j
NS5A:93H:AL_3,Y93H,NS5A:93H,AL_3
NS5A:93H:AL_3a,Y93H,NS5A:93H,AL_3a
NS5A:93H:AL_4,Y93H,NS5A:93H,AL_4
NS5A:93H:AL_4a,Y93H,NS5A:93H,AL_4a
NS5A:93H:AL_4d,Y93H,NS5A:93H,AL_4d
NS5A:93I:AL_6a,T93I,NS5A:93I,AL_6a
NS5A:93L:AL_1a,Y93L,NS5A:93L,AL_1a
NS5A:93N:AL_1a,Y93N,NS5A:93N,AL_1a
NS5A:93N:AL_1b,Y93N,NS5A:93N,AL_1b
NS5A:93N:AL_2a,Y93N,NS5A:93N,AL_2a
NS5A:93N:AL_4a,Y93N,NS5A:93N,AL_4a
NS5A:93R:AL_1a,Y93R,NS5A:93R,AL_1a
NS5A:93R:AL_4a,Y93R,NS5A:93R,AL_4a
NS5A:93S:AL_1a,Y93S,NS5A:93S,AL_1a
NS5A:93S:AL_1b,Y93S,NS5A:93S,AL_1b
NS5A:93S:AL_4a,Y93S,NS5A:93S,AL_4a
NS5A:93S:AL_6a,T93S,NS5A:93S,AL_6a
NS5A:93W:AL_1a,Y93W,NS5A:93W,AL_1a
NS5A:93W:AL_4a,Y93W,NS5A:93W,AL_4a
NS5B:100R+188D:AL_3a,K100R+G188D,NS5B:100R+188D,AL_3a
NS5B:100R:AL_3a,K100R,NS5B:100R,AL_3a
NS5B:150V+206E:AL_3a,A/T/V150V+E/K206E,NS5B:150V+206E,AL_3a
NS5B:150V:AL_3a,A/T/V150V,NS5B:150V,AL_3a
NS5B:159F+282T+320F:AL_1b,F/L159F+S282T+L320F,NS5B:159F+282T+320F,AL_1b
NS5B:159F+282T:AL_1a,L159F+S282T,NS5B:159F+282T,AL_1a
NS5B:159F+282T:AL_1b,F/L159F+S282T,NS5B:159F+282T,AL_1b
NS5B:159F+316H:AL_1b,F/L159F+C/N316H,NS5B:159F+316H,AL_1b
NS5B:159F+316N:AL_1b,F/L159F+C/N316N,NS5B:159F+316N,AL_1b
NS5B:159F+316N:AL_3,L159F+C316N,NS5B:159F+316N,AL_3
NS5B:159F+320F:AL_1a,L159F+L320F,NS5B:159F+320F,AL_1a
NS5B:159F+320F:AL_1b,F/L159F+L320F,NS5B:159F+320F,AL_1b
NS5B:159F+321A:AL_1b,F/L159F+V321A,NS5B:159F+321A,AL_1b
NS5B:159F:AL_1,L159F,NS5B:159F,AL_1
NS5B:159F:AL_1a,L159F,NS5B:159F,AL_1a
NS5B:159F:AL_1b,F/L159F,NS5B:159F,AL_1b
NS5B:159F:AL_2,L159F,NS5B:159F,AL_2
NS5B:159F:AL_3,L159F,NS5B:159F,AL_3
NS5B:159F:AL_3a,L159F,NS5B:159F,AL_3a
NS5B:179A+282T+289L+293L+434T:AL_2a,T179A+S282T+M289L+I293L+M434T,NS5B:179A+282T+289L+293L+434T,AL_2a
NS5B:179A+282T+289L+293L+479P:AL_2a,T179A+S282T+M289L+I293L+P479P,NS5B:179A+282T+289L+293L+479P,AL_2a
NS5B:179A+282T+289L+293L:AL_2a,T179A+S282T+M289L+I293L,NS5B:179A+282T+289L+293L,AL_2a
NS5B:179A+282T+289L+479P:AL_2a,T179A+S282T+M289L+P479P,NS5B:179A+282T+289L+479P,AL_2a
NS5B:179A+282T+293L+479P:AL_2a,T179A+S282T+I293L+P479P,NS5B:179A+282T+293L+479P,AL_2a
NS5B:179A+282T+293L:AL_2a,T179A+S282T+I293L,NS5B:179A+282T+293L,AL_2a
NS5B:179A:AL_1b,V179A,NS5B:179A,AL_1b
NS5B:188D:AL_3a,G188D,NS5B:188D,AL_3a
NS5B:206E:AL_3a,E/K206E,NS5B:206E,AL_3a
NS5B:237G:AL_1a,E237G,NS5B:237G,AL_1a
NS5B:244I:AL_3a,D/N244I,NS5B:244I,AL_3a
NS5B:282T+159F:AL_1a,S282T+L159F,NS5B:282T+159F,AL_1a
NS5B:282T+289L+293L+434T:AL_2a,S282T+M289L+I293L+M434T,NS5B:282T+289L+293L+434T,AL_2a
NS5B:282T+289L+293L+479P:AL_2a,S282T+M289L+I293L+P479P,NS5B:282T+289L+293L+479P,AL_2a
NS5B:282T+289L+479P:AL_2a,S282T+M289L+P479P,NS5B:282T+289L+479P,AL_2a
NS5B:282T+289L:AL_1b,S282T+C289L,NS5B:282T+289L,AL_1b
NS5B:282T+289L:AL_2a,S282T+M289L,NS5B:282T+289L,AL_2a
NS5B:282T+320F:AL_1a,S282T+L320F,NS5B:282T+320F,AL_1a
NS5B:282T+320F:AL_1b,S282T+L320F,NS5B:282T+320F,AL_1b
NS5B:282T+321I:AL_4,S282T+V321I,NS5B:282T+321I,AL_4
NS5B:282T:AL_1a,S282T,NS5B:282T,AL_1a
NS5B:282T:AL_1b,S282T,NS5B:282T,AL_1b
NS5B:282T:AL_2a,S282T,NS5B:282T,AL_2a
NS5B:282T:AL_2b,S282T,NS5B:282T,AL_2b
NS5B:282T:AL_2d,S282T,NS5B:282T,AL_2d
NS5B:282T:AL_2j,S282T,NS5B:282T,AL_2j
NS5B:282T:AL_3,S282T,NS5B:282T,AL_3
NS5B:282T:AL_3a,S282T,NS5B:282T,AL_3a
NS5B:282T:AL_4,S282T,NS5B:282T,AL_4
NS5B:282T:AL_4a,S282T,NS5B:282T,AL_4a
NS5B:282T:AL_4r,S282T,NS5B:282T,AL_4r
NS5B:282T:AL_6a,S282T,NS5B:282T,AL_6a
NS5B:282T:AL_6l,S282T,NS5B:282T,AL_6l
NS5B:289I:AL_3,F289I,NS5B:289I,AL_3
NS5B:289L:AL_1b,C289L,NS5B:289L,AL_1b
NS5B:289L:AL_2a,M289L,NS5B:289L,AL_2a
NS5B:316H+321I:AL_2,C316H+V321I,NS5B:316H+321I,AL_2
NS5B:316H:AL_1b,C/N316H,NS5B:316H,AL_1b
NS5B:316N+556G:AL_1b,C/N316N+G/S556G,NS5B:316N+556G,AL_1b
NS5B:316N:AL_1b,C/N316N,NS5B:316N,AL_1b
NS5B:316Y+556G:AL_1a,C316Y+S556G,NS5B:316Y+556G,AL_1a
NS5B:316Y:AL_1a,C316Y,NS5B:316Y,AL_1a
NS5B:316Y:AL_1b,C/N316Y,NS5B:316Y,AL_1b
NS5B:320F:AL_1a,L320F,NS5B:320F,AL_1a
NS5B:321A:AL_1a,V321A,NS5B:321A,AL_1a
NS5B:321A:AL_3,V321A,NS5B:321A,AL_3
NS5B:321A:AL_3a,V321A,NS5B:321A,AL_3a
NS5B:321I:AL_1b,V321I,NS5B:321I,AL_1b
NS5B:321I:AL_4r,I/V321I,NS5B:321I,AL_4r
NS5B:368T:AL_1b,S368T,NS5B:368T,AL_1b
NS5B:395G:AL_1a,A395G,NS5B:395G,AL_1a
NS5B:411S:AL_1b,N411S,NS5B:411S,AL_1b
NS5B:414I:AL_1a,M414I,NS5B:414I,AL_1a
NS5B:414T+556G:AL_1a,M414T+S556G,NS5B:414T+556G,AL_1a
NS5B:414T:AL_1a,M414T,NS5B:414T,AL_1a
NS5B:414T:AL_1b,M414T,NS5B:414T,AL_1b
NS5B:444K:AL_1a,D444K,NS5B:444K,AL_1a
NS5B:445F:AL_1b,C445F,NS5B:445F,AL_1b
NS5B:448C:AL_1a,Y448C,NS5B:448C,AL_1a
NS5B:448C:AL_1b,Y448C,NS5B:448C,AL_1b
NS5B:448H:AL_1a,Y448H,NS5B:448H,AL_1a
NS5B:448H:AL_1b,Y448H,NS5B:448H,AL_1b
NS5B:451S:AL_1b,C451S,NS5B:451S,AL_1b
NS5B:495A:AL_1b,P495A,NS5B:495A,AL_1b
NS5B:553T:AL_1a,A553T,NS5B:553T,AL_1a
NS5B:553V:AL_1b,A553V,NS5B:553V,AL_1b
NS5B:554S+556G:AL_1a,G554S+S556G,NS5B:554S+556G,AL_1a
NS5B:556G:AL_1a,S556G,NS5B:556G,AL_1a
NS5B:556G:AL_1b,G/S556G,NS5B:556G,AL_1b
NS5B:556N:AL_1a,S556N,NS5B:556N,AL_1a
NS5B:556R:AL_1a,S556R,NS5B:556R,AL_1a
NS5B:558R:AL_1a,G558R,NS5B:558R,AL_1a
NS5B:559G:AL_1a,D559G,NS5B:559G,AL_1a
NS5B:565F:AL_1a,S565F,NS5B:565F,AL_1a
NS5B:585V:AL_1b,I585V,NS5B:585V,AL_1b
