id,gene,structure,sort_key,aa_span,variation_feature_name,variation_name,variation_ref_seq_name
NS3:107I,NS3,107I,00107_I,1,NS3,phdr_ras:NS3:107I,REF_MASTER_NC_004102
NS3:109K,NS3,109K,00109_K,1,NS3,phdr_ras:NS3:109K,REF_MASTER_NC_004102
NS3:117L+156S,NS3,117L+156S,00117_00156_L_S,40,NS3,phdr_ras:NS3:117L+156S,REF_MASTER_NC_004102
NS3:122D,NS3,122D,00122_D,1,NS3,phdr_ras:NS3:122D,REF_MASTER_NC_004102
NS3:122G,NS3,122G,00122_G,1,NS3,phdr_ras:NS3:122G,REF_MASTER_NC_004102
NS3:122G+155K,NS3,122G+155K,00122_00155_G_K,34,NS3,phdr_ras:NS3:122G+155K,REF_MASTER_NC_004102
NS3:122G+155K+170V,NS3,122G+155K+170V,00122_00155_00170_G_K_V,49,NS3,phdr_ras:NS3:122G+155K+170V,REF_MASTER_NC_004102
NS3:122G+168A,NS3,122G+168A,00122_00168_G_A,47,NS3,phdr_ras:NS3:122G+168A,REF_MASTER_NC_004102
NS3:122N,NS3,122N,00122_N,1,NS3,phdr_ras:NS3:122N,REF_MASTER_NC_004102
NS3:122N+155G,NS3,122N+155G,00122_00155_N_G,34,NS3,phdr_ras:NS3:122N+155G,REF_MASTER_NC_004102
NS3:122N+168A,NS3,122N+168A,00122_00168_N_A,47,NS3,phdr_ras:NS3:122N+168A,REF_MASTER_NC_004102
NS3:122N+168N,NS3,122N+168N,00122_00168_N_N,47,NS3,phdr_ras:NS3:122N+168N,REF_MASTER_NC_004102
NS3:122N+168Y,NS3,122N+168Y,00122_00168_N_Y,47,NS3,phdr_ras:NS3:122N+168Y,REF_MASTER_NC_004102
NS3:122R,NS3,122R,00122_R,1,NS3,phdr_ras:NS3:122R,REF_MASTER_NC_004102
NS3:122R+155N+168E,NS3,122R+155N+168E,00122_00155_00168_R_N_E,47,NS3,phdr_ras:NS3:122R+155N+168E,REF_MASTER_NC_004102
NS3:122T,NS3,122T,00122_T,1,NS3,phdr_ras:NS3:122T,REF_MASTER_NC_004102
NS3:122T+170I,NS3,122T+170I,00122_00170_T_I,49,NS3,phdr_ras:NS3:122T+170I,REF_MASTER_NC_004102
NS3:123Q,NS3,123Q,00123_Q,1,NS3,phdr_ras:NS3:123Q,REF_MASTER_NC_004102
NS3:132I+170I,NS3,132I+170I,00132_00170_I_I,39,NS3,phdr_ras:NS3:132I+170I,REF_MASTER_NC_004102
NS3:132V,NS3,132V,00132_V,1,NS3,phdr_ras:NS3:132V,REF_MASTER_NC_004102
NS3:155C,NS3,155C,00155_C,1,NS3,phdr_ras:NS3:155C,REF_MASTER_NC_004102
NS3:155D,NS3,155D,00155_D,1,NS3,phdr_ras:NS3:155D,REF_MASTER_NC_004102
NS3:155G,NS3,155G,00155_G,1,NS3,phdr_ras:NS3:155G,REF_MASTER_NC_004102
NS3:155I,NS3,155I,00155_I,1,NS3,phdr_ras:NS3:155I,REF_MASTER_NC_004102
NS3:155K,NS3,155K,00155_K,1,NS3,phdr_ras:NS3:155K,REF_MASTER_NC_004102
NS3:155K+168A,NS3,155K+168A,00155_00168_K_A,14,NS3,phdr_ras:NS3:155K+168A,REF_MASTER_NC_004102
NS3:155K+168R,NS3,155K+168R,00155_00168_K_R,14,NS3,phdr_ras:NS3:155K+168R,REF_MASTER_NC_004102
NS3:155K+168V,NS3,155K+168V,00155_00168_K_V,14,NS3,phdr_ras:NS3:155K+168V,REF_MASTER_NC_004102
NS3:155Q,NS3,155Q,00155_Q,1,NS3,phdr_ras:NS3:155Q,REF_MASTER_NC_004102
NS3:155S,NS3,155S,00155_S,1,NS3,phdr_ras:NS3:155S,REF_MASTER_NC_004102
NS3:155T,NS3,155T,00155_T,1,NS3,phdr_ras:NS3:155T,REF_MASTER_NC_004102
NS3:155T+156V,NS3,155T+156V,00155_00156_T_V,2,NS3,phdr_ras:NS3:155T+156V,REF_MASTER_NC_004102
NS3:155T+168N,NS3,155T+168N,00155_00168_T_N,14,NS3,phdr_ras:NS3:155T+168N,REF_MASTER_NC_004102
NS3:155W,NS3,155W,00155_W,1,NS3,phdr_ras:NS3:155W,REF_MASTER_NC_004102
NS3:156G,NS3,156G,00156_G,1,NS3,phdr_ras:NS3:156G,REF_MASTER_NC_004102
NS3:156G+170I,NS3,156G+170I,00156_00170_G_I,15,NS3,phdr_ras:NS3:156G+170I,REF_MASTER_NC_004102
NS3:156L,NS3,156L,00156_L,1,NS3,phdr_ras:NS3:156L,REF_MASTER_NC_004102
NS3:156M,NS3,156M,00156_M,1,NS3,phdr_ras:NS3:156M,REF_MASTER_NC_004102
NS3:156M+168A+170I,NS3,156M+168A+170I,00156_00168_00170_M_A_I,15,NS3,phdr_ras:NS3:156M+168A+170I,REF_MASTER_NC_004102
NS3:156M+168G+170I,NS3,156M+168G+170I,00156_00168_00170_M_G_I,15,NS3,phdr_ras:NS3:156M+168G+170I,REF_MASTER_NC_004102
NS3:156S,NS3,156S,00156_S,1,NS3,phdr_ras:NS3:156S,REF_MASTER_NC_004102
NS3:156S+177V,NS3,156S+177V,00156_00177_S_V,22,NS3,phdr_ras:NS3:156S+177V,REF_MASTER_NC_004102
NS3:156T,NS3,156T,00156_T,1,NS3,phdr_ras:NS3:156T,REF_MASTER_NC_004102
NS3:156T+158A,NS3,156T+158A,00156_00158_T_A,3,NS3,phdr_ras:NS3:156T+158A,REF_MASTER_NC_004102
NS3:156T+168A+170I,NS3,156T+168A+170I,00156_00168_00170_T_A_I,15,NS3,phdr_ras:NS3:156T+168A+170I,REF_MASTER_NC_004102
NS3:156T+168G+170I,NS3,156T+168G+170I,00156_00168_00170_T_G_I,15,NS3,phdr_ras:NS3:156T+168G+170I,REF_MASTER_NC_004102
NS3:156T+168N,NS3,156T+168N,00156_00168_T_N,13,NS3,phdr_ras:NS3:156T+168N,REF_MASTER_NC_004102
NS3:156T+170I,NS3,156T+170I,00156_00170_T_I,15,NS3,phdr_ras:NS3:156T+170I,REF_MASTER_NC_004102
NS3:156V,NS3,156V,00156_V,1,NS3,phdr_ras:NS3:156V,REF_MASTER_NC_004102
NS3:156V+168A+170I,NS3,156V+168A+170I,00156_00168_00170_V_A_I,15,NS3,phdr_ras:NS3:156V+168A+170I,REF_MASTER_NC_004102
NS3:156V+168G+170I,NS3,156V+168G+170I,00156_00168_00170_V_G_I,15,NS3,phdr_ras:NS3:156V+168G+170I,REF_MASTER_NC_004102
NS3:156V+168V,NS3,156V+168V,00156_00168_V_V,13,NS3,phdr_ras:NS3:156V+168V,REF_MASTER_NC_004102
NS3:158A,NS3,158A,00158_A,1,NS3,phdr_ras:NS3:158A,REF_MASTER_NC_004102
NS3:158I,NS3,158I,00158_I,1,NS3,phdr_ras:NS3:158I,REF_MASTER_NC_004102
NS3:166S,NS3,166S,00166_S,1,NS3,phdr_ras:NS3:166S,REF_MASTER_NC_004102
NS3:166S+168R,NS3,166S+168R,00166_00168_S_R,3,NS3,phdr_ras:NS3:166S+168R,REF_MASTER_NC_004102
NS3:166T,NS3,166T,00166_T,1,NS3,phdr_ras:NS3:166T,REF_MASTER_NC_004102
NS3:168A,NS3,168A,00168_A,1,NS3,phdr_ras:NS3:168A,REF_MASTER_NC_004102
NS3:168A+122N,NS3,168A+122N,00168_00122_A_N,47,NS3,phdr_ras:NS3:168A+122N,REF_MASTER_NC_004102
NS3:168A+170T,NS3,168A+170T,00168_00170_A_T,3,NS3,phdr_ras:NS3:168A+170T,REF_MASTER_NC_004102
NS3:168C,NS3,168C,00168_C,1,NS3,phdr_ras:NS3:168C,REF_MASTER_NC_004102
NS3:168D,NS3,168D,00168_D,1,NS3,phdr_ras:NS3:168D,REF_MASTER_NC_004102
NS3:168E,NS3,168E,00168_E,1,NS3,phdr_ras:NS3:168E,REF_MASTER_NC_004102
NS3:168F,NS3,168F,00168_F,1,NS3,phdr_ras:NS3:168F,REF_MASTER_NC_004102
NS3:168G,NS3,168G,00168_G,1,NS3,phdr_ras:NS3:168G,REF_MASTER_NC_004102
NS3:168H,NS3,168H,00168_H,1,NS3,phdr_ras:NS3:168H,REF_MASTER_NC_004102
NS3:168H+179T,NS3,168H+179T,00168_00179_H_T,12,NS3,phdr_ras:NS3:168H+179T,REF_MASTER_NC_004102
NS3:168H+41R,NS3,168H+41R,00168_00041_H_R,128,NS3,phdr_ras:NS3:168H+41R,REF_MASTER_NC_004102
NS3:168I,NS3,168I,00168_I,1,NS3,phdr_ras:NS3:168I,REF_MASTER_NC_004102
NS3:168K,NS3,168K,00168_K,1,NS3,phdr_ras:NS3:168K,REF_MASTER_NC_004102
NS3:168L,NS3,168L,00168_L,1,NS3,phdr_ras:NS3:168L,REF_MASTER_NC_004102
NS3:168N,NS3,168N,00168_N,1,NS3,phdr_ras:NS3:168N,REF_MASTER_NC_004102
NS3:168R,NS3,168R,00168_R,1,NS3,phdr_ras:NS3:168R,REF_MASTER_NC_004102
NS3:168R+170I,NS3,168R+170I,00168_00170_R_I,3,NS3,phdr_ras:NS3:168R+170I,REF_MASTER_NC_004102
NS3:168T,NS3,168T,00168_T,1,NS3,phdr_ras:NS3:168T,REF_MASTER_NC_004102
NS3:168V,NS3,168V,00168_V,1,NS3,phdr_ras:NS3:168V,REF_MASTER_NC_004102
NS3:168Y,NS3,168Y,00168_Y,1,NS3,phdr_ras:NS3:168Y,REF_MASTER_NC_004102
NS3:168Y+41R,NS3,168Y+41R,00168_00041_Y_R,128,NS3,phdr_ras:NS3:168Y+41R,REF_MASTER_NC_004102
NS3:170A,NS3,170A,00170_A,1,NS3,phdr_ras:NS3:170A,REF_MASTER_NC_004102
NS3:170I,NS3,170I,00170_I,1,NS3,phdr_ras:NS3:170I,REF_MASTER_NC_004102
NS3:170T,NS3,170T,00170_T,1,NS3,phdr_ras:NS3:170T,REF_MASTER_NC_004102
NS3:170V,NS3,170V,00170_V,1,NS3,phdr_ras:NS3:170V,REF_MASTER_NC_004102
NS3:175M,NS3,175M,00175_M,1,NS3,phdr_ras:NS3:175M,REF_MASTER_NC_004102
NS3:177V,NS3,177V,00177_V,1,NS3,phdr_ras:NS3:177V,REF_MASTER_NC_004102
NS3:18V+155K,NS3,18V+155K,00018_00155_V_K,138,NS3,phdr_ras:NS3:18V+155K,REF_MASTER_NC_004102
NS3:30V+156S,NS3,30V+156S,00030_00156_V_S,127,NS3,phdr_ras:NS3:30V+156S,REF_MASTER_NC_004102
NS3:36A,NS3,36A,00036_A,1,NS3,phdr_ras:NS3:36A,REF_MASTER_NC_004102
NS3:36A+155G+168G,NS3,36A+155G+168G,00036_00155_00168_A_G_G,133,NS3,phdr_ras:NS3:36A+155G+168G,REF_MASTER_NC_004102
NS3:36A+155K,NS3,36A+155K,00036_00155_A_K,120,NS3,phdr_ras:NS3:36A+155K,REF_MASTER_NC_004102
NS3:36A+156T,NS3,36A+156T,00036_00156_A_T,121,NS3,phdr_ras:NS3:36A+156T,REF_MASTER_NC_004102
NS3:36A+168A,NS3,36A+168A,00036_00168_A_A,133,NS3,phdr_ras:NS3:36A+168A,REF_MASTER_NC_004102
NS3:36A+41R,NS3,36A+41R,00036_00041_A_R,6,NS3,phdr_ras:NS3:36A+41R,REF_MASTER_NC_004102
NS3:36A+80R+155K,NS3,36A+80R+155K,00036_00080_00155_A_R_K,120,NS3,phdr_ras:NS3:36A+80R+155K,REF_MASTER_NC_004102
NS3:36G,NS3,36G,00036_G,1,NS3,phdr_ras:NS3:36G,REF_MASTER_NC_004102
NS3:36L,NS3,36L,00036_L,1,NS3,phdr_ras:NS3:36L,REF_MASTER_NC_004102
NS3:36L+155K,NS3,36L+155K,00036_00155_L_K,120,NS3,phdr_ras:NS3:36L+155K,REF_MASTER_NC_004102
NS3:36L+155K+156T+158A+168N,NS3,36L+155K+156T+158A+168N,00036_00155_00156_00158_00168_L_K_T_A_N,133,NS3,phdr_ras:NS3:36L+155K+156T+158A+168N,REF_MASTER_NC_004102
NS3:36L+155K+156T+168N,NS3,36L+155K+156T+168N,00036_00155_00156_00168_L_K_T_N,133,NS3,phdr_ras:NS3:36L+155K+156T+168N,REF_MASTER_NC_004102
NS3:36L+54S,NS3,36L+54S,00036_00054_L_S,19,NS3,phdr_ras:NS3:36L+54S,REF_MASTER_NC_004102
NS3:36L+80K,NS3,36L+80K,00036_00080_L_K,45,NS3,phdr_ras:NS3:36L+80K,REF_MASTER_NC_004102
NS3:36L+80K+122C,NS3,36L+80K+122C,00036_00080_00122_L_K_C,87,NS3,phdr_ras:NS3:36L+80K+122C,REF_MASTER_NC_004102
NS3:36L+80K+155S,NS3,36L+80K+155S,00036_00080_00155_L_K_S,120,NS3,phdr_ras:NS3:36L+80K+155S,REF_MASTER_NC_004102
NS3:36L+80K+168A,NS3,36L+80K+168A,00036_00080_00168_L_K_A,133,NS3,phdr_ras:NS3:36L+80K+168A,REF_MASTER_NC_004102
NS3:36L+80K+168G,NS3,36L+80K+168G,00036_00080_00168_L_K_G,133,NS3,phdr_ras:NS3:36L+80K+168G,REF_MASTER_NC_004102
NS3:36M,NS3,36M,00036_M,1,NS3,phdr_ras:NS3:36M,REF_MASTER_NC_004102
NS3:36M+122N,NS3,36M+122N,00036_00122_M_N,87,NS3,phdr_ras:NS3:36M+122N,REF_MASTER_NC_004102
NS3:36M+155G+168G,NS3,36M+155G+168G,00036_00155_00168_M_G_G,133,NS3,phdr_ras:NS3:36M+155G+168G,REF_MASTER_NC_004102
NS3:36M+155K,NS3,36M+155K,00036_00155_M_K,120,NS3,phdr_ras:NS3:36M+155K,REF_MASTER_NC_004102
NS3:36M+155K+170V,NS3,36M+155K+170V,00036_00155_00170_M_K_V,135,NS3,phdr_ras:NS3:36M+155K+170V,REF_MASTER_NC_004102
NS3:36M+156S,NS3,36M+156S,00036_00156_M_S,121,NS3,phdr_ras:NS3:36M+156S,REF_MASTER_NC_004102
NS3:36M+41R,NS3,36M+41R,00036_00041_M_R,6,NS3,phdr_ras:NS3:36M+41R,REF_MASTER_NC_004102
NS3:36M+41R+168G,NS3,36M+41R+168G,00036_00041_00168_M_R_G,133,NS3,phdr_ras:NS3:36M+41R+168G,REF_MASTER_NC_004102
NS3:36M+80K,NS3,36M+80K,00036_00080_M_K,45,NS3,phdr_ras:NS3:36M+80K,REF_MASTER_NC_004102
NS3:36M+80K+107I,NS3,36M+80K+107I,00036_00080_00107_M_K_I,72,NS3,phdr_ras:NS3:36M+80K+107I,REF_MASTER_NC_004102
NS3:36M+80K+122G+168A,NS3,36M+80K+122G+168A,00036_00080_00122_00168_M_K_G_A,133,NS3,phdr_ras:NS3:36M+80K+122G+168A,REF_MASTER_NC_004102
NS3:41H+80K+122G,NS3,41H+80K+122G,00041_00080_00122_H_K_G,82,NS3,phdr_ras:NS3:41H+80K+122G,REF_MASTER_NC_004102
NS3:41K,NS3,41K,00041_K,1,NS3,phdr_ras:NS3:41K,REF_MASTER_NC_004102
NS3:41K+43L+80K+168Y,NS3,41K+43L+80K+168Y,00041_00043_00080_00168_K_L_K_Y,128,NS3,phdr_ras:NS3:41K+43L+80K+168Y,REF_MASTER_NC_004102
NS3:41K+80K,NS3,41K+80K,00041_00080_K_K,40,NS3,phdr_ras:NS3:41K+80K,REF_MASTER_NC_004102
NS3:41R,NS3,41R,00041_R,1,NS3,phdr_ras:NS3:41R,REF_MASTER_NC_004102
NS3:41R+156T,NS3,41R+156T,00041_00156_R_T,116,NS3,phdr_ras:NS3:41R+156T,REF_MASTER_NC_004102
NS3:41R+168A,NS3,41R+168A,00041_00168_R_A,128,NS3,phdr_ras:NS3:41R+168A,REF_MASTER_NC_004102
NS3:41R+168G,NS3,41R+168G,00041_00168_R_G,128,NS3,phdr_ras:NS3:41R+168G,REF_MASTER_NC_004102
NS3:41R+168H,NS3,41R+168H,00041_00168_R_H,128,NS3,phdr_ras:NS3:41R+168H,REF_MASTER_NC_004102
NS3:41R+170I,NS3,41R+170I,00041_00170_R_I,130,NS3,phdr_ras:NS3:41R+170I,REF_MASTER_NC_004102
NS3:41R+55I,NS3,41R+55I,00041_00055_R_I,15,NS3,phdr_ras:NS3:41R+55I,REF_MASTER_NC_004102
NS3:43C,NS3,43C,00043_C,1,NS3,phdr_ras:NS3:43C,REF_MASTER_NC_004102
NS3:43L,NS3,43L,00043_L,1,NS3,phdr_ras:NS3:43L,REF_MASTER_NC_004102
NS3:43L+80K,NS3,43L+80K,00043_00080_L_K,38,NS3,phdr_ras:NS3:43L+80K,REF_MASTER_NC_004102
NS3:43S,NS3,43S,00043_S,1,NS3,phdr_ras:NS3:43S,REF_MASTER_NC_004102
NS3:43V,NS3,43V,00043_V,1,NS3,phdr_ras:NS3:43V,REF_MASTER_NC_004102
NS3:54A,NS3,54A,00054_A,1,NS3,phdr_ras:NS3:54A,REF_MASTER_NC_004102
NS3:54A+156S,NS3,54A+156S,00054_00156_A_S,103,NS3,phdr_ras:NS3:54A+156S,REF_MASTER_NC_004102
NS3:54A+158I,NS3,54A+158I,00054_00158_A_I,105,NS3,phdr_ras:NS3:54A+158I,REF_MASTER_NC_004102
NS3:54S,NS3,54S,00054_S,1,NS3,phdr_ras:NS3:54S,REF_MASTER_NC_004102
NS3:54S+122G+155K+180V,NS3,54S+122G+155K+180V,00054_00122_00155_00180_S_G_K_V,127,NS3,phdr_ras:NS3:54S+122G+155K+180V,REF_MASTER_NC_004102
NS3:54S+155K,NS3,54S+155K,00054_00155_S_K,102,NS3,phdr_ras:NS3:54S+155K,REF_MASTER_NC_004102
NS3:54S+155T+168N,NS3,54S+155T+168N,00054_00155_00168_S_T_N,115,NS3,phdr_ras:NS3:54S+155T+168N,REF_MASTER_NC_004102
NS3:54S+156S,NS3,54S+156S,00054_00156_S_S,103,NS3,phdr_ras:NS3:54S+156S,REF_MASTER_NC_004102
NS3:54S+156S+177V,NS3,54S+156S+177V,00054_00156_00177_S_S_V,124,NS3,phdr_ras:NS3:54S+156S+177V,REF_MASTER_NC_004102
NS3:54S+156T,NS3,54S+156T,00054_00156_S_T,103,NS3,phdr_ras:NS3:54S+156T,REF_MASTER_NC_004102
NS3:54S+55I+122G+155K,NS3,54S+55I+122G+155K,00054_00055_00122_00155_S_I_G_K,102,NS3,phdr_ras:NS3:54S+55I+122G+155K,REF_MASTER_NC_004102
NS3:54S+55I+122G+155K+170V,NS3,54S+55I+122G+155K+170V,00054_00055_00122_00155_00170_S_I_G_K_V,117,NS3,phdr_ras:NS3:54S+55I+122G+155K+170V,REF_MASTER_NC_004102
NS3:54S+55I+80L,NS3,54S+55I+80L,00054_00055_00080_S_I_L,27,NS3,phdr_ras:NS3:54S+55I+80L,REF_MASTER_NC_004102
NS3:54S+56F+80L+156T+170I,NS3,54S+56F+80L+156T+170I,00054_00056_00080_00156_00170_S_F_L_T_I,117,NS3,phdr_ras:NS3:54S+56F+80L+156T+170I,REF_MASTER_NC_004102
NS3:54S+56H,NS3,54S+56H,00054_00056_S_H,3,NS3,phdr_ras:NS3:54S+56H,REF_MASTER_NC_004102
NS3:54S+56H+170V,NS3,54S+56H+170V,00054_00056_00170_S_H_V,117,NS3,phdr_ras:NS3:54S+56H+170V,REF_MASTER_NC_004102
NS3:55A,NS3,55A,00055_A,1,NS3,phdr_ras:NS3:55A,REF_MASTER_NC_004102
NS3:55A+168A,NS3,55A+168A,00055_00168_A_A,114,NS3,phdr_ras:NS3:55A+168A,REF_MASTER_NC_004102
NS3:55A+168E,NS3,55A+168E,00055_00168_A_E,114,NS3,phdr_ras:NS3:55A+168E,REF_MASTER_NC_004102
NS3:55A+80K+122N,NS3,55A+80K+122N,00055_00080_00122_A_K_N,68,NS3,phdr_ras:NS3:55A+80K+122N,REF_MASTER_NC_004102
NS3:55A+80R+168E+170V,NS3,55A+80R+168E+170V,00055_00080_00168_00170_A_R_E_V,116,NS3,phdr_ras:NS3:55A+80R+168E+170V,REF_MASTER_NC_004102
NS3:55I,NS3,55I,00055_I,1,NS3,phdr_ras:NS3:55I,REF_MASTER_NC_004102
NS3:56F,NS3,56F,00056_F,1,NS3,phdr_ras:NS3:56F,REF_MASTER_NC_004102
NS3:56F+122N,NS3,56F+122N,00056_00122_F_N,67,NS3,phdr_ras:NS3:56F+122N,REF_MASTER_NC_004102
NS3:56F+122N+170I,NS3,56F+122N+170I,00056_00122_00170_F_N_I,115,NS3,phdr_ras:NS3:56F+122N+170I,REF_MASTER_NC_004102
NS3:56F+155W+156G+168N,NS3,56F+155W+156G+168N,00056_00155_00156_00168_F_W_G_N,113,NS3,phdr_ras:NS3:56F+155W+156G+168N,REF_MASTER_NC_004102
NS3:56F+168E+170I,NS3,56F+168E+170I,00056_00168_00170_F_E_I,115,NS3,phdr_ras:NS3:56F+168E+170I,REF_MASTER_NC_004102
NS3:56F+170I,NS3,56F+170I,00056_00170_F_I,115,NS3,phdr_ras:NS3:56F+170I,REF_MASTER_NC_004102
NS3:56H,NS3,56H,00056_H,1,NS3,phdr_ras:NS3:56H,REF_MASTER_NC_004102
NS3:56H+156T+168N,NS3,56H+156T+168N,00056_00156_00168_H_T_N,113,NS3,phdr_ras:NS3:56H+156T+168N,REF_MASTER_NC_004102
NS3:56H+168A,NS3,56H+168A,00056_00168_H_A,113,NS3,phdr_ras:NS3:56H+168A,REF_MASTER_NC_004102
NS3:56H+168E,NS3,56H+168E,00056_00168_H_E,113,NS3,phdr_ras:NS3:56H+168E,REF_MASTER_NC_004102
NS3:56H+168K,NS3,56H+168K,00056_00168_H_K,113,NS3,phdr_ras:NS3:56H+168K,REF_MASTER_NC_004102
NS3:56H+168K+170I,NS3,56H+168K+170I,00056_00168_00170_H_K_I,115,NS3,phdr_ras:NS3:56H+168K+170I,REF_MASTER_NC_004102
NS3:56H+168L,NS3,56H+168L,00056_00168_H_L,113,NS3,phdr_ras:NS3:56H+168L,REF_MASTER_NC_004102
NS3:56H+168Q+170I,NS3,56H+168Q+170I,00056_00168_00170_H_Q_I,115,NS3,phdr_ras:NS3:56H+168Q+170I,REF_MASTER_NC_004102
NS3:56H+168R,NS3,56H+168R,00056_00168_H_R,113,NS3,phdr_ras:NS3:56H+168R,REF_MASTER_NC_004102
NS3:56H+168V,NS3,56H+168V,00056_00168_H_V,113,NS3,phdr_ras:NS3:56H+168V,REF_MASTER_NC_004102
NS3:56H+168Y,NS3,56H+168Y,00056_00168_H_Y,113,NS3,phdr_ras:NS3:56H+168Y,REF_MASTER_NC_004102
NS3:56H+80K+155I+168V,NS3,56H+80K+155I+168V,00056_00080_00155_00168_H_K_I_V,113,NS3,phdr_ras:NS3:56H+80K+155I+168V,REF_MASTER_NC_004102
NS3:56H+80K+155R+168V,NS3,56H+80K+155R+168V,00056_00080_00155_00168_H_K_R_V,113,NS3,phdr_ras:NS3:56H+80K+155R+168V,REF_MASTER_NC_004102
NS3:56N,NS3,56N,00056_N,1,NS3,phdr_ras:NS3:56N,REF_MASTER_NC_004102
NS3:56Y+168K+170I,NS3,56Y+168K+170I,00056_00168_00170_Y_K_I,115,NS3,phdr_ras:NS3:56Y+168K+170I,REF_MASTER_NC_004102
NS3:56Y+168Q+170I,NS3,56Y+168Q+170I,00056_00168_00170_Y_Q_I,115,NS3,phdr_ras:NS3:56Y+168Q+170I,REF_MASTER_NC_004102
NS3:58S+62T+93H,NS3,58S+62T+93H,00058_00062_00093_S_T_H,36,NS3,phdr_ras:NS3:58S+62T+93H,REF_MASTER_NC_004102
NS3:71A+170V,NS3,71A+170V,00071_00170_A_V,100,NS3,phdr_ras:NS3:71A+170V,REF_MASTER_NC_004102
NS3:77S+80K+132I+156G,NS3,77S+80K+132I+156G,00077_00080_00132_00156_S_K_I_G,80,NS3,phdr_ras:NS3:77S+80K+132I+156G,REF_MASTER_NC_004102
NS3:80K,NS3,80K,00080_K,1,NS3,phdr_ras:NS3:80K,REF_MASTER_NC_004102
NS3:80K+107I,NS3,80K+107I,00080_00107_K_I,28,NS3,phdr_ras:NS3:80K+107I,REF_MASTER_NC_004102
NS3:80K+122G,NS3,80K+122G,00080_00122_K_G,43,NS3,phdr_ras:NS3:80K+122G,REF_MASTER_NC_004102
NS3:80K+122G+168Y,NS3,80K+122G+168Y,00080_00122_00168_K_G_Y,89,NS3,phdr_ras:NS3:80K+122G+168Y,REF_MASTER_NC_004102
NS3:80K+132I,NS3,80K+132I,00080_00132_K_I,53,NS3,phdr_ras:NS3:80K+132I,REF_MASTER_NC_004102
NS3:80K+132V,NS3,80K+132V,00080_00132_K_V,53,NS3,phdr_ras:NS3:80K+132V,REF_MASTER_NC_004102
NS3:80K+132V+156G,NS3,80K+132V+156G,00080_00132_00156_K_V_G,77,NS3,phdr_ras:NS3:80K+132V+156G,REF_MASTER_NC_004102
NS3:80K+155K,NS3,80K+155K,00080_00155_K_K,76,NS3,phdr_ras:NS3:80K+155K,REF_MASTER_NC_004102
NS3:80K+155T+156T+168N,NS3,80K+155T+156T+168N,00080_00155_00156_00168_K_T_T_N,89,NS3,phdr_ras:NS3:80K+155T+156T+168N,REF_MASTER_NC_004102
NS3:80K+155T+168N,NS3,80K+155T+168N,00080_00155_00168_K_T_N,89,NS3,phdr_ras:NS3:80K+155T+168N,REF_MASTER_NC_004102
NS3:80K+156A,NS3,80K+156A,00080_00156_K_A,77,NS3,phdr_ras:NS3:80K+156A,REF_MASTER_NC_004102
NS3:80K+156G,NS3,80K+156G,00080_00156_K_G,77,NS3,phdr_ras:NS3:80K+156G,REF_MASTER_NC_004102
NS3:80K+156G+170I,NS3,80K+156G+170I,00080_00156_00170_K_G_I,91,NS3,phdr_ras:NS3:80K+156G+170I,REF_MASTER_NC_004102
NS3:80K+156T+168A,NS3,80K+156T+168A,00080_00156_00168_K_T_A,89,NS3,phdr_ras:NS3:80K+156T+168A,REF_MASTER_NC_004102
NS3:80K+156V,NS3,80K+156V,00080_00156_K_V,77,NS3,phdr_ras:NS3:80K+156V,REF_MASTER_NC_004102
NS3:80K+168A,NS3,80K+168A,00080_00168_K_A,89,NS3,phdr_ras:NS3:80K+168A,REF_MASTER_NC_004102
NS3:80K+168D,NS3,80K+168D,00080_00168_K_D,89,NS3,phdr_ras:NS3:80K+168D,REF_MASTER_NC_004102
NS3:80K+168E,NS3,80K+168E,00080_00168_K_E,89,NS3,phdr_ras:NS3:80K+168E,REF_MASTER_NC_004102
NS3:80K+168E+170V,NS3,80K+168E+170V,00080_00168_00170_K_E_V,91,NS3,phdr_ras:NS3:80K+168E+170V,REF_MASTER_NC_004102
NS3:80K+168N,NS3,80K+168N,00080_00168_K_N,89,NS3,phdr_ras:NS3:80K+168N,REF_MASTER_NC_004102
NS3:80K+168T,NS3,80K+168T,00080_00168_K_T,89,NS3,phdr_ras:NS3:80K+168T,REF_MASTER_NC_004102
NS3:80K+168Y,NS3,80K+168Y,00080_00168_K_Y,89,NS3,phdr_ras:NS3:80K+168Y,REF_MASTER_NC_004102
NS3:80K+170I,NS3,80K+170I,00080_00170_K_I,91,NS3,phdr_ras:NS3:80K+170I,REF_MASTER_NC_004102
NS3:80L,NS3,80L,00080_L,1,NS3,phdr_ras:NS3:80L,REF_MASTER_NC_004102
NS3:80L+168E,NS3,80L+168E,00080_00168_L_E,89,NS3,phdr_ras:NS3:80L+168E,REF_MASTER_NC_004102
NS3:80R,NS3,80R,00080_R,1,NS3,phdr_ras:NS3:80R,REF_MASTER_NC_004102
NS3:80R+132I+170I,NS3,80R+132I+170I,00080_00132_00170_R_I_I,91,NS3,phdr_ras:NS3:80R+132I+170I,REF_MASTER_NC_004102
NS3:80R+155K+156T+168A,NS3,80R+155K+156T+168A,00080_00155_00156_00168_R_K_T_A,89,NS3,phdr_ras:NS3:80R+155K+156T+168A,REF_MASTER_NC_004102
NS3:80R+155K+156T+168E,NS3,80R+155K+156T+168E,00080_00155_00156_00168_R_K_T_E,89,NS3,phdr_ras:NS3:80R+155K+156T+168E,REF_MASTER_NC_004102
NS3:80R+155K+156T+168K,NS3,80R+155K+156T+168K,00080_00155_00156_00168_R_K_T_K,89,NS3,phdr_ras:NS3:80R+155K+156T+168K,REF_MASTER_NC_004102
NS3:80R+155S+156T+168A,NS3,80R+155S+156T+168A,00080_00155_00156_00168_R_S_T_A,89,NS3,phdr_ras:NS3:80R+155S+156T+168A,REF_MASTER_NC_004102
NS3:80R+155S+156T+168E,NS3,80R+155S+156T+168E,00080_00155_00156_00168_R_S_T_E,89,NS3,phdr_ras:NS3:80R+155S+156T+168E,REF_MASTER_NC_004102
NS3:80R+155S+156T+168K,NS3,80R+155S+156T+168K,00080_00155_00156_00168_R_S_T_K,89,NS3,phdr_ras:NS3:80R+155S+156T+168K,REF_MASTER_NC_004102
NS3:89L+156T,NS3,89L+156T,00089_00156_L_T,68,NS3,phdr_ras:NS3:89L+156T,REF_MASTER_NC_004102
NS3:89L+156V,NS3,89L+156V,00089_00156_L_V,68,NS3,phdr_ras:NS3:89L+156V,REF_MASTER_NC_004102
NS3:89R+156T,NS3,89R+156T,00089_00156_R_T,68,NS3,phdr_ras:NS3:89R+156T,REF_MASTER_NC_004102
NS5A:23F+31F,NS5A,23F+31F,00023_00031_F_F,9,NS5A,phdr_ras:NS5A:23F+31F,REF_MASTER_NC_004102
NS5A:23F+93H,NS5A,23F+93H,00023_00093_F_H,71,NS5A,phdr_ras:NS5A:23F+93H,REF_MASTER_NC_004102
NS5A:24A,NS5A,24A,00024_A,1,NS5A,phdr_ras:NS5A:24A,REF_MASTER_NC_004102
NS5A:24F+28K,NS5A,24F+28K,00024_00028_F_K,5,NS5A,phdr_ras:NS5A:24F+28K,REF_MASTER_NC_004102
NS5A:24F+28K+30K,NS5A,24F+28K+30K,00024_00028_00030_F_K_K,7,NS5A,phdr_ras:NS5A:24F+28K+30K,REF_MASTER_NC_004102
NS5A:24F+93H,NS5A,24F+93H,00024_00093_F_H,70,NS5A,phdr_ras:NS5A:24F+93H,REF_MASTER_NC_004102
NS5A:24G,NS5A,24G,00024_G,1,NS5A,phdr_ras:NS5A:24G,REF_MASTER_NC_004102
NS5A:24H,NS5A,24H,00024_H,1,NS5A,phdr_ras:NS5A:24H,REF_MASTER_NC_004102
NS5A:24K+28I+30Q+31I+32L+54Y,NS5A,24K+28I+30Q+31I+32L+54Y,00024_00028_00030_00031_00032_00054_K_I_Q_I_L_Y,31,NS5A,phdr_ras:NS5A:24K+28I+30Q+31I+32L+54Y,REF_MASTER_NC_004102
NS5A:24K+28M,NS5A,24K+28M,00024_00028_K_M,5,NS5A,phdr_ras:NS5A:24K+28M,REF_MASTER_NC_004102
NS5A:24K+28M+30H+92T,NS5A,24K+28M+30H+92T,00024_00028_00030_00092_K_M_H_T,69,NS5A,phdr_ras:NS5A:24K+28M+30H+92T,REF_MASTER_NC_004102
NS5A:24K+28M+30L,NS5A,24K+28M+30L,00024_00028_00030_K_M_L,7,NS5A,phdr_ras:NS5A:24K+28M+30L,REF_MASTER_NC_004102
NS5A:24K+28M+30Q,NS5A,24K+28M+30Q,00024_00028_00030_K_M_Q,7,NS5A,phdr_ras:NS5A:24K+28M+30Q,REF_MASTER_NC_004102
NS5A:24K+28M+30Q+37V+54H,NS5A,24K+28M+30Q+37V+54H,00024_00028_00030_00037_00054_K_M_Q_V_H,31,NS5A,phdr_ras:NS5A:24K+28M+30Q+37V+54H,REF_MASTER_NC_004102
NS5A:24K+28M+30Q+92T,NS5A,24K+28M+30Q+92T,00024_00028_00030_00092_K_M_Q_T,69,NS5A,phdr_ras:NS5A:24K+28M+30Q+92T,REF_MASTER_NC_004102
NS5A:24K+28M+92T,NS5A,24K+28M+92T,00024_00028_00092_K_M_T,69,NS5A,phdr_ras:NS5A:24K+28M+92T,REF_MASTER_NC_004102
NS5A:24K+28V+30Q,NS5A,24K+28V+30Q,00024_00028_00030_K_V_Q,7,NS5A,phdr_ras:NS5A:24K+28V+30Q,REF_MASTER_NC_004102
NS5A:24K+28V+92T,NS5A,24K+28V+92T,00024_00028_00092_K_V_T,69,NS5A,phdr_ras:NS5A:24K+28V+92T,REF_MASTER_NC_004102
NS5A:24M+30R+81M,NS5A,24M+30R+81M,00024_00030_00081_M_R_M,58,NS5A,phdr_ras:NS5A:24M+30R+81M,REF_MASTER_NC_004102
NS5A:24N,NS5A,24N,00024_N,1,NS5A,phdr_ras:NS5A:24N,REF_MASTER_NC_004102
NS5A:24Q+28T+31M,NS5A,24Q+28T+31M,00024_00028_00031_Q_T_M,8,NS5A,phdr_ras:NS5A:24Q+28T+31M,REF_MASTER_NC_004102
NS5A:24Q+93H,NS5A,24Q+93H,00024_00093_Q_H,70,NS5A,phdr_ras:NS5A:24Q+93H,REF_MASTER_NC_004102
NS5A:24R,NS5A,24R,00024_R,1,NS5A,phdr_ras:NS5A:24R,REF_MASTER_NC_004102
NS5A:24R+30G,NS5A,24R+30G,00024_00030_R_G,7,NS5A,phdr_ras:NS5A:24R+30G,REF_MASTER_NC_004102
NS5A:24R+30K,NS5A,24R+30K,00024_00030_R_K,7,NS5A,phdr_ras:NS5A:24R+30K,REF_MASTER_NC_004102
NS5A:24R+30K+93H,NS5A,24R+30K+93H,00024_00030_00093_R_K_H,70,NS5A,phdr_ras:NS5A:24R+30K+93H,REF_MASTER_NC_004102
NS5A:24R+30Q+31M+37L+93H,NS5A,24R+30Q+31M+37L+93H,00024_00030_00031_00037_00093_R_Q_M_L_H,70,NS5A,phdr_ras:NS5A:24R+30Q+31M+37L+93H,REF_MASTER_NC_004102
NS5A:24R+30R,NS5A,24R+30R,00024_00030_R_R,7,NS5A,phdr_ras:NS5A:24R+30R,REF_MASTER_NC_004102
NS5A:24R+31F,NS5A,24R+31F,00024_00031_R_F,8,NS5A,phdr_ras:NS5A:24R+31F,REF_MASTER_NC_004102
NS5A:24R+93H,NS5A,24R+93H,00024_00093_R_H,70,NS5A,phdr_ras:NS5A:24R+93H,REF_MASTER_NC_004102
NS5A:24S,NS5A,24S,00024_S,1,NS5A,phdr_ras:NS5A:24S,REF_MASTER_NC_004102
NS5A:24S+28G,NS5A,24S+28G,00024_00028_S_G,5,NS5A,phdr_ras:NS5A:24S+28G,REF_MASTER_NC_004102
NS5A:24S+31M,NS5A,24S+31M,00024_00031_S_M,8,NS5A,phdr_ras:NS5A:24S+31M,REF_MASTER_NC_004102
NS5A:24S+31M+93H,NS5A,24S+31M+93H,00024_00031_00093_S_M_H,70,NS5A,phdr_ras:NS5A:24S+31M+93H,REF_MASTER_NC_004102
NS5A:24S+92S,NS5A,24S+92S,00024_00092_S_S,69,NS5A,phdr_ras:NS5A:24S+92S,REF_MASTER_NC_004102
NS5A:24T+28T+30R,NS5A,24T+28T+30R,00024_00028_00030_T_T_R,7,NS5A,phdr_ras:NS5A:24T+28T+30R,REF_MASTER_NC_004102
NS5A:24T+93H,NS5A,24T+93H,00024_00093_T_H,70,NS5A,phdr_ras:NS5A:24T+93H,REF_MASTER_NC_004102
NS5A:28A,NS5A,28A,00028_A,1,NS5A,phdr_ras:NS5A:28A,REF_MASTER_NC_004102
NS5A:28A+30H,NS5A,28A+30H,00028_00030_A_H,3,NS5A,phdr_ras:NS5A:28A+30H,REF_MASTER_NC_004102
NS5A:28A+30K,NS5A,28A+30K,00028_00030_A_K,3,NS5A,phdr_ras:NS5A:28A+30K,REF_MASTER_NC_004102
NS5A:28A+30R,NS5A,28A+30R,00028_00030_A_R,3,NS5A,phdr_ras:NS5A:28A+30R,REF_MASTER_NC_004102
NS5A:28A+30S,NS5A,28A+30S,00028_00030_A_S,3,NS5A,phdr_ras:NS5A:28A+30S,REF_MASTER_NC_004102
NS5A:28A+58D,NS5A,28A+58D,00028_00058_A_D,31,NS5A,phdr_ras:NS5A:28A+58D,REF_MASTER_NC_004102
NS5A:28C,NS5A,28C,00028_C,1,NS5A,phdr_ras:NS5A:28C,REF_MASTER_NC_004102
NS5A:28C+31M,NS5A,28C+31M,00028_00031_C_M,4,NS5A,phdr_ras:NS5A:28C+31M,REF_MASTER_NC_004102
NS5A:28F,NS5A,28F,00028_F,1,NS5A,phdr_ras:NS5A:28F,REF_MASTER_NC_004102
NS5A:28F+31M,NS5A,28F+31M,00028_00031_F_M,4,NS5A,phdr_ras:NS5A:28F+31M,REF_MASTER_NC_004102
NS5A:28G,NS5A,28G,00028_G,1,NS5A,phdr_ras:NS5A:28G,REF_MASTER_NC_004102
NS5A:28G+30R,NS5A,28G+30R,00028_00030_G_R,3,NS5A,phdr_ras:NS5A:28G+30R,REF_MASTER_NC_004102
NS5A:28I,NS5A,28I,00028_I,1,NS5A,phdr_ras:NS5A:28I,REF_MASTER_NC_004102
NS5A:28I+30Q,NS5A,28I+30Q,00028_00030_I_Q,3,NS5A,phdr_ras:NS5A:28I+30Q,REF_MASTER_NC_004102
NS5A:28I+30R+31M,NS5A,28I+30R+31M,00028_00030_00031_I_R_M,4,NS5A,phdr_ras:NS5A:28I+30R+31M,REF_MASTER_NC_004102
NS5A:28I+30R+31V,NS5A,28I+30R+31V,00028_00030_00031_I_R_V,4,NS5A,phdr_ras:NS5A:28I+30R+31V,REF_MASTER_NC_004102
NS5A:28K,NS5A,28K,00028_K,1,NS5A,phdr_ras:NS5A:28K,REF_MASTER_NC_004102
NS5A:28L,NS5A,28L,00028_L,1,NS5A,phdr_ras:NS5A:28L,REF_MASTER_NC_004102
NS5A:28L+30H,NS5A,28L+30H,00028_00030_L_H,3,NS5A,phdr_ras:NS5A:28L+30H,REF_MASTER_NC_004102
NS5A:28L+31M,NS5A,28L+31M,00028_00031_L_M,4,NS5A,phdr_ras:NS5A:28L+31M,REF_MASTER_NC_004102
NS5A:28L+31M+92S,NS5A,28L+31M+92S,00028_00031_00092_L_M_S,65,NS5A,phdr_ras:NS5A:28L+31M+92S,REF_MASTER_NC_004102
NS5A:28L+93H,NS5A,28L+93H,00028_00093_L_H,66,NS5A,phdr_ras:NS5A:28L+93H,REF_MASTER_NC_004102
NS5A:28M,NS5A,28M,00028_M,1,NS5A,phdr_ras:NS5A:28M,REF_MASTER_NC_004102
NS5A:28M+30H,NS5A,28M+30H,00028_00030_M_H,3,NS5A,phdr_ras:NS5A:28M+30H,REF_MASTER_NC_004102
NS5A:28M+30Q,NS5A,28M+30Q,00028_00030_M_Q,3,NS5A,phdr_ras:NS5A:28M+30Q,REF_MASTER_NC_004102
NS5A:28M+30Q+31M,NS5A,28M+30Q+31M,00028_00030_00031_M_Q_M,4,NS5A,phdr_ras:NS5A:28M+30Q+31M,REF_MASTER_NC_004102
NS5A:28M+30Q+92K,NS5A,28M+30Q+92K,00028_00030_00092_M_Q_K,65,NS5A,phdr_ras:NS5A:28M+30Q+92K,REF_MASTER_NC_004102
NS5A:28M+30Q+93H,NS5A,28M+30Q+93H,00028_00030_00093_M_Q_H,66,NS5A,phdr_ras:NS5A:28M+30Q+93H,REF_MASTER_NC_004102
NS5A:28M+30R+31L,NS5A,28M+30R+31L,00028_00030_00031_M_R_L,4,NS5A,phdr_ras:NS5A:28M+30R+31L,REF_MASTER_NC_004102
NS5A:28M+30R+31L+93H,NS5A,28M+30R+31L+93H,00028_00030_00031_00093_M_R_L_H,66,NS5A,phdr_ras:NS5A:28M+30R+31L+93H,REF_MASTER_NC_004102
NS5A:28M+30R+31M,NS5A,28M+30R+31M,00028_00030_00031_M_R_M,4,NS5A,phdr_ras:NS5A:28M+30R+31M,REF_MASTER_NC_004102
NS5A:28M+31F,NS5A,28M+31F,00028_00031_M_F,4,NS5A,phdr_ras:NS5A:28M+31F,REF_MASTER_NC_004102
NS5A:28M+32del,NS5A,28M+32del,00028_00032_M_del,5,NS5A,phdr_ras:NS5A:28M+32del,REF_MASTER_NC_004102
NS5A:28M+37L+58R,NS5A,28M+37L+58R,00028_00037_00058_M_L_R,31,NS5A,phdr_ras:NS5A:28M+37L+58R,REF_MASTER_NC_004102
NS5A:28M+58Y,NS5A,28M+58Y,00028_00058_M_Y,31,NS5A,phdr_ras:NS5A:28M+58Y,REF_MASTER_NC_004102
NS5A:28M+93H,NS5A,28M+93H,00028_00093_M_H,66,NS5A,phdr_ras:NS5A:28M+93H,REF_MASTER_NC_004102
NS5A:28M+93N,NS5A,28M+93N,00028_00093_M_N,66,NS5A,phdr_ras:NS5A:28M+93N,REF_MASTER_NC_004102
NS5A:28S,NS5A,28S,00028_S,1,NS5A,phdr_ras:NS5A:28S,REF_MASTER_NC_004102
NS5A:28S+31I,NS5A,28S+31I,00028_00031_S_I,4,NS5A,phdr_ras:NS5A:28S+31I,REF_MASTER_NC_004102
NS5A:28S+31M,NS5A,28S+31M,00028_00031_S_M,4,NS5A,phdr_ras:NS5A:28S+31M,REF_MASTER_NC_004102
NS5A:28S+93H,NS5A,28S+93H,00028_00093_S_H,66,NS5A,phdr_ras:NS5A:28S+93H,REF_MASTER_NC_004102
NS5A:28T,NS5A,28T,00028_T,1,NS5A,phdr_ras:NS5A:28T,REF_MASTER_NC_004102
NS5A:28T+30H,NS5A,28T+30H,00028_00030_T_H,3,NS5A,phdr_ras:NS5A:28T+30H,REF_MASTER_NC_004102
NS5A:28T+30H+31V,NS5A,28T+30H+31V,00028_00030_00031_T_H_V,4,NS5A,phdr_ras:NS5A:28T+30H+31V,REF_MASTER_NC_004102
NS5A:28T+30H+58D,NS5A,28T+30H+58D,00028_00030_00058_T_H_D,31,NS5A,phdr_ras:NS5A:28T+30H+58D,REF_MASTER_NC_004102
NS5A:28T+30H+93H,NS5A,28T+30H+93H,00028_00030_00093_T_H_H,66,NS5A,phdr_ras:NS5A:28T+30H+93H,REF_MASTER_NC_004102
NS5A:28T+30R,NS5A,28T+30R,00028_00030_T_R,3,NS5A,phdr_ras:NS5A:28T+30R,REF_MASTER_NC_004102
NS5A:28T+30R+31M,NS5A,28T+30R+31M,00028_00030_00031_T_R_M,4,NS5A,phdr_ras:NS5A:28T+30R+31M,REF_MASTER_NC_004102
NS5A:28T+30R+31V,NS5A,28T+30R+31V,00028_00030_00031_T_R_V,4,NS5A,phdr_ras:NS5A:28T+30R+31V,REF_MASTER_NC_004102
NS5A:28T+30R+31V+93H,NS5A,28T+30R+31V+93H,00028_00030_00031_00093_T_R_V_H,66,NS5A,phdr_ras:NS5A:28T+30R+31V+93H,REF_MASTER_NC_004102
NS5A:28T+30S,NS5A,28T+30S,00028_00030_T_S,3,NS5A,phdr_ras:NS5A:28T+30S,REF_MASTER_NC_004102
NS5A:28T+31I,NS5A,28T+31I,00028_00031_T_I,4,NS5A,phdr_ras:NS5A:28T+31I,REF_MASTER_NC_004102
NS5A:28T+58P,NS5A,28T+58P,00028_00058_T_P,31,NS5A,phdr_ras:NS5A:28T+58P,REF_MASTER_NC_004102
NS5A:28T+68R,NS5A,28T+68R,00028_00068_T_R,41,NS5A,phdr_ras:NS5A:28T+68R,REF_MASTER_NC_004102
NS5A:28T+93C,NS5A,28T+93C,00028_00093_T_C,66,NS5A,phdr_ras:NS5A:28T+93C,REF_MASTER_NC_004102
NS5A:28T+93H,NS5A,28T+93H,00028_00093_T_H,66,NS5A,phdr_ras:NS5A:28T+93H,REF_MASTER_NC_004102
NS5A:28T+93S,NS5A,28T+93S,00028_00093_T_S,66,NS5A,phdr_ras:NS5A:28T+93S,REF_MASTER_NC_004102
NS5A:28V,NS5A,28V,00028_V,1,NS5A,phdr_ras:NS5A:28V,REF_MASTER_NC_004102
NS5A:28V+30H+31V,NS5A,28V+30H+31V,00028_00030_00031_V_H_V,4,NS5A,phdr_ras:NS5A:28V+30H+31V,REF_MASTER_NC_004102
NS5A:28V+30K,NS5A,28V+30K,00028_00030_V_K,3,NS5A,phdr_ras:NS5A:28V+30K,REF_MASTER_NC_004102
NS5A:28V+30Q,NS5A,28V+30Q,00028_00030_V_Q,3,NS5A,phdr_ras:NS5A:28V+30Q,REF_MASTER_NC_004102
NS5A:28V+30R,NS5A,28V+30R,00028_00030_V_R,3,NS5A,phdr_ras:NS5A:28V+30R,REF_MASTER_NC_004102
NS5A:28V+30R+31M,NS5A,28V+30R+31M,00028_00030_00031_V_R_M,4,NS5A,phdr_ras:NS5A:28V+30R+31M,REF_MASTER_NC_004102
NS5A:28V+30R+31M+93H,NS5A,28V+30R+31M+93H,00028_00030_00031_00093_V_R_M_H,66,NS5A,phdr_ras:NS5A:28V+30R+31M+93H,REF_MASTER_NC_004102
NS5A:28V+30R+31V,NS5A,28V+30R+31V,00028_00030_00031_V_R_V,4,NS5A,phdr_ras:NS5A:28V+30R+31V,REF_MASTER_NC_004102
NS5A:28V+30S,NS5A,28V+30S,00028_00030_V_S,3,NS5A,phdr_ras:NS5A:28V+30S,REF_MASTER_NC_004102
NS5A:28V+30S+31M,NS5A,28V+30S+31M,00028_00030_00031_V_S_M,4,NS5A,phdr_ras:NS5A:28V+30S+31M,REF_MASTER_NC_004102
NS5A:28V+30S+93S,NS5A,28V+30S+93S,00028_00030_00093_V_S_S,66,NS5A,phdr_ras:NS5A:28V+30S+93S,REF_MASTER_NC_004102
NS5A:28V+30T,NS5A,28V+30T,00028_00030_V_T,3,NS5A,phdr_ras:NS5A:28V+30T,REF_MASTER_NC_004102
NS5A:28V+31F,NS5A,28V+31F,00028_00031_V_F,4,NS5A,phdr_ras:NS5A:28V+31F,REF_MASTER_NC_004102
NS5A:28V+58S,NS5A,28V+58S,00028_00058_V_S,31,NS5A,phdr_ras:NS5A:28V+58S,REF_MASTER_NC_004102
NS5A:28V+93H,NS5A,28V+93H,00028_00093_V_H,66,NS5A,phdr_ras:NS5A:28V+93H,REF_MASTER_NC_004102
NS5A:29del,NS5A,29del,00029_del,1,NS5A,phdr_ras:NS5A:29del,REF_MASTER_NC_004102
NS5A:29R,NS5A,29R,00029_R,1,NS5A,phdr_ras:NS5A:29R,REF_MASTER_NC_004102
NS5A:29S,NS5A,29S,00029_S,1,NS5A,phdr_ras:NS5A:29S,REF_MASTER_NC_004102
NS5A:29S+30G,NS5A,29S+30G,00029_00030_S_G,2,NS5A,phdr_ras:NS5A:29S+30G,REF_MASTER_NC_004102
NS5A:30A,NS5A,30A,00030_A,1,NS5A,phdr_ras:NS5A:30A,REF_MASTER_NC_004102
NS5A:30D,NS5A,30D,00030_D,1,NS5A,phdr_ras:NS5A:30D,REF_MASTER_NC_004102
NS5A:30D+93N,NS5A,30D+93N,00030_00093_D_N,64,NS5A,phdr_ras:NS5A:30D+93N,REF_MASTER_NC_004102
NS5A:30del,NS5A,30del,00030_del,1,NS5A,phdr_ras:NS5A:30del,REF_MASTER_NC_004102
NS5A:30del+32L,NS5A,30del+32L,00030_00032_del_L,3,NS5A,phdr_ras:NS5A:30del+32L,REF_MASTER_NC_004102
NS5A:30E,NS5A,30E,00030_E,1,NS5A,phdr_ras:NS5A:30E,REF_MASTER_NC_004102
NS5A:30E+62Q,NS5A,30E+62Q,00030_00062_E_Q,33,NS5A,phdr_ras:NS5A:30E+62Q,REF_MASTER_NC_004102
NS5A:30E+92R,NS5A,30E+92R,00030_00092_E_R,63,NS5A,phdr_ras:NS5A:30E+92R,REF_MASTER_NC_004102
NS5A:30E+93C,NS5A,30E+93C,00030_00093_E_C,64,NS5A,phdr_ras:NS5A:30E+93C,REF_MASTER_NC_004102
NS5A:30E+93H,NS5A,30E+93H,00030_00093_E_H,64,NS5A,phdr_ras:NS5A:30E+93H,REF_MASTER_NC_004102
NS5A:30E+93N,NS5A,30E+93N,00030_00093_E_N,64,NS5A,phdr_ras:NS5A:30E+93N,REF_MASTER_NC_004102
NS5A:30F,NS5A,30F,00030_F,1,NS5A,phdr_ras:NS5A:30F,REF_MASTER_NC_004102
NS5A:30G,NS5A,30G,00030_G,1,NS5A,phdr_ras:NS5A:30G,REF_MASTER_NC_004102
NS5A:30G+31I,NS5A,30G+31I,00030_00031_G_I,2,NS5A,phdr_ras:NS5A:30G+31I,REF_MASTER_NC_004102
NS5A:30G+93H,NS5A,30G+93H,00030_00093_G_H,64,NS5A,phdr_ras:NS5A:30G+93H,REF_MASTER_NC_004102
NS5A:30H,NS5A,30H,00030_H,1,NS5A,phdr_ras:NS5A:30H,REF_MASTER_NC_004102
NS5A:30H+31M,NS5A,30H+31M,00030_00031_H_M,2,NS5A,phdr_ras:NS5A:30H+31M,REF_MASTER_NC_004102
NS5A:30H+31V,NS5A,30H+31V,00030_00031_H_V,2,NS5A,phdr_ras:NS5A:30H+31V,REF_MASTER_NC_004102
NS5A:30H+68R,NS5A,30H+68R,00030_00068_H_R,39,NS5A,phdr_ras:NS5A:30H+68R,REF_MASTER_NC_004102
NS5A:30H+93H,NS5A,30H+93H,00030_00093_H_H,64,NS5A,phdr_ras:NS5A:30H+93H,REF_MASTER_NC_004102
NS5A:30I+93R,NS5A,30I+93R,00030_00093_I_R,64,NS5A,phdr_ras:NS5A:30I+93R,REF_MASTER_NC_004102
NS5A:30K,NS5A,30K,00030_K,1,NS5A,phdr_ras:NS5A:30K,REF_MASTER_NC_004102
NS5A:30K+31M,NS5A,30K+31M,00030_00031_K_M,2,NS5A,phdr_ras:NS5A:30K+31M,REF_MASTER_NC_004102
NS5A:30K+31M+93H,NS5A,30K+31M+93H,00030_00031_00093_K_M_H,64,NS5A,phdr_ras:NS5A:30K+31M+93H,REF_MASTER_NC_004102
NS5A:30K+58D,NS5A,30K+58D,00030_00058_K_D,29,NS5A,phdr_ras:NS5A:30K+58D,REF_MASTER_NC_004102
NS5A:30K+58S,NS5A,30K+58S,00030_00058_K_S,29,NS5A,phdr_ras:NS5A:30K+58S,REF_MASTER_NC_004102
NS5A:30K+93H,NS5A,30K+93H,00030_00093_K_H,64,NS5A,phdr_ras:NS5A:30K+93H,REF_MASTER_NC_004102
NS5A:30L,NS5A,30L,00030_L,1,NS5A,phdr_ras:NS5A:30L,REF_MASTER_NC_004102
NS5A:30L+31M+93H,NS5A,30L+31M+93H,00030_00031_00093_L_M_H,64,NS5A,phdr_ras:NS5A:30L+31M+93H,REF_MASTER_NC_004102
NS5A:30L+93H,NS5A,30L+93H,00030_00093_L_H,64,NS5A,phdr_ras:NS5A:30L+93H,REF_MASTER_NC_004102
NS5A:30L+93S,NS5A,30L+93S,00030_00093_L_S,64,NS5A,phdr_ras:NS5A:30L+93S,REF_MASTER_NC_004102
NS5A:30Q,NS5A,30Q,00030_Q,1,NS5A,phdr_ras:NS5A:30Q,REF_MASTER_NC_004102
NS5A:30Q+31F,NS5A,30Q+31F,00030_00031_Q_F,2,NS5A,phdr_ras:NS5A:30Q+31F,REF_MASTER_NC_004102
NS5A:30Q+31M,NS5A,30Q+31M,00030_00031_Q_M,2,NS5A,phdr_ras:NS5A:30Q+31M,REF_MASTER_NC_004102
NS5A:30Q+31M+93H,NS5A,30Q+31M+93H,00030_00031_00093_Q_M_H,64,NS5A,phdr_ras:NS5A:30Q+31M+93H,REF_MASTER_NC_004102
NS5A:30Q+54H+93H,NS5A,30Q+54H+93H,00030_00054_00093_Q_H_H,64,NS5A,phdr_ras:NS5A:30Q+54H+93H,REF_MASTER_NC_004102
NS5A:30Q+92R,NS5A,30Q+92R,00030_00092_Q_R,63,NS5A,phdr_ras:NS5A:30Q+92R,REF_MASTER_NC_004102
NS5A:30Q+93H,NS5A,30Q+93H,00030_00093_Q_H,64,NS5A,phdr_ras:NS5A:30Q+93H,REF_MASTER_NC_004102
NS5A:30R,NS5A,30R,00030_R,1,NS5A,phdr_ras:NS5A:30R,REF_MASTER_NC_004102
NS5A:30R+31M,NS5A,30R+31M,00030_00031_R_M,2,NS5A,phdr_ras:NS5A:30R+31M,REF_MASTER_NC_004102
NS5A:30R+31M+58D,NS5A,30R+31M+58D,00030_00031_00058_R_M_D,29,NS5A,phdr_ras:NS5A:30R+31M+58D,REF_MASTER_NC_004102
NS5A:30R+31M+93C,NS5A,30R+31M+93C,00030_00031_00093_R_M_C,64,NS5A,phdr_ras:NS5A:30R+31M+93C,REF_MASTER_NC_004102
NS5A:30R+31M+93H,NS5A,30R+31M+93H,00030_00031_00093_R_M_H,64,NS5A,phdr_ras:NS5A:30R+31M+93H,REF_MASTER_NC_004102
NS5A:30R+31P,NS5A,30R+31P,00030_00031_R_P,2,NS5A,phdr_ras:NS5A:30R+31P,REF_MASTER_NC_004102
NS5A:30R+31V,NS5A,30R+31V,00030_00031_R_V,2,NS5A,phdr_ras:NS5A:30R+31V,REF_MASTER_NC_004102
NS5A:30R+58C,NS5A,30R+58C,00030_00058_R_C,29,NS5A,phdr_ras:NS5A:30R+58C,REF_MASTER_NC_004102
NS5A:30R+58D,NS5A,30R+58D,00030_00058_R_D,29,NS5A,phdr_ras:NS5A:30R+58D,REF_MASTER_NC_004102
NS5A:30R+62D,NS5A,30R+62D,00030_00062_R_D,33,NS5A,phdr_ras:NS5A:30R+62D,REF_MASTER_NC_004102
NS5A:30R+75A,NS5A,30R+75A,00030_00075_R_A,46,NS5A,phdr_ras:NS5A:30R+75A,REF_MASTER_NC_004102
NS5A:30R+93C,NS5A,30R+93C,00030_00093_R_C,64,NS5A,phdr_ras:NS5A:30R+93C,REF_MASTER_NC_004102
NS5A:30R+93H,NS5A,30R+93H,00030_00093_R_H,64,NS5A,phdr_ras:NS5A:30R+93H,REF_MASTER_NC_004102
NS5A:30R+93N,NS5A,30R+93N,00030_00093_R_N,64,NS5A,phdr_ras:NS5A:30R+93N,REF_MASTER_NC_004102
NS5A:30S,NS5A,30S,00030_S,1,NS5A,phdr_ras:NS5A:30S,REF_MASTER_NC_004102
NS5A:30S+31I+93H,NS5A,30S+31I+93H,00030_00031_00093_S_I_H,64,NS5A,phdr_ras:NS5A:30S+31I+93H,REF_MASTER_NC_004102
NS5A:30T,NS5A,30T,00030_T,1,NS5A,phdr_ras:NS5A:30T,REF_MASTER_NC_004102
NS5A:30T+31M+93H,NS5A,30T+31M+93H,00030_00031_00093_T_M_H,64,NS5A,phdr_ras:NS5A:30T+31M+93H,REF_MASTER_NC_004102
NS5A:30T+93H,NS5A,30T+93H,00030_00093_T_H,64,NS5A,phdr_ras:NS5A:30T+93H,REF_MASTER_NC_004102
NS5A:30V+93H,NS5A,30V+93H,00030_00093_V_H,64,NS5A,phdr_ras:NS5A:30V+93H,REF_MASTER_NC_004102
NS5A:30W,NS5A,30W,00030_W,1,NS5A,phdr_ras:NS5A:30W,REF_MASTER_NC_004102
NS5A:30Y,NS5A,30Y,00030_Y,1,NS5A,phdr_ras:NS5A:30Y,REF_MASTER_NC_004102
NS5A:30Y+93H,NS5A,30Y+93H,00030_00093_Y_H,64,NS5A,phdr_ras:NS5A:30Y+93H,REF_MASTER_NC_004102
NS5A:31F,NS5A,31F,00031_F,1,NS5A,phdr_ras:NS5A:31F,REF_MASTER_NC_004102
NS5A:31F+129H,NS5A,31F+129H,00031_00129_F_H,99,NS5A,phdr_ras:NS5A:31F+129H,REF_MASTER_NC_004102
NS5A:31F+32del,NS5A,31F+32del,00031_00032_F_del,2,NS5A,phdr_ras:NS5A:31F+32del,REF_MASTER_NC_004102
NS5A:31F+56R,NS5A,31F+56R,00031_00056_F_R,26,NS5A,phdr_ras:NS5A:31F+56R,REF_MASTER_NC_004102
NS5A:31F+58L,NS5A,31F+58L,00031_00058_F_L,28,NS5A,phdr_ras:NS5A:31F+58L,REF_MASTER_NC_004102
NS5A:31F+92E,NS5A,31F+92E,00031_00092_F_E,62,NS5A,phdr_ras:NS5A:31F+92E,REF_MASTER_NC_004102
NS5A:31F+93H,NS5A,31F+93H,00031_00093_F_H,63,NS5A,phdr_ras:NS5A:31F+93H,REF_MASTER_NC_004102
NS5A:31I,NS5A,31I,00031_I,1,NS5A,phdr_ras:NS5A:31I,REF_MASTER_NC_004102
NS5A:31I+54H+92K,NS5A,31I+54H+92K,00031_00054_00092_I_H_K,62,NS5A,phdr_ras:NS5A:31I+54H+92K,REF_MASTER_NC_004102
NS5A:31I+54H+92T,NS5A,31I+54H+92T,00031_00054_00092_I_H_T,62,NS5A,phdr_ras:NS5A:31I+54H+92T,REF_MASTER_NC_004102
NS5A:31I+92K,NS5A,31I+92K,00031_00092_I_K,62,NS5A,phdr_ras:NS5A:31I+92K,REF_MASTER_NC_004102
NS5A:31I+93H,NS5A,31I+93H,00031_00093_I_H,63,NS5A,phdr_ras:NS5A:31I+93H,REF_MASTER_NC_004102
NS5A:31M,NS5A,31M,00031_M,1,NS5A,phdr_ras:NS5A:31M,REF_MASTER_NC_004102
NS5A:31M+30R,NS5A,31M+30R,00031_00030_M_R,2,NS5A,phdr_ras:NS5A:31M+30R,REF_MASTER_NC_004102
NS5A:31M+37M+93H,NS5A,31M+37M+93H,00031_00037_00093_M_M_H,63,NS5A,phdr_ras:NS5A:31M+37M+93H,REF_MASTER_NC_004102
NS5A:31M+54H,NS5A,31M+54H,00031_00054_M_H,24,NS5A,phdr_ras:NS5A:31M+54H,REF_MASTER_NC_004102
NS5A:31M+54H+62E,NS5A,31M+54H+62E,00031_00054_00062_M_H_E,32,NS5A,phdr_ras:NS5A:31M+54H+62E,REF_MASTER_NC_004102
NS5A:31M+54H+93H,NS5A,31M+54H+93H,00031_00054_00093_M_H_H,63,NS5A,phdr_ras:NS5A:31M+54H+93H,REF_MASTER_NC_004102
NS5A:31M+58D,NS5A,31M+58D,00031_00058_M_D,28,NS5A,phdr_ras:NS5A:31M+58D,REF_MASTER_NC_004102
NS5A:31M+58D+93C,NS5A,31M+58D+93C,00031_00058_00093_M_D_C,63,NS5A,phdr_ras:NS5A:31M+58D+93C,REF_MASTER_NC_004102
NS5A:31M+93C,NS5A,31M+93C,00031_00093_M_C,63,NS5A,phdr_ras:NS5A:31M+93C,REF_MASTER_NC_004102
NS5A:31M+93H,NS5A,31M+93H,00031_00093_M_H,63,NS5A,phdr_ras:NS5A:31M+93H,REF_MASTER_NC_004102
NS5A:31P,NS5A,31P,00031_P,1,NS5A,phdr_ras:NS5A:31P,REF_MASTER_NC_004102
NS5A:31V,NS5A,31V,00031_V,1,NS5A,phdr_ras:NS5A:31V,REF_MASTER_NC_004102
NS5A:31V+37L+93H,NS5A,31V+37L+93H,00031_00037_00093_V_L_H,63,NS5A,phdr_ras:NS5A:31V+37L+93H,REF_MASTER_NC_004102
NS5A:31V+54H+58S+93H,NS5A,31V+54H+58S+93H,00031_00054_00058_00093_V_H_S_H,63,NS5A,phdr_ras:NS5A:31V+54H+58S+93H,REF_MASTER_NC_004102
NS5A:31V+54H+93H,NS5A,31V+54H+93H,00031_00054_00093_V_H_H,63,NS5A,phdr_ras:NS5A:31V+54H+93H,REF_MASTER_NC_004102
NS5A:31V+56R,NS5A,31V+56R,00031_00056_V_R,26,NS5A,phdr_ras:NS5A:31V+56R,REF_MASTER_NC_004102
NS5A:31V+58S,NS5A,31V+58S,00031_00058_V_S,28,NS5A,phdr_ras:NS5A:31V+58S,REF_MASTER_NC_004102
NS5A:31V+93H,NS5A,31V+93H,00031_00093_V_H,63,NS5A,phdr_ras:NS5A:31V+93H,REF_MASTER_NC_004102
NS5A:31V+93N,NS5A,31V+93N,00031_00093_V_N,63,NS5A,phdr_ras:NS5A:31V+93N,REF_MASTER_NC_004102
NS5A:32del,NS5A,32del,00032_del,1,NS5A,phdr_ras:NS5A:32del,REF_MASTER_NC_004102
NS5A:32L,NS5A,32L,00032_L,1,NS5A,phdr_ras:NS5A:32L,REF_MASTER_NC_004102
NS5A:32S,NS5A,32S,00032_S,1,NS5A,phdr_ras:NS5A:32S,REF_MASTER_NC_004102
NS5A:37I,NS5A,37I,00037_I,1,NS5A,phdr_ras:NS5A:37I,REF_MASTER_NC_004102
NS5A:37L,NS5A,37L,00037_L,1,NS5A,phdr_ras:NS5A:37L,REF_MASTER_NC_004102
NS5A:37L+54H,NS5A,37L+54H,00037_00054_L_H,18,NS5A,phdr_ras:NS5A:37L+54H,REF_MASTER_NC_004102
NS5A:37L+54L+92T,NS5A,37L+54L+92T,00037_00054_00092_L_L_T,56,NS5A,phdr_ras:NS5A:37L+54L+92T,REF_MASTER_NC_004102
NS5A:37L+54Y,NS5A,37L+54Y,00037_00054_L_Y,18,NS5A,phdr_ras:NS5A:37L+54Y,REF_MASTER_NC_004102
NS5A:37L+93H,NS5A,37L+93H,00037_00093_L_H,57,NS5A,phdr_ras:NS5A:37L+93H,REF_MASTER_NC_004102
NS5A:37Y+54H,NS5A,37Y+54H,00037_00054_Y_H,18,NS5A,phdr_ras:NS5A:37Y+54H,REF_MASTER_NC_004102
NS5A:38F,NS5A,38F,00038_F,1,NS5A,phdr_ras:NS5A:38F,REF_MASTER_NC_004102
NS5A:38F+93H,NS5A,38F+93H,00038_00093_F_H,56,NS5A,phdr_ras:NS5A:38F+93H,REF_MASTER_NC_004102
NS5A:54H+58A+62E+93H,NS5A,54H+58A+62E+93H,00054_00058_00062_00093_H_A_E_H,40,NS5A,phdr_ras:NS5A:54H+58A+62E+93H,REF_MASTER_NC_004102
NS5A:54H+93H,NS5A,54H+93H,00054_00093_H_H,40,NS5A,phdr_ras:NS5A:54H+93H,REF_MASTER_NC_004102
NS5A:54L,NS5A,54L,00054_L,1,NS5A,phdr_ras:NS5A:54L,REF_MASTER_NC_004102
NS5A:56R,NS5A,56R,00056_R,1,NS5A,phdr_ras:NS5A:56R,REF_MASTER_NC_004102
NS5A:58A,NS5A,58A,00058_A,1,NS5A,phdr_ras:NS5A:58A,REF_MASTER_NC_004102
NS5A:58A+93H,NS5A,58A+93H,00058_00093_A_H,36,NS5A,phdr_ras:NS5A:58A+93H,REF_MASTER_NC_004102
NS5A:58D,NS5A,58D,00058_D,1,NS5A,phdr_ras:NS5A:58D,REF_MASTER_NC_004102
NS5A:58D+30R,NS5A,58D+30R,00058_00030_D_R,29,NS5A,phdr_ras:NS5A:58D+30R,REF_MASTER_NC_004102
NS5A:58D+93C,NS5A,58D+93C,00058_00093_D_C,36,NS5A,phdr_ras:NS5A:58D+93C,REF_MASTER_NC_004102
NS5A:58D+93H,NS5A,58D+93H,00058_00093_D_H,36,NS5A,phdr_ras:NS5A:58D+93H,REF_MASTER_NC_004102
NS5A:58L,NS5A,58L,00058_L,1,NS5A,phdr_ras:NS5A:58L,REF_MASTER_NC_004102
NS5A:58L+93H,NS5A,58L+93H,00058_00093_L_H,36,NS5A,phdr_ras:NS5A:58L+93H,REF_MASTER_NC_004102
NS5A:58N,NS5A,58N,00058_N,1,NS5A,phdr_ras:NS5A:58N,REF_MASTER_NC_004102
NS5A:58P,NS5A,58P,00058_P,1,NS5A,phdr_ras:NS5A:58P,REF_MASTER_NC_004102
NS5A:58Q+93N,NS5A,58Q+93N,00058_00093_Q_N,36,NS5A,phdr_ras:NS5A:58Q+93N,REF_MASTER_NC_004102
NS5A:58S,NS5A,58S,00058_S,1,NS5A,phdr_ras:NS5A:58S,REF_MASTER_NC_004102
NS5A:58S+62T+93H,NS5A,58S+62T+93H,00058_00062_00093_S_T_H,36,NS5A,phdr_ras:NS5A:58S+62T+93H,REF_MASTER_NC_004102
NS5A:58S+93H,NS5A,58S+93H,00058_00093_S_H,36,NS5A,phdr_ras:NS5A:58S+93H,REF_MASTER_NC_004102
NS5A:58T,NS5A,58T,00058_T,1,NS5A,phdr_ras:NS5A:58T,REF_MASTER_NC_004102
NS5A:62A,NS5A,62A,00062_A,1,NS5A,phdr_ras:NS5A:62A,REF_MASTER_NC_004102
NS5A:62A+93H,NS5A,62A+93H,00062_00093_A_H,32,NS5A,phdr_ras:NS5A:62A+93H,REF_MASTER_NC_004102
NS5A:62D+93H,NS5A,62D+93H,00062_00093_D_H,32,NS5A,phdr_ras:NS5A:62D+93H,REF_MASTER_NC_004102
NS5A:62L,NS5A,62L,00062_L,1,NS5A,phdr_ras:NS5A:62L,REF_MASTER_NC_004102
NS5A:62T+93H,NS5A,62T+93H,00062_00093_T_H,32,NS5A,phdr_ras:NS5A:62T+93H,REF_MASTER_NC_004102
NS5A:8A+30H,NS5A,8A+30H,00008_00030_A_H,23,NS5A,phdr_ras:NS5A:8A+30H,REF_MASTER_NC_004102
NS5A:8A+58L,NS5A,8A+58L,00008_00058_A_L,51,NS5A,phdr_ras:NS5A:8A+58L,REF_MASTER_NC_004102
NS5A:92A+93H,NS5A,92A+93H,00092_00093_A_H,2,NS5A,phdr_ras:NS5A:92A+93H,REF_MASTER_NC_004102
NS5A:92E,NS5A,92E,00092_E,1,NS5A,phdr_ras:NS5A:92E,REF_MASTER_NC_004102
NS5A:92E+93H,NS5A,92E+93H,00092_00093_E_H,2,NS5A,phdr_ras:NS5A:92E+93H,REF_MASTER_NC_004102
NS5A:92K,NS5A,92K,00092_K,1,NS5A,phdr_ras:NS5A:92K,REF_MASTER_NC_004102
NS5A:92M+93H,NS5A,92M+93H,00092_00093_M_H,2,NS5A,phdr_ras:NS5A:92M+93H,REF_MASTER_NC_004102
NS5A:92R,NS5A,92R,00092_R,1,NS5A,phdr_ras:NS5A:92R,REF_MASTER_NC_004102
NS5A:92S,NS5A,92S,00092_S,1,NS5A,phdr_ras:NS5A:92S,REF_MASTER_NC_004102
NS5A:92T,NS5A,92T,00092_T,1,NS5A,phdr_ras:NS5A:92T,REF_MASTER_NC_004102
NS5A:92T+93H,NS5A,92T+93H,00092_00093_T_H,2,NS5A,phdr_ras:NS5A:92T+93H,REF_MASTER_NC_004102
NS5A:92V+93H,NS5A,92V+93H,00092_00093_V_H,2,NS5A,phdr_ras:NS5A:92V+93H,REF_MASTER_NC_004102
NS5A:93C,NS5A,93C,00093_C,1,NS5A,phdr_ras:NS5A:93C,REF_MASTER_NC_004102
NS5A:93F,NS5A,93F,00093_F,1,NS5A,phdr_ras:NS5A:93F,REF_MASTER_NC_004102
NS5A:93H,NS5A,93H,00093_H,1,NS5A,phdr_ras:NS5A:93H,REF_MASTER_NC_004102
NS5A:93H+99A,NS5A,93H+99A,00093_00099_H_A,7,NS5A,phdr_ras:NS5A:93H+99A,REF_MASTER_NC_004102
NS5A:93I,NS5A,93I,00093_I,1,NS5A,phdr_ras:NS5A:93I,REF_MASTER_NC_004102
NS5A:93L,NS5A,93L,00093_L,1,NS5A,phdr_ras:NS5A:93L,REF_MASTER_NC_004102
NS5A:93N,NS5A,93N,00093_N,1,NS5A,phdr_ras:NS5A:93N,REF_MASTER_NC_004102
NS5A:93R,NS5A,93R,00093_R,1,NS5A,phdr_ras:NS5A:93R,REF_MASTER_NC_004102
NS5A:93S,NS5A,93S,00093_S,1,NS5A,phdr_ras:NS5A:93S,REF_MASTER_NC_004102
NS5A:93W,NS5A,93W,00093_W,1,NS5A,phdr_ras:NS5A:93W,REF_MASTER_NC_004102
NS5B:100R,NS5B,100R,00100_R,1,NS5B,phdr_ras:NS5B:100R,REF_MASTER_NC_004102
NS5B:100R+188D,NS5B,100R+188D,00100_00188_R_D,89,NS5B,phdr_ras:NS5B:100R+188D,REF_MASTER_NC_004102
NS5B:150V,NS5B,150V,00150_V,1,NS5B,phdr_ras:NS5B:150V,REF_MASTER_NC_004102
NS5B:150V+206E,NS5B,150V+206E,00150_00206_V_E,57,NS5B,phdr_ras:NS5B:150V+206E,REF_MASTER_NC_004102
NS5B:159F,NS5B,159F,00159_F,1,NS5B,phdr_ras:NS5B:159F,REF_MASTER_NC_004102
NS5B:159F+282T,NS5B,159F+282T,00159_00282_F_T,124,NS5B,phdr_ras:NS5B:159F+282T,REF_MASTER_NC_004102
NS5B:159F+282T+320F,NS5B,159F+282T+320F,00159_00282_00320_F_T_F,162,NS5B,phdr_ras:NS5B:159F+282T+320F,REF_MASTER_NC_004102
NS5B:159F+316H,NS5B,159F+316H,00159_00316_F_H,158,NS5B,phdr_ras:NS5B:159F+316H,REF_MASTER_NC_004102
NS5B:159F+316N,NS5B,159F+316N,00159_00316_F_N,158,NS5B,phdr_ras:NS5B:159F+316N,REF_MASTER_NC_004102
NS5B:159F+320F,NS5B,159F+320F,00159_00320_F_F,162,NS5B,phdr_ras:NS5B:159F+320F,REF_MASTER_NC_004102
NS5B:159F+321A,NS5B,159F+321A,00159_00321_F_A,163,NS5B,phdr_ras:NS5B:159F+321A,REF_MASTER_NC_004102
NS5B:179A,NS5B,179A,00179_A,1,NS5B,phdr_ras:NS5B:179A,REF_MASTER_NC_004102
NS5B:179A+282T+289L+293L,NS5B,179A+282T+289L+293L,00179_00282_00289_00293_A_T_L_L,115,NS5B,phdr_ras:NS5B:179A+282T+289L+293L,REF_MASTER_NC_004102
NS5B:179A+282T+289L+293L+434T,NS5B,179A+282T+289L+293L+434T,00179_00282_00289_00293_00434_A_T_L_L_T,256,NS5B,phdr_ras:NS5B:179A+282T+289L+293L+434T,REF_MASTER_NC_004102
NS5B:179A+282T+289L+293L+479P,NS5B,179A+282T+289L+293L+479P,00179_00282_00289_00293_00479_A_T_L_L_P,301,NS5B,phdr_ras:NS5B:179A+282T+289L+293L+479P,REF_MASTER_NC_004102
NS5B:179A+282T+289L+479P,NS5B,179A+282T+289L+479P,00179_00282_00289_00479_A_T_L_P,301,NS5B,phdr_ras:NS5B:179A+282T+289L+479P,REF_MASTER_NC_004102
NS5B:179A+282T+293L,NS5B,179A+282T+293L,00179_00282_00293_A_T_L,115,NS5B,phdr_ras:NS5B:179A+282T+293L,REF_MASTER_NC_004102
NS5B:179A+282T+293L+479P,NS5B,179A+282T+293L+479P,00179_00282_00293_00479_A_T_L_P,301,NS5B,phdr_ras:NS5B:179A+282T+293L+479P,REF_MASTER_NC_004102
NS5B:188D,NS5B,188D,00188_D,1,NS5B,phdr_ras:NS5B:188D,REF_MASTER_NC_004102
NS5B:206E,NS5B,206E,00206_E,1,NS5B,phdr_ras:NS5B:206E,REF_MASTER_NC_004102
NS5B:237G,NS5B,237G,00237_G,1,NS5B,phdr_ras:NS5B:237G,REF_MASTER_NC_004102
NS5B:244I,NS5B,244I,00244_I,1,NS5B,phdr_ras:NS5B:244I,REF_MASTER_NC_004102
NS5B:282T,NS5B,282T,00282_T,1,NS5B,phdr_ras:NS5B:282T,REF_MASTER_NC_004102
NS5B:282T+159F,NS5B,282T+159F,00282_00159_T_F,124,NS5B,phdr_ras:NS5B:282T+159F,REF_MASTER_NC_004102
NS5B:282T+289L,NS5B,282T+289L,00282_00289_T_L,8,NS5B,phdr_ras:NS5B:282T+289L,REF_MASTER_NC_004102
NS5B:282T+289L+293L+434T,NS5B,282T+289L+293L+434T,00282_00289_00293_00434_T_L_L_T,153,NS5B,phdr_ras:NS5B:282T+289L+293L+434T,REF_MASTER_NC_004102
NS5B:282T+289L+293L+479P,NS5B,282T+289L+293L+479P,00282_00289_00293_00479_T_L_L_P,198,NS5B,phdr_ras:NS5B:282T+289L+293L+479P,REF_MASTER_NC_004102
NS5B:282T+289L+479P,NS5B,282T+289L+479P,00282_00289_00479_T_L_P,198,NS5B,phdr_ras:NS5B:282T+289L+479P,REF_MASTER_NC_004102
NS5B:282T+320F,NS5B,282T+320F,00282_00320_T_F,39,NS5B,phdr_ras:NS5B:282T+320F,REF_MASTER_NC_004102
NS5B:282T+321I,NS5B,282T+321I,00282_00321_T_I,40,NS5B,phdr_ras:NS5B:282T+321I,REF_MASTER_NC_004102
NS5B:289I,NS5B,289I,00289_I,1,NS5B,phdr_ras:NS5B:289I,REF_MASTER_NC_004102
NS5B:289L,NS5B,289L,00289_L,1,NS5B,phdr_ras:NS5B:289L,REF_MASTER_NC_004102
NS5B:316H,NS5B,316H,00316_H,1,NS5B,phdr_ras:NS5B:316H,REF_MASTER_NC_004102
NS5B:316H+321I,NS5B,316H+321I,00316_00321_H_I,6,NS5B,phdr_ras:NS5B:316H+321I,REF_MASTER_NC_004102
NS5B:316N,NS5B,316N,00316_N,1,NS5B,phdr_ras:NS5B:316N,REF_MASTER_NC_004102
NS5B:316N+556G,NS5B,316N+556G,00316_00556_N_G,241,NS5B,phdr_ras:NS5B:316N+556G,REF_MASTER_NC_004102
NS5B:316Y,NS5B,316Y,00316_Y,1,NS5B,phdr_ras:NS5B:316Y,REF_MASTER_NC_004102
NS5B:316Y+414I,NS5B,316Y+414I,00316_00414_Y_I,99,NS5B,phdr_ras:NS5B:316Y+414I,REF_MASTER_NC_004102
NS5B:316Y+556G,NS5B,316Y+556G,00316_00556_Y_G,241,NS5B,phdr_ras:NS5B:316Y+556G,REF_MASTER_NC_004102
NS5B:320F,NS5B,320F,00320_F,1,NS5B,phdr_ras:NS5B:320F,REF_MASTER_NC_004102
NS5B:321A,NS5B,321A,00321_A,1,NS5B,phdr_ras:NS5B:321A,REF_MASTER_NC_004102
NS5B:321I,NS5B,321I,00321_I,1,NS5B,phdr_ras:NS5B:321I,REF_MASTER_NC_004102
NS5B:368T,NS5B,368T,00368_T,1,NS5B,phdr_ras:NS5B:368T,REF_MASTER_NC_004102
NS5B:395G,NS5B,395G,00395_G,1,NS5B,phdr_ras:NS5B:395G,REF_MASTER_NC_004102
NS5B:411S,NS5B,411S,00411_S,1,NS5B,phdr_ras:NS5B:411S,REF_MASTER_NC_004102
NS5B:414I,NS5B,414I,00414_I,1,NS5B,phdr_ras:NS5B:414I,REF_MASTER_NC_004102
NS5B:414T,NS5B,414T,00414_T,1,NS5B,phdr_ras:NS5B:414T,REF_MASTER_NC_004102
NS5B:414T+556G,NS5B,414T+556G,00414_00556_T_G,143,NS5B,phdr_ras:NS5B:414T+556G,REF_MASTER_NC_004102
NS5B:444K,NS5B,444K,00444_K,1,NS5B,phdr_ras:NS5B:444K,REF_MASTER_NC_004102
NS5B:445F,NS5B,445F,00445_F,1,NS5B,phdr_ras:NS5B:445F,REF_MASTER_NC_004102
NS5B:448C,NS5B,448C,00448_C,1,NS5B,phdr_ras:NS5B:448C,REF_MASTER_NC_004102
NS5B:448H,NS5B,448H,00448_H,1,NS5B,phdr_ras:NS5B:448H,REF_MASTER_NC_004102
NS5B:451S,NS5B,451S,00451_S,1,NS5B,phdr_ras:NS5B:451S,REF_MASTER_NC_004102
NS5B:495A,NS5B,495A,00495_A,1,NS5B,phdr_ras:NS5B:495A,REF_MASTER_NC_004102
NS5B:553T,NS5B,553T,00553_T,1,NS5B,phdr_ras:NS5B:553T,REF_MASTER_NC_004102
NS5B:553V,NS5B,553V,00553_V,1,NS5B,phdr_ras:NS5B:553V,REF_MASTER_NC_004102
NS5B:554S+556G,NS5B,554S+556G,00554_00556_S_G,3,NS5B,phdr_ras:NS5B:554S+556G,REF_MASTER_NC_004102
NS5B:556G,NS5B,556G,00556_G,1,NS5B,phdr_ras:NS5B:556G,REF_MASTER_NC_004102
NS5B:556N,NS5B,556N,00556_N,1,NS5B,phdr_ras:NS5B:556N,REF_MASTER_NC_004102
NS5B:556R,NS5B,556R,00556_R,1,NS5B,phdr_ras:NS5B:556R,REF_MASTER_NC_004102
NS5B:558R,NS5B,558R,00558_R,1,NS5B,phdr_ras:NS5B:558R,REF_MASTER_NC_004102
NS5B:559G,NS5B,559G,00559_G,1,NS5B,phdr_ras:NS5B:559G,REF_MASTER_NC_004102
NS5B:565F,NS5B,565F,00565_F,1,NS5B,phdr_ras:NS5B:565F,REF_MASTER_NC_004102
NS5B:585V,NS5B,585V,00585_V,1,NS5B,phdr_ras:NS5B:585V,REF_MASTER_NC_004102
