id,phdr_alignment_ras_drug_id,phdr_publication_id,phdr_in_vitro_result_id,phdr_in_vivo_result_id
DCV_1,NS5A:28M:AL_1b:daclatasvir,20585111,DCV_1,
DCV_10,NS5A:23F+31F:AL_1b:daclatasvir,20585111,DCV_10,
DCV_100,NS5A:30K:AL_3a:daclatasvir,23089758,DCV_100,
DCV_101,NS5A:31F:AL_3a:daclatasvir,23089758,DCV_101,
DCV_102,NS5A:62L:AL_3a:daclatasvir,23089758,DCV_102,
DCV_103,NS5A:93H:AL_3a:daclatasvir,23089758,DCV_103,
DCV_104,NS5A:30K:AL_3a:daclatasvir,23384816,DCV_104,
DCV_105,NS5A:31V:AL_3a:daclatasvir,23384816,DCV_105,
DCV_106,NS5A:31M:AL_3a:daclatasvir,23384816,DCV_106,
DCV_107,NS5A:62L:AL_3a:daclatasvir,23384816,DCV_107,
DCV_108,NS5A:93H:AL_3a:daclatasvir,23384816,DCV_108,
DCV_109,NS5A:28V+93H:AL_3a:daclatasvir,23384816,DCV_109,
DCV_11,NS5A:23F+93H:AL_1b:daclatasvir,20585111,DCV_11,
DCV_110,NS5A:30V+93H:AL_3a:daclatasvir,23384816,DCV_110,
DCV_111,NS5A:30K+31M:AL_3a:daclatasvir,23384816,DCV_111,
DCV_112,NS5A:58S+93H:AL_3a:daclatasvir,23384816,DCV_112,
DCV_113,NS5A:62A+93H:AL_3a:daclatasvir,23384816,DCV_113,
DCV_114,NS5A:62T+93H:AL_3a:daclatasvir,23384816,DCV_114,
DCV_115,NS5A:92A+93H:AL_3a:daclatasvir,23384816,DCV_115,
DCV_116,NS5A:31V+93H:AL_1b:daclatasvir,24448487,,DCV_116
DCV_117,NS5A:31M+93H:AL_1b:daclatasvir,24448487,,DCV_117
DCV_118,NS5A:31I+93H:AL_1b:daclatasvir,24448487,,DCV_118
DCV_119,NS5A:31F+32del:AL_1b:daclatasvir,24448487,,DCV_119
DCV_12,NS5A:30del+32L:AL_1b:daclatasvir,20585111,DCV_12,
DCV_120,NS5A:28M+30Q+92K:AL_1b:daclatasvir,24448487,,DCV_120
DCV_121,NS5A:31F:AL_5a:daclatasvir,24936600,DCV_121,
DCV_122,NS5A:31V:AL_5a:daclatasvir,24936600,DCV_122,
DCV_123,NS5A:56R:AL_5a:daclatasvir,24936600,DCV_123,
DCV_124,NS5A:31F+56R:AL_5a:daclatasvir,24936600,DCV_124,
DCV_125,NS5A:31V+56R:AL_5a:daclatasvir,24936600,DCV_125,
DCV_126,NS5A:24H:AL_6a:daclatasvir,24936600,DCV_126,
DCV_127,NS5A:31M:AL_6a:daclatasvir,24936600,DCV_127,
DCV_128,NS5A:32L:AL_6a:daclatasvir,24936600,DCV_128,
DCV_129,NS5A:32S:AL_6a:daclatasvir,24936600,DCV_129,
DCV_13,NS5A:30Q+31F:AL_1b:daclatasvir,20585111,DCV_13,
DCV_130,NS5A:58A:AL_6a:daclatasvir,24936600,DCV_130,
DCV_131,NS5A:58N:AL_6a:daclatasvir,24936600,DCV_131,
DCV_132,NS5A:58S:AL_6a:daclatasvir,24936600,DCV_132,
DCV_133,NS5A:28S+31M:AL_2a:daclatasvir,24936600,DCV_133,
DCV_134,NS5A:30A:AL_4a:daclatasvir,26170396,DCV_134,
DCV_135,NS5A:30H:AL_4a:daclatasvir,26170396,DCV_135,
DCV_136,NS5A:30S:AL_4a:daclatasvir,26170396,DCV_136,
DCV_137,NS5A:31V:AL_4a:daclatasvir,26170396,DCV_137,
DCV_138,NS5A:93H:AL_4a:daclatasvir,26170396,DCV_138,
DCV_139,NS5A:93S:AL_4a:daclatasvir,26170396,DCV_139,
DCV_14,NS5A:31F+93H:AL_1b:daclatasvir,20585111,DCV_14,
DCV_140,NS5A:93W:AL_4a:daclatasvir,26170396,DCV_140,
DCV_141,NS5A:31M:AL_2:daclatasvir,26196502,,DCV_141
DCV_142,NS5A:30S:AL_3:daclatasvir,26196502,,DCV_142
DCV_143,NS5A:93N:AL_1a:daclatasvir,26196502,,DCV_143
DCV_144,NS5A:30R:AL_1a:daclatasvir,26196502,,DCV_144
DCV_145,NS5A:30E:AL_1a:daclatasvir,26196502,,DCV_145
DCV_146,NS5A:30R:AL_1a:daclatasvir,26196502,,DCV_146
DCV_147,NS5A:28M:AL_1b:daclatasvir,26453968,,DCV_147
DCV_148,NS5A:30L:AL_1b:daclatasvir,26453968,,DCV_148
DCV_149,NS5A:30Q:AL_1b:daclatasvir,26453968,,DCV_149
DCV_15,NS5A:31M+93H:AL_1b:daclatasvir,20585111,DCV_15,
DCV_150,NS5A:30S:AL_1b:daclatasvir,26453968,,DCV_150
DCV_151,NS5A:31M:AL_1b:daclatasvir,26453968,,DCV_151
DCV_152,NS5A:31V:AL_1b:daclatasvir,26453968,,DCV_152
DCV_153,NS5A:93H:AL_1b:daclatasvir,26453968,,DCV_153
DCV_154,NS5A:30W:AL_1b:daclatasvir,26453968,,DCV_154
DCV_155,NS5A:31F:AL_1b:daclatasvir,26453968,,DCV_155
DCV_156,NS5A:32del:AL_1b:daclatasvir,26453968,,DCV_156
DCV_157,NS5A:93H:AL_3:daclatasvir,26822022,,DCV_157
DCV_158,NS5A:93H:AL_1b:daclatasvir,26878268,,DCV_158
DCV_159,NS5A:30Q:AL_1b:daclatasvir,26878268,,DCV_159
DCV_16,NS5A:31V+58S:AL_1b:daclatasvir,20585111,DCV_16,
DCV_160,NS5A:30H:AL_1b:daclatasvir,26878268,,DCV_160
DCV_161,NS5A:30L:AL_1b:daclatasvir,26878268,,DCV_161
DCV_162,NS5A:31M:AL_1b:daclatasvir,26878268,,DCV_162
DCV_163,NS5A:31I:AL_1b:daclatasvir,26878268,,DCV_163
DCV_164,NS5A:31M+93H:AL_1b:daclatasvir,26878268,,DCV_164
DCV_165,NS5A:30Q+93H:AL_1b:daclatasvir,26878268,,DCV_165
DCV_166,NS5A:54L:AL_1b:daclatasvir,26878268,,DCV_166
DCV_167,NS5A:92K:AL_1b:daclatasvir,26878268,,DCV_167
DCV_168,NS5A:32del:AL_1b:daclatasvir,26878268,,DCV_168
DCV_169,NS5A:29del:AL_1b:daclatasvir,26878268,,DCV_169
DCV_17,NS5A:31V+93H:AL_1b:daclatasvir,20585111,DCV_17,
DCV_170,NS5A:31M:AL_1b:daclatasvir,27003037,,DCV_170
DCV_171,NS5A:93H:AL_1b:daclatasvir,27003037,,DCV_171
DCV_172,NS5A:31M+93H:AL_1b:daclatasvir,27003037,,DCV_172
DCV_173,NS5A:31F:AL_1b:daclatasvir,27003037,,DCV_173
DCV_174,NS5A:31V:AL_1b:daclatasvir,27003037,,DCV_174
DCV_175,NS5A:28T+93H:AL_1b:daclatasvir,27009831,,DCV_175
DCV_176,NS5A:32del:AL_1b:daclatasvir,27009831,,DCV_176
DCV_177,NS5A:31V+93H:AL_1b:daclatasvir,27009831,,DCV_177
DCV_178,NS5A:30H+93H:AL_1b:daclatasvir,27009831,,DCV_178
DCV_179,NS5A:31M+93H:AL_1b:daclatasvir,27009831,,DCV_179
DCV_18,NS5A:37L+93H:AL_1b:daclatasvir,20585111,DCV_18,
DCV_180,NS5A:93H:AL_1b:daclatasvir,27009831,,DCV_180
DCV_181,NS5A:28V+30Q:AL_1b:daclatasvir,27009831,,DCV_181
DCV_182,NS5A:30Q:AL_1b:daclatasvir,27009831,,DCV_182
DCV_183,NS5A:30G:AL_1b:daclatasvir,27009831,,DCV_183
DCV_184,NS5A:58S:AL_1b:daclatasvir,27009831,,DCV_184
DCV_185,NS5A:32L:AL_1b:daclatasvir,27009831,,DCV_185
DCV_186,NS5A:29S:AL_1b:daclatasvir,27009831,,DCV_186
DCV_187,NS5A:28I+30Q:AL_1b:daclatasvir,27009831,,DCV_187
DCV_188,NS5A:31M:AL_1b:daclatasvir,27597318,,DCV_188
DCV_189,NS5A:93H:AL_1b:daclatasvir,27597318,,DCV_189
DCV_19,NS5A:54H+93H:AL_1b:daclatasvir,20585111,DCV_19,
DCV_190,NS5A:31I+92K:AL_1b:daclatasvir,27236547,,DCV_190
DCV_191,NS5A:31M:AL_2b:daclatasvir,27605597,,DCV_191
DCV_192,NS5A:31M:AL_2a:daclatasvir,27605597,,DCV_192
DCV_193,NS5A:28C:AL_2a:daclatasvir,27605597,,DCV_193
DCV_194,NS5A:31M:AL_2a:daclatasvir,27605597,,DCV_194
DCV_195,NS5A:24S+28G:AL_2a:daclatasvir,27605597,,DCV_195
DCV_196,NS5A:28C+31M:AL_2a:daclatasvir,27605597,,DCV_196
DCV_197,NS5A:28S:AL_2a:daclatasvir,27605597,,DCV_197
DCV_198,NS5A:24S+92S:AL_2b:daclatasvir,27605597,,DCV_198
DCV_199,NS5A:28L:AL_2b:daclatasvir,27605597,,DCV_199
DCV_2,NS5A:28T:AL_1b:daclatasvir,20585111,DCV_2,
DCV_20,NS5A:28T:AL_1a:daclatasvir,20410884,DCV_20,
DCV_200,NS5A:28L+31M:AL_2b:daclatasvir,27605597,,DCV_200
DCV_201,NS5A:24S+31M:AL_2i:daclatasvir,27605597,,DCV_201
DCV_202,NS5A:31M:AL_2b:daclatasvir,27605597,,DCV_202
DCV_203,NS5A:28C:AL_2a:daclatasvir,27605597,DCV_203,
DCV_204,NS5A:31M:AL_2a:daclatasvir,27605597,DCV_204,
DCV_205,NS5A:93H:AL_2a:daclatasvir,27605597,DCV_205,
DCV_206,NS5A:31M:AL_2b:daclatasvir,27605597,DCV_206,
DCV_207,NS5A:28L+31M:AL_2b:daclatasvir,27605597,DCV_207,
DCV_208,NS5A:28L+93H:AL_2b:daclatasvir,27605597,DCV_208,
DCV_209,NS5A:28L+31M+92S:AL_2b:daclatasvir,27605597,DCV_209,
DCV_21,NS5A:30E:AL_1a:daclatasvir,20585111,DCV_21,
DCV_210,NS5A:28A+30K:AL_1a:daclatasvir,28369411,,DCV_210
DCV_211,NS5A:28T:AL_1a:daclatasvir,28369411,,DCV_211
DCV_212,NS5A:30E:AL_1a:daclatasvir,28369411,,DCV_212
DCV_213,NS5A:30K:AL_1a:daclatasvir,28369411,,DCV_213
DCV_214,NS5A:28T:AL_1a:daclatasvir,28369411,,DCV_214
DCV_215,NS5A:28T:AL_1a:daclatasvir,28941023,,DCV_215
DCV_216,NS5A:30E:AL_1a:daclatasvir,28941023,,DCV_216
DCV_217,NS5A:30H:AL_1a:daclatasvir,28941023,,DCV_217
DCV_218,NS5A:30R:AL_1a:daclatasvir,28941023,,DCV_218
DCV_219,NS5A:93C:AL_1a:daclatasvir,28941023,,DCV_219
DCV_22,NS5A:30K:AL_1a:daclatasvir,20585111,DCV_22,
DCV_220,NS5A:93H:AL_1a:daclatasvir,28941023,,DCV_220
DCV_221,NS5A:93N:AL_1a:daclatasvir,28941023,,DCV_221
DCV_222,NS5A:31M:AL_1b:daclatasvir,28941023,,DCV_222
DCV_223,NS5A:31V:AL_1b:daclatasvir,28941023,,DCV_223
DCV_224,NS5A:93H:AL_1b:daclatasvir,28941023,,DCV_224
DCV_225,NS5A:93N:AL_1b:daclatasvir,28941023,,DCV_225
DCV_226,NS5A:93H:AL_3:daclatasvir,28941023,,DCV_226
DCV_227,NS5A:28S:AL_4:daclatasvir,28941023,,DCV_227
DCV_228,NS5A:93H:AL_4:daclatasvir,28941023,,DCV_228
DCV_229,NS5A:93H:AL_3:daclatasvir,29271114,,DCV_229
DCV_23,NS5A:30H:AL_1a:daclatasvir,20410884,DCV_23,
DCV_230,NS5A:28M:AL_4:daclatasvir,29271114,,DCV_230
DCV_231,NS5A:31M:AL_1b:daclatasvir,29271114,,DCV_231
DCV_232,NS5A:28I:AL_1b:daclatasvir,29271114,,DCV_232
DCV_233,NS5A:31M:AL_2:daclatasvir,29271114,,DCV_233
DCV_234,NS5A:93H:AL_1b:daclatasvir,29271114,,DCV_234
DCV_235,NS5A:31M:AL_1b:daclatasvir,29271114,,DCV_235
DCV_236,NS5A:28T:AL_1a:daclatasvir,29271114,,DCV_236
DCV_237,NS5A:30E:AL_1a:daclatasvir,29271114,,DCV_237
DCV_238,NS5A:28V+30Q:AL_4:daclatasvir,29271114,,DCV_238
DCV_239,NS5A:30S:AL_4:daclatasvir,29271114,,DCV_239
DCV_24,NS5A:30R:AL_1a:daclatasvir,20410884,DCV_24,
DCV_240,NS5A:30H:AL_1a:daclatasvir,29274866,DCV_240,
DCV_241,NS5A:30R:AL_1a:daclatasvir,29274866,DCV_241,
DCV_242,NS5A:93C:AL_1a:daclatasvir,29274866,DCV_242,
DCV_243,NS5A:93H:AL_1a:daclatasvir,29274866,DCV_243,
DCV_244,NS5A:93H:AL_1b:daclatasvir,29274866,DCV_244,
DCV_245,NS5A:93N:AL_1b:daclatasvir,29274866,DCV_245,
DCV_246,NS5A:28M+93N:AL_1b:daclatasvir,29274866,DCV_246,
DCV_247,NS5A:28M:AL_1b:daclatasvir,29274866,DCV_247,
DCV_248,NS5A:30K:AL_1a:daclatasvir,29274866,DCV_248,
DCV_249,NS5A:24A:AL_2a:daclatasvir,29274866,DCV_249,
DCV_25,NS5A:31M:AL_1a:daclatasvir,20410884,DCV_25,
DCV_250,NS5A:24S:AL_2a:daclatasvir,29274866,DCV_250,
DCV_251,NS5A:28S:AL_2a:daclatasvir,29274866,DCV_251,
DCV_252,NS5A:92S:AL_2a:daclatasvir,29274866,DCV_252,
DCV_253,NS5A:93H:AL_2a:daclatasvir,29274866,DCV_253,
DCV_254,NS5A:93N:AL_2a:daclatasvir,29274866,DCV_254,
DCV_255,NS5A:28S+93H:AL_2a:daclatasvir,29274866,DCV_255,
DCV_256,NS5A:62D+93H:AL_2a:daclatasvir,29274866,DCV_256,
DCV_257,NS5A:31M:AL_2a:daclatasvir,29274866,DCV_257,
DCV_258,NS5A:92R:AL_2b:daclatasvir,29274866,DCV_258,
DCV_259,NS5A:93H:AL_2b:daclatasvir,29274866,DCV_259,
DCV_26,NS5A:31V:AL_1a:daclatasvir,20410884,DCV_26,
DCV_260,NS5A:24F+93H:AL_2b:daclatasvir,29274866,DCV_260,
DCV_261,NS5A:24T+93H:AL_2b:daclatasvir,29274866,DCV_261,
DCV_262,NS5A:31F:AL_3a:daclatasvir,29274866,DCV_262,
DCV_263,NS5A:93H:AL_3a:daclatasvir,29274866,DCV_263,
DCV_264,NS5A:31F+93H:AL_3a:daclatasvir,29274866,DCV_264,
DCV_265,NS5A:93H+99A:AL_3a:daclatasvir,29274866,DCV_265,
DCV_266,NS5A:30H:AL_4a:daclatasvir,29274866,DCV_266,
DCV_267,NS5A:30S:AL_4a:daclatasvir,29274866,DCV_267,
DCV_268,NS5A:58L:AL_4a:daclatasvir,29274866,DCV_268,
DCV_269,NS5A:93H:AL_4a:daclatasvir,29274866,DCV_269,
DCV_27,NS5A:32L:AL_1a:daclatasvir,20585111,DCV_27,
DCV_270,NS5A:8A+30H:AL_4a:daclatasvir,29274866,DCV_270,
DCV_271,NS5A:8A+58L:AL_4a:daclatasvir,29274866,DCV_271,
DCV_272,NS5A:31F:AL_5a:daclatasvir,29274866,DCV_272,
DCV_273,NS5A:31V:AL_5a:daclatasvir,29274866,DCV_273,
DCV_274,NS5A:31F+129H:AL_5a:daclatasvir,29274866,DCV_274,
DCV_275,NS5A:28F:AL_6a:daclatasvir,29274866,DCV_275,
DCV_276,NS5A:30H:AL_6a:daclatasvir,29274866,DCV_276,
DCV_277,NS5A:31M:AL_6a:daclatasvir,29274866,DCV_277,
DCV_278,NS5A:58A:AL_6a:daclatasvir,29274866,DCV_278,
DCV_279,NS5A:58N:AL_6a:daclatasvir,29274866,DCV_279,
DCV_28,NS5A:93C:AL_1a:daclatasvir,20410884,DCV_28,
DCV_280,NS5A:30G:AL_7a:daclatasvir,29274866,DCV_280,
DCV_281,NS5A:31F:AL_7a:daclatasvir,29274866,DCV_281,
DCV_282,NS5A:24R+30G:AL_7a:daclatasvir,29274866,DCV_282,
DCV_283,NS5A:24R+31F:AL_7a:daclatasvir,29274866,DCV_283,
DCV_284,NS5A:31V:AL_1a:daclatasvir,29274866,DCV_284,
DCV_285,NS5A:32del:AL_1a:daclatasvir,29274866,DCV_285,
DCV_286,NS5A:93N:AL_1a:daclatasvir,29274866,DCV_286,
DCV_287,NS5A:31V:AL_1b:daclatasvir,29274866,DCV_287,
DCV_288,NS5A:32del:AL_1b:daclatasvir,29274866,DCV_288,
DCV_289,NS5A:31M+93H:AL_1b:daclatasvir,29274866,DCV_289,
DCV_29,NS5A:93H:AL_1a:daclatasvir,20585111,DCV_29,
DCV_290,NS5A:31V:AL_2a:daclatasvir,29274866,DCV_290,
DCV_291,NS5A:31V:AL_3a:daclatasvir,29274866,DCV_291,
DCV_292,NS5A:31V:AL_4a:daclatasvir,29274866,DCV_292,
DCV_293,NS5A:31V:AL_5a:daclatasvir,29274866,DCV_293,
DCV_294,NS5A:31V:AL_6a:daclatasvir,29274866,DCV_294,
DCV_295,NS5A:31M:AL_1b:daclatasvir,29599611,,DCV_295
DCV_296,NS5A:31V:AL_1b:daclatasvir,29599611,,DCV_296
DCV_297,NS5A:93H:AL_1b:daclatasvir,29599611,,DCV_297
DCV_298,NS5A:30S:AL_4r:daclatasvir,30125371,,DCV_298
DCV_299,NS5A:28V+30R+31M:AL_4r:daclatasvir,30125371,,DCV_299
DCV_3,NS5A:30E:AL_1b:daclatasvir,20585111,DCV_3,
DCV_30,NS5A:93N:AL_1a:daclatasvir,20585111,DCV_30,
DCV_300,NS5A:31I+54H+92T:AL_1b:daclatasvir,28078469,,DCV_300
DCV_301,NS5A:31I+54H+92K:AL_1b:daclatasvir,28078469,,DCV_301
DCV_302,NS5A:24K+28M+30H+92T:AL_1b:daclatasvir,28078469,,DCV_302
DCV_303,NS5A:24K+28M+30Q+92T:AL_1b:daclatasvir,28078469,,DCV_303
DCV_304,NS5A:24K+28M+92T:AL_1b:daclatasvir,28078469,,DCV_304
DCV_305,NS5A:30G+31I:AL_1b:daclatasvir,28078469,,DCV_305
DCV_306,NS5A:24K+28V+92T:AL_1b:daclatasvir,28078469,,DCV_306
DCV_307,NS5A:24K+28M+30Q+37V+54H:AL_1b:daclatasvir,28078469,,DCV_307
DCV_308,NS5A:30E+93N:AL_1b:daclatasvir,28078469,,DCV_308
DCV_309,NS5A:37L:AL_1b:daclatasvir,28078469,,DCV_309
DCV_31,NS5A:28T+30H:AL_1a:daclatasvir,20585111,DCV_31,
DCV_310,NS5A:31V+54H+58S+93H:AL_1b:daclatasvir,28078469,,DCV_310
DCV_311,NS5A:37L:AL_1b:daclatasvir,28078469,,DCV_311
DCV_312,NS5A:31M+93H:AL_1b:daclatasvir,28078469,,DCV_312
DCV_313,NS5A:24K+28I+30Q+31I+32L+54Y:AL_1b:daclatasvir,28078469,,DCV_313
DCV_314,NS5A:28M+37L+58R:AL_1b:daclatasvir,28078469,,DCV_314
DCV_315,NS5A:58Q+93N:AL_1b:daclatasvir,28078469,,DCV_315
DCV_316,NS5A:37I:AL_1b:daclatasvir,28078469,,DCV_316
DCV_317,NS5A:31F+93H:AL_1b:daclatasvir,28078469,,DCV_317
DCV_318,NS5A:37L+54H:AL_1b:daclatasvir,28078469,,DCV_318
DCV_319,NS5A:31V+93H:AL_1b:daclatasvir,28078469,,DCV_319
DCV_32,NS5A:30H+93H:AL_1a:daclatasvir,20585111,DCV_32,
DCV_320,NS5A:24K+28M:AL_1b:daclatasvir,28078469,,DCV_320
DCV_321,NS5A:30G:AL_1b:daclatasvir,28078469,,DCV_321
DCV_322,NS5A:31M+93H:AL_1b:daclatasvir,28078469,,DCV_322
DCV_323,NS5A:24K+28M+30Q+92T:AL_1b:daclatasvir,28078469,,DCV_323
DCV_324,NS5A:92K:AL_1b:daclatasvir,28078469,,DCV_324
DCV_325,NS5A:37L+54L+92T:AL_1b:daclatasvir,28078469,,DCV_325
DCV_326,NS5A:31M+93H:AL_1b:daclatasvir,28078469,,DCV_326
DCV_327,NS5A:31I+93H:AL_1b:daclatasvir,28078469,,DCV_327
DCV_328,NS5A:37L+54Y:AL_1b:daclatasvir,28078469,,DCV_328
DCV_329,NS5A:31V+54H+93H:AL_1b:daclatasvir,28078469,,DCV_329
DCV_33,NS5A:31V+93H:AL_1a:daclatasvir,20585111,DCV_33,
DCV_330,NS5A:24K+28V+30Q:AL_1b:daclatasvir,28078469,,DCV_330
DCV_331,NS5A:32L:AL_1b:daclatasvir,28078469,,DCV_331
DCV_332,NS5A:24K+28M+30Q:AL_1b:daclatasvir,28078469,,DCV_332
DCV_333,NS5A:24K+28M+30L:AL_1b:daclatasvir,28078469,,DCV_333
DCV_334,NS5A:30H+93H:AL_1b:daclatasvir,28078469,,DCV_334
DCV_335,NS5A:37L:AL_1b:daclatasvir,28078469,,DCV_335
DCV_336,NS5A:31M+93H:AL_1b:daclatasvir,28078469,,DCV_336
DCV_337,NS5A:37Y+54H:AL_1b:daclatasvir,28078469,,DCV_337
DCV_338,NS5A:24R+30Q+31M+37L+93H:AL_1b:daclatasvir,28078469,,DCV_338
DCV_339,NS5A:31V+37L+93H:AL_1b:daclatasvir,28078469,,DCV_339
DCV_34,NS5A:28S:AL_2a:daclatasvir,21593143,DCV_34,
DCV_340,NS5A:30Q+93H:AL_1b:daclatasvir,24444658,,DCV_340
DCV_341,NS5A:31V+58S:AL_1b:daclatasvir,24444658,,DCV_341
DCV_342,NS5A:32del:AL_1b:daclatasvir,24444658,,DCV_342
DCV_343,NS5A:31V:AL_1b:daclatasvir,24444658,,DCV_343
DCV_344,NS5A:30R+31M:AL_1b:daclatasvir,24444658,,DCV_344
DCV_345,NS5A:30R+93H:AL_1b:daclatasvir,24444658,,DCV_345
DCV_346,NS5A:30R+31M:AL_1a:daclatasvir,24444658,,DCV_346
DCV_347,NS5A:30R+93H:AL_1a:daclatasvir,24444658,,DCV_347
DCV_348,NS5A:28V:AL_1a:daclatasvir,24444658,,DCV_348
DCV_349,NS5A:28V:AL_1b:daclatasvir,24444658,,DCV_349
DCV_35,NS5A:31M:AL_2a:daclatasvir,21593143,DCV_35,
DCV_350,NS5A:28A+30R:AL_1a:daclatasvir,24444658,,DCV_350
DCV_351,NS5A:30E:AL_1a:daclatasvir,24444658,,DCV_351
DCV_352,NS5A:30E:AL_1b:daclatasvir,24444658,,DCV_352
DCV_353,NS5A:30E+62Q:AL_1a:daclatasvir,24444658,,DCV_353
DCV_354,NS5A:30R+58D:AL_1a:daclatasvir,24444658,,DCV_354
DCV_355,NS5A:30R+58D:AL_1b:daclatasvir,24444658,,DCV_355
DCV_356,NS5A:31M+93C:AL_1a:daclatasvir,24444658,,DCV_356
DCV_357,NS5A:31M+93C:AL_1b:daclatasvir,24444658,,DCV_357
DCV_358,NS5A:93N:AL_1a:daclatasvir,24444658,,DCV_358
DCV_359,NS5A:93N:AL_1b:daclatasvir,24444658,,DCV_359
DCV_36,NS5A:92R:AL_2a:daclatasvir,21593143,DCV_36,
DCV_360,NS5A:93H:AL_3a:daclatasvir,26822022,,DCV_360
DCV_361,NS5A:93N:AL_1a:daclatasvir,27025835,,DCV_361
DCV_362,NS5A:30R:AL_1a:daclatasvir,27025835,,DCV_362
DCV_363,NS5A:30T+93H:AL_3a:daclatasvir,25614962,,DCV_363
DCV_364,NS5A:30K+93H:AL_3a:daclatasvir,25614962,,DCV_364
DCV_365,NS5A:30K:AL_3a:daclatasvir,25614962,,DCV_365
DCV_366,NS5A:30H:AL_1a:daclatasvir,29146520,,DCV_366
DCV_367,NS5A:30R:AL_1a:daclatasvir,29146520,,DCV_367
DCV_368,NS5A:31M:AL_1a:daclatasvir,29146520,,DCV_368
DCV_369,NS5A:31M:AL_1b:daclatasvir,29146520,,DCV_369
DCV_37,NS5A:93H:AL_2a:daclatasvir,21593143,DCV_37,
DCV_370,NS5A:93H:AL_1b:daclatasvir,29146520,,DCV_370
DCV_371,NS5A:28M:AL_4:daclatasvir,29146520,,DCV_371
DCV_372,NS5A:93C:AL_4:daclatasvir,29146520,,DCV_372
DCV_373,NS5A:93H:AL_4:daclatasvir,29146520,,DCV_373
DCV_374,NS5A:28V+30R+31M:AL_4r:daclatasvir,30125371,,DCV_374
DCV_375,NS5A:28V+30S+31M:AL_4r:daclatasvir,30125371,,DCV_375
DCV_376,NS5A:28M+30R+31M:AL_4r:daclatasvir,30125371,,DCV_376
DCV_377,NS5A:28M+30Q+31M:AL_1l:daclatasvir,28789880,,DCV_377
DCV_378,NS5A:30K+93H:AL_3a:daclatasvir,29425396,DCV_378,
DCV_379,NS5A:30K+31M:AL_3a:daclatasvir,29425396,DCV_379,
DCV_38,NS5A:30E+92R:AL_2a:daclatasvir,21593143,DCV_38,
DCV_380,NS5A:30K+31M+93H:AL_3a:daclatasvir,29425396,DCV_380,
DCV_39,NS5A:30Q+92R:AL_2a:daclatasvir,21593143,DCV_39,
DCV_4,NS5A:31F:AL_1b:daclatasvir,20585111,DCV_4,
DCV_40,NS5A:31M:AL_1b:daclatasvir,21809362,DCV_40,
DCV_41,NS5A:31V:AL_1b:daclatasvir,21809362,DCV_41,
DCV_42,NS5A:93H:AL_1b:daclatasvir,21809362,DCV_42,
DCV_43,NS5A:31M+93H:AL_1b:daclatasvir,21809362,DCV_43,
DCV_44,NS5A:31V+93H:AL_1b:daclatasvir,21809362,DCV_44,
DCV_45,NS5A:54H+93H:AL_1b:daclatasvir,21809362,DCV_45,
DCV_46,NS5A:31V+54H+93H:AL_1b:daclatasvir,21809362,DCV_46,
DCV_47,NS5A:28A:AL_1a:daclatasvir,21809362,DCV_47,
DCV_48,NS5A:28T:AL_1a:daclatasvir,21809362,DCV_48,
DCV_49,NS5A:30E:AL_1a:daclatasvir,21809362,DCV_49,
DCV_5,NS5A:31M:AL_1b:daclatasvir,20585111,DCV_5,
DCV_50,NS5A:30H:AL_1a:daclatasvir,21809362,DCV_50,
DCV_51,NS5A:30R:AL_1a:daclatasvir,21809362,DCV_51,
DCV_52,NS5A:30K:AL_1a:daclatasvir,21809362,DCV_52,
DCV_53,NS5A:31M:AL_1a:daclatasvir,21809362,DCV_53,
DCV_54,NS5A:31V:AL_1a:daclatasvir,21809362,DCV_54,
DCV_55,NS5A:58D:AL_1a:daclatasvir,21809362,DCV_55,
DCV_56,NS5A:93C:AL_1a:daclatasvir,21809362,DCV_56,
DCV_57,NS5A:93H:AL_1a:daclatasvir,21809362,DCV_57,
DCV_58,NS5A:93N:AL_1a:daclatasvir,21809362,DCV_58,
DCV_59,NS5A:28V+30R:AL_1a:daclatasvir,21809362,DCV_59,
DCV_6,NS5A:31V:AL_1b:daclatasvir,20410884,DCV_6,
DCV_60,NS5A:30H+93H:AL_1a:daclatasvir,21809362,DCV_60,
DCV_61,NS5A:30R+58D:AL_1a:daclatasvir,21809362,DCV_61,
DCV_62,NS5A:28T:AL_1a:daclatasvir,21809362,,DCV_62
DCV_63,NS5A:30R:AL_1a:daclatasvir,21809362,,DCV_63
DCV_64,NS5A:30E:AL_1a:daclatasvir,21809362,,DCV_64
DCV_65,NS5A:31M:AL_1a:daclatasvir,21809362,,DCV_65
DCV_66,NS5A:31V:AL_1a:daclatasvir,21809362,,DCV_66
DCV_67,NS5A:93C:AL_1a:daclatasvir,21809362,,DCV_67
DCV_68,NS5A:93H:AL_1a:daclatasvir,21809362,,DCV_68
DCV_69,NS5A:30H:AL_1a:daclatasvir,21809362,,DCV_69
DCV_7,NS5A:32L:AL_1b:daclatasvir,20585111,DCV_7,
DCV_70,NS5A:28A:AL_1a:daclatasvir,21809362,,DCV_70
DCV_71,NS5A:93N:AL_1a:daclatasvir,21809362,,DCV_71
DCV_72,NS5A:30G:AL_4a:daclatasvir,22203595,DCV_72,
DCV_73,NS5A:30H:AL_4a:daclatasvir,22203595,DCV_73,
DCV_74,NS5A:30S:AL_4a:daclatasvir,22203595,DCV_74,
DCV_75,NS5A:30H:AL_4a:daclatasvir,22203595,DCV_75,
DCV_76,NS5A:93H:AL_4a:daclatasvir,22203595,DCV_76,
DCV_77,NS5A:93R:AL_4a:daclatasvir,22203595,DCV_77,
DCV_78,NS5A:28L+30H:AL_4a:daclatasvir,22203595,DCV_78,
DCV_79,NS5A:30I+93R:AL_4a:daclatasvir,22203595,DCV_79,
DCV_8,NS5A:93H:AL_1b:daclatasvir,20410884,DCV_8,
DCV_80,NS5A:30D:AL_1a:daclatasvir,22214777,DCV_80,
DCV_81,NS5A:30G:AL_1a:daclatasvir,22214777,DCV_81,
DCV_82,NS5A:30L:AL_1a:daclatasvir,22214777,DCV_82,
DCV_83,NS5A:28T+30R:AL_1a:daclatasvir,22214777,DCV_83,
DCV_84,NS5A:30E+93H:AL_1a:daclatasvir,22214777,DCV_84,
DCV_85,NS5A:30R+93H:AL_1a:daclatasvir,22214777,DCV_85,
DCV_86,NS5A:30R+62D:AL_1a:daclatasvir,22234905,DCV_86,
DCV_87,NS5A:30R+75A:AL_1a:daclatasvir,22234905,DCV_87,
DCV_88,NS5A:30R:AL_1a:daclatasvir,22256805,,DCV_88
DCV_89,NS5A:31M:AL_1a:daclatasvir,22256805,,DCV_89
DCV_9,NS5A:93N:AL_1b:daclatasvir,20585111,DCV_9,
DCV_90,NS5A:31V:AL_1a:daclatasvir,22256805,,DCV_90
DCV_91,NS5A:93C:AL_1a:daclatasvir,22256805,,DCV_91
DCV_92,NS5A:93N:AL_1a:daclatasvir,22256805,,DCV_92
DCV_93,NS5A:30E:AL_1a:daclatasvir,22256805,,DCV_93
DCV_94,NS5A:30Q+31M:AL_1b:daclatasvir,22850513,DCV_94,
DCV_95,NS5A:30Q+31M+93H:AL_1b:daclatasvir,22850513,DCV_95,
DCV_96,NS5A:30H+31M:AL_1b:daclatasvir,22850513,DCV_96,
DCV_97,NS5A:30Q+31F:AL_1b:daclatasvir,22850513,DCV_97,
DCV_98,NS5A:30H+68R:AL_1a:daclatasvir,22850513,DCV_98,
DCV_99,NS5A:28T+68R:AL_1a:daclatasvir,22850513,DCV_99,
DSV_1,NS5B:159F+316N:AL_1b:dasabuvir,29575060,,DSV_1
DSV_10,NS5B:414I:AL_1a:dasabuvir,26100711,,DSV_10
DSV_11,NS5B:558R:AL_1a:dasabuvir,26100711,,DSV_11
DSV_12,NS5B:316N+556G:AL_1b:dasabuvir,28416221,,DSV_12
DSV_13,NS5B:556R:AL_1a:dasabuvir,EASL_2016_Abs_LBP503,,DSV_13
DSV_14,NS5B:556G:AL_1a:dasabuvir,24720679,,DSV_14
DSV_15,NS5B:316N+556G:AL_1b:dasabuvir,24720679,,DSV_15
DSV_16,NS5B:556G:AL_1a:dasabuvir,25706092,,DSV_16
DSV_17,NS5B:556G:AL_1a:dasabuvir,29146520,,DSV_17
DSV_18,NS5B:316N:AL_1b:dasabuvir,29146520,,DSV_18
DSV_19,NS5B:159F:AL_1b:dasabuvir,29146520,DSV_19,
DSV_2,NS5B:556G:AL_1b:dasabuvir,29575060,,DSV_2
DSV_20,NS5B:316N:AL_1b:dasabuvir,29146520,DSV_20,
DSV_21,NS5B:556G:AL_1b:dasabuvir,29146520,DSV_21,
DSV_22,NS5B:556G:AL_1b:dasabuvir,29146520,,DSV_22
DSV_23,NS5B:316Y:AL_1a:dasabuvir,25534735,DSV_23,
DSV_24,NS5B:414T:AL_1a:dasabuvir,25534735,DSV_24,
DSV_25,NS5B:448C:AL_1a:dasabuvir,25534735,DSV_25,
DSV_26,NS5B:448H:AL_1a:dasabuvir,25534735,DSV_26,
DSV_27,NS5B:556G:AL_1a:dasabuvir,25534735,DSV_27,
DSV_28,NS5B:316N:AL_1b:dasabuvir,25534735,DSV_28,
DSV_29,NS5B:316Y:AL_1b:dasabuvir,25534735,DSV_29,
DSV_3,NS5B:556G:AL_1a:dasabuvir,24795200,,DSV_3
DSV_30,NS5B:368T:AL_1b:dasabuvir,25534735,DSV_30,
DSV_31,NS5B:411S:AL_1b:dasabuvir,25534735,DSV_31,
DSV_32,NS5B:414T:AL_1b:dasabuvir,25534735,DSV_32,
DSV_33,NS5B:448C:AL_1b:dasabuvir,25534735,DSV_33,
DSV_34,NS5B:448H:AL_1b:dasabuvir,25534735,DSV_34,
DSV_35,NS5B:553V:AL_1b:dasabuvir,25534735,DSV_35,
DSV_36,NS5B:556G:AL_1b:dasabuvir,25534735,DSV_36,
DSV_37,NS5B:395G:AL_1a:dasabuvir,25534735,DSV_37,
DSV_38,NS5B:444K:AL_1a:dasabuvir,25534735,DSV_38,
DSV_39,NS5B:556N:AL_1a:dasabuvir,25534735,DSV_39,
DSV_4,NS5B:556G:AL_1a:dasabuvir,26100711,,DSV_4
DSV_40,NS5B:565F:AL_1a:dasabuvir,25534735,DSV_40,
DSV_41,NS5B:445F:AL_1b:dasabuvir,25534735,DSV_41,
DSV_42,NS5B:451S:AL_1b:dasabuvir,25534735,DSV_42,
DSV_43,NS5B:585V:AL_1b:dasabuvir,25534735,DSV_43,
DSV_44,NS5B:495A:AL_1b:dasabuvir,25534735,DSV_44,
DSV_45,NS5B:316N+556G:AL_1b:dasabuvir,27670383,,DSV_45
DSV_5,NS5B:414T+556G:AL_1a:dasabuvir,26100711,,DSV_5
DSV_6,NS5B:316Y+556G:AL_1a:dasabuvir,26100711,,DSV_6
DSV_7,NS5B:554S+556G:AL_1a:dasabuvir,26100711,,DSV_7
DSV_8,NS5B:559G:AL_1a:dasabuvir,26100711,,DSV_8
DSV_9,NS5B:553T:AL_1a:dasabuvir,26100711,,DSV_9
EBR_1,NS5A:28V:AL_1a:elbasvir,25467560,,EBR_1
EBR_10,NS5A:31M:AL_1a:elbasvir,25467560,,EBR_10
EBR_100,NS5A:93N:AL_1a:elbasvir,28193518,,EBR_100
EBR_101,NS5A:93H:AL_1b:elbasvir,28193518,,EBR_101
EBR_102,NS5A:31M:AL_1b:elbasvir,28193518,,EBR_102
EBR_103,NS5A:28S+31I:AL_4d:elbasvir,28193518,,EBR_103
EBR_104,NS5A:58T:AL_4d:elbasvir,28193518,,EBR_104
EBR_105,NS5A:31V+93H:AL_4d:elbasvir,28193518,,EBR_105
EBR_106,NS5A:28M+58Y:AL_4a:elbasvir,28193518,,EBR_106
EBR_107,NS5A:58D:AL_4a:elbasvir,28193518,,EBR_107
EBR_108,NS5A:30L+93H:AL_1a:elbasvir,25467591,,EBR_108
EBR_109,NS5A:31M:AL_1a:elbasvir,25467591,,EBR_109
EBR_11,NS5A:30R:AL_1a:elbasvir,25467560,,EBR_11
EBR_110,NS5A:31V+93N:AL_1a:elbasvir,25467591,,EBR_110
EBR_111,NS5A:30R+31M:AL_1a:elbasvir,25467591,,EBR_111
EBR_112,NS5A:31M+58D:AL_1a:elbasvir,25467591,,EBR_112
EBR_113,NS5A:28T+30R:AL_1a:elbasvir,25467591,,EBR_113
EBR_114,NS5A:30R+58D:AL_1a:elbasvir,25467591,,EBR_114
EBR_115,NS5A:31M:AL_1a:elbasvir,25467591,,EBR_115
EBR_116,NS5A:30R:AL_1a:elbasvir,25467591,,EBR_116
EBR_117,NS5A:93H:AL_1b:elbasvir,25467591,,EBR_117
EBR_118,NS5A:31M:AL_1b:elbasvir,25467591,,EBR_118
EBR_119,NS5A:30F:AL_4:elbasvir,28416549,EBR_119,
EBR_12,NS5A:28T:AL_1a:elbasvir,26303801,EBR_12,
EBR_120,NS5A:30S:AL_4:elbasvir,28416549,EBR_120,
EBR_121,NS5A:31V:AL_4:elbasvir,28416549,EBR_121,
EBR_122,NS5A:93H:AL_4:elbasvir,28416549,EBR_122,
EBR_123,NS5A:28T:AL_1a:elbasvir,28576451,,EBR_123
EBR_124,NS5A:28S:AL_1a:elbasvir,28576451,,EBR_124
EBR_125,NS5A:93H:AL_1a:elbasvir,28576451,,EBR_125
EBR_126,NS5A:93N:AL_1a:elbasvir,28576451,,EBR_126
EBR_127,NS5A:31M:AL_1b:elbasvir,28576451,,EBR_127
EBR_128,NS5A:30L:AL_3:elbasvir,28470815,,EBR_128
EBR_129,NS5A:30S+31I+93H:AL_3:elbasvir,28470815,,EBR_129
EBR_13,NS5A:28A:AL_1a:elbasvir,26303801,EBR_13,
EBR_130,NS5A:30G+93H:AL_3:elbasvir,28470815,,EBR_130
EBR_131,NS5A:93H:AL_3:elbasvir,28470815,,EBR_131
EBR_132,NS5A:30K+93H:AL_3:elbasvir,28470815,,EBR_132
EBR_133,NS5A:31F:AL_3:elbasvir,28470815,,EBR_133
EBR_134,NS5A:30K:AL_3:elbasvir,28470815,,EBR_134
EBR_135,NS5A:30K+58S:AL_3:elbasvir,28470815,,EBR_135
EBR_136,NS5A:30K+31M:AL_3a:elbasvir,29425396,EBR_136,
EBR_137,NS5A:30K+93H:AL_3a:elbasvir,29425396,EBR_137,
EBR_138,NS5A:30K+31M+93H:AL_3a:elbasvir,29425396,EBR_138,
EBR_139,NS5A:30H:AL_1a:elbasvir,29274866,EBR_139,
EBR_14,NS5A:30D:AL_1a:elbasvir,26303801,EBR_14,
EBR_140,NS5A:30R:AL_1a:elbasvir,29274866,EBR_140,
EBR_141,NS5A:30K:AL_1a:elbasvir,29274866,EBR_141,
EBR_142,NS5A:93H:AL_1a:elbasvir,29274866,EBR_142,
EBR_143,NS5A:93C:AL_1a:elbasvir,29274866,EBR_143,
EBR_144,NS5A:93N:AL_1a:elbasvir,29274866,EBR_144,
EBR_145,NS5A:31V:AL_1a:elbasvir,29274866,EBR_145,
EBR_146,NS5A:32del:AL_1a:elbasvir,29274866,EBR_146,
EBR_147,NS5A:93H:AL_1b:elbasvir,29274866,EBR_147,
EBR_148,NS5A:93N:AL_1b:elbasvir,29274866,EBR_148,
EBR_149,NS5A:28M+93N:AL_1b:elbasvir,29274866,EBR_149,
EBR_15,NS5A:30H:AL_1a:elbasvir,26303801,EBR_15,
EBR_150,NS5A:32del:AL_1b:elbasvir,29274866,EBR_150,
EBR_151,NS5A:31M+93H:AL_1b:elbasvir,29274866,EBR_151,
EBR_152,NS5A:28S:AL_2a:elbasvir,29274866,EBR_152,
EBR_153,NS5A:93H:AL_2a:elbasvir,29274866,EBR_153,
EBR_154,NS5A:28S+93H:AL_2a:elbasvir,29274866,EBR_154,
EBR_155,NS5A:62D+93H:AL_2a:elbasvir,29274866,EBR_155,
EBR_156,NS5A:31V:AL_2a:elbasvir,29274866,EBR_156,
EBR_157,NS5A:31M:AL_2a:elbasvir,29274866,EBR_157,
EBR_158,NS5A:93H:AL_2b:elbasvir,29274866,EBR_158,
EBR_159,NS5A:24F+93H:AL_2b:elbasvir,29274866,EBR_159,
EBR_16,NS5A:30R:AL_1a:elbasvir,26303801,EBR_16,
EBR_160,NS5A:24T+93H:AL_2b:elbasvir,29274866,EBR_160,
EBR_161,NS5A:31F:AL_3a:elbasvir,29274866,EBR_161,
EBR_162,NS5A:93H:AL_3a:elbasvir,29274866,EBR_162,
EBR_163,NS5A:31F+93H:AL_3a:elbasvir,29274866,EBR_163,
EBR_164,NS5A:93H+99A:AL_3a:elbasvir,29274866,EBR_164,
EBR_165,NS5A:31V:AL_3a:elbasvir,29274866,EBR_165,
EBR_166,NS5A:30H:AL_4a:elbasvir,29274866,EBR_166,
EBR_167,NS5A:8A+58L:AL_4a:elbasvir,29274866,EBR_167,
EBR_168,NS5A:31F:AL_5a:elbasvir,29274866,EBR_168,
EBR_169,NS5A:31V:AL_5a:elbasvir,29274866,EBR_169,
EBR_17,NS5A:31V:AL_1a:elbasvir,26303801,EBR_17,
EBR_170,NS5A:31F+129H:AL_5a:elbasvir,29274866,EBR_170,
EBR_171,NS5A:31V:AL_6a:elbasvir,29274866,EBR_171,
EBR_172,NS5A:31M:AL_6a:elbasvir,29274866,EBR_172,
EBR_173,NS5A:31F:AL_7a:elbasvir,29274866,EBR_173,
EBR_174,NS5A:24R+30G:AL_7a:elbasvir,29274866,EBR_174,
EBR_175,NS5A:24R+31F:AL_7a:elbasvir,29274866,EBR_175,
EBR_176,NS5A:58S+62T+93H:AL_3:elbasvir,29473975,,EBR_176
EBR_177,NS5A:58P:AL_4:elbasvir,30107485,,EBR_177
EBR_178,NS5A:28S+31I:AL_4:elbasvir,30107485,,EBR_178
EBR_179,NS5A:28M+93H:AL_4a:elbasvir,29461687,,EBR_179
EBR_18,NS5A:31M:AL_1a:elbasvir,26303801,EBR_18,
EBR_180,NS5A:28T:AL_4a:elbasvir,29461687,,EBR_180
EBR_181,NS5A:28M+30H:AL_4g:elbasvir,29461687,,EBR_181
EBR_182,NS5A:93C:AL_4g:elbasvir,29461687,,EBR_182
EBR_183,NS5A:28V:AL_1a:elbasvir,27537841,,EBR_183
EBR_184,NS5A:30H:AL_1a:elbasvir,24127258,EBR_184,
EBR_185,NS5A:30R:AL_1a:elbasvir,24127258,EBR_185,
EBR_186,NS5A:31F:AL_1a:elbasvir,24127258,EBR_186,
EBR_187,NS5A:31V:AL_1a:elbasvir,24127258,EBR_187,
EBR_188,NS5A:93C:AL_1a:elbasvir,24127258,EBR_188,
EBR_189,NS5A:93H:AL_1a:elbasvir,24127258,EBR_189,
EBR_19,NS5A:31F:AL_1a:elbasvir,26303801,EBR_19,
EBR_190,NS5A:30Q:AL_1b:elbasvir,24127258,EBR_190,
EBR_191,NS5A:31F:AL_1b:elbasvir,24127258,EBR_191,
EBR_192,NS5A:31V:AL_1b:elbasvir,24127258,EBR_192,
EBR_193,NS5A:93H:AL_1b:elbasvir,24127258,EBR_193,
EBR_194,NS5A:28I+30R+31M:AL_4r:elbasvir,30125371,,EBR_194
EBR_2,NS5A:28G:AL_1a:elbasvir,25467560,,EBR_2
EBR_20,NS5A:58D:AL_1a:elbasvir,26303801,EBR_20,
EBR_21,NS5A:93H:AL_1a:elbasvir,26303801,EBR_21,
EBR_22,NS5A:93N:AL_1a:elbasvir,26303801,EBR_22,
EBR_23,NS5A:93C:AL_1a:elbasvir,26303801,EBR_23,
EBR_24,NS5A:30D+93N:AL_1a:elbasvir,26303801,EBR_24,
EBR_25,NS5A:28M:AL_1b:elbasvir,26303801,EBR_25,
EBR_26,NS5A:31F:AL_1b:elbasvir,26303801,EBR_26,
EBR_27,NS5A:31V:AL_1b:elbasvir,26303801,EBR_27,
EBR_28,NS5A:93H:AL_1b:elbasvir,26303801,EBR_28,
EBR_29,NS5A:30K:AL_3a:elbasvir,26303801,EBR_29,
EBR_3,NS5A:28T+30H+58D:AL_1a:elbasvir,25467560,,EBR_3
EBR_30,NS5A:31F:AL_3a:elbasvir,26303801,EBR_30,
EBR_31,NS5A:93H:AL_3a:elbasvir,26303801,EBR_31,
EBR_32,NS5A:28T+30H+93H:AL_1a:elbasvir,26371152,,EBR_32
EBR_33,NS5A:58D:AL_1a:elbasvir,26371152,,EBR_33
EBR_34,NS5A:30R:AL_1a:elbasvir,26371152,,EBR_34
EBR_35,NS5A:31M:AL_1b:elbasvir,26371152,,EBR_35
EBR_36,NS5A:93H:AL_1b:elbasvir,26371152,,EBR_36
EBR_37,NS5A:28T:AL_1a:elbasvir,26926625,EBR_37,
EBR_38,NS5A:30E:AL_1a:elbasvir,26926625,EBR_38,
EBR_39,NS5A:30G:AL_1a:elbasvir,26926625,EBR_39,
EBR_4,NS5A:93N:AL_1a:elbasvir,25467560,,EBR_4
EBR_40,NS5A:30H:AL_1a:elbasvir,26926625,EBR_40,
EBR_41,NS5A:30R:AL_1a:elbasvir,26926625,EBR_41,
EBR_42,NS5A:31M:AL_1a:elbasvir,26926625,EBR_42,
EBR_43,NS5A:31V:AL_1a:elbasvir,26926625,EBR_43,
EBR_44,NS5A:93C:AL_1a:elbasvir,26926625,EBR_44,
EBR_45,NS5A:93H:AL_1a:elbasvir,26926625,EBR_45,
EBR_46,NS5A:93N:AL_1a:elbasvir,26926625,EBR_46,
EBR_47,NS5A:28T+30H:AL_1a:elbasvir,26926625,EBR_47,
EBR_48,NS5A:30H+31V:AL_1a:elbasvir,26926625,EBR_48,
EBR_49,NS5A:30R+31V:AL_1a:elbasvir,26926625,EBR_49,
EBR_5,NS5A:93N:AL_1a:elbasvir,25467560,,EBR_5
EBR_50,NS5A:31V+93H:AL_1a:elbasvir,26926625,EBR_50,
EBR_51,NS5A:31V+93N:AL_1a:elbasvir,26926625,EBR_51,
EBR_52,NS5A:24T+28T+30R:AL_1a:elbasvir,26926625,EBR_52,
EBR_53,NS5A:24Q+28T+31M:AL_1a:elbasvir,26926625,EBR_53,
EBR_54,NS5A:24M+30R+81M:AL_1a:elbasvir,26926625,EBR_54,
EBR_55,NS5A:28T+30H+31V:AL_1a:elbasvir,26926625,EBR_55,
EBR_56,NS5A:28T+30R+31V:AL_1a:elbasvir,26926625,EBR_56,
EBR_57,NS5A:28V+30H+31V:AL_1a:elbasvir,26926625,EBR_57,
EBR_58,NS5A:28T+30R+31V+93H:AL_1a:elbasvir,26926625,EBR_58,
EBR_59,NS5A:28V:AL_1a:elbasvir,27773808,,EBR_59
EBR_6,NS5A:31M+93H:AL_1b:elbasvir,25467560,,EBR_6
EBR_60,NS5A:28V:AL_1a:elbasvir,27773808,EBR_60,
EBR_61,NS5A:30H:AL_1a:elbasvir,27773808,,EBR_61
EBR_62,NS5A:30H:AL_1a:elbasvir,27773808,EBR_62,
EBR_63,NS5A:30L:AL_1a:elbasvir,27773808,,EBR_63
EBR_64,NS5A:30R:AL_1a:elbasvir,27773808,,EBR_64
EBR_65,NS5A:30R:AL_1a:elbasvir,27773808,EBR_65,
EBR_66,NS5A:31M:AL_1a:elbasvir,27773808,,EBR_66
EBR_67,NS5A:31M:AL_1a:elbasvir,27773808,EBR_67,
EBR_68,NS5A:58D:AL_1a:elbasvir,27773808,,EBR_68
EBR_69,NS5A:58D:AL_1a:elbasvir,27773808,EBR_69,
EBR_7,NS5A:30H+93H:AL_1a:elbasvir,25467560,,EBR_7
EBR_70,NS5A:93C:AL_1a:elbasvir,27773808,EBR_70,
EBR_71,NS5A:93N:AL_1a:elbasvir,27773808,EBR_71,
EBR_72,NS5A:93S:AL_1a:elbasvir,27773808,,EBR_72
EBR_73,NS5A:30R:AL_1a:elbasvir,26423374,,EBR_73
EBR_74,NS5A:30K:AL_1a:elbasvir,26423374,,EBR_74
EBR_75,NS5A:28S:AL_4d:elbasvir,26423374,,EBR_75
EBR_76,NS5A:93N:AL_1a:elbasvir,27720838,,EBR_76
EBR_77,NS5A:30R:AL_1a:elbasvir,27720838,,EBR_77
EBR_78,NS5A:30H+93H:AL_1a:elbasvir,27720838,,EBR_78
EBR_79,NS5A:30R+93H:AL_1a:elbasvir,27720838,,EBR_79
EBR_8,NS5A:93N:AL_1a:elbasvir,25467560,,EBR_8
EBR_80,NS5A:28T+93S:AL_1a:elbasvir,27720838,,EBR_80
EBR_81,NS5A:28T:AL_1a:elbasvir,27720838,,EBR_81
EBR_82,NS5A:28M:AL_1b:elbasvir,27720838,,EBR_82
EBR_83,NS5A:31I:AL_1b:elbasvir,27720838,,EBR_83
EBR_84,NS5A:31M:AL_1b:elbasvir,27720838,,EBR_84
EBR_85,NS5A:93H:AL_1b:elbasvir,27720838,,EBR_85
EBR_86,NS5A:93H:AL_1b:elbasvir,27873094,,EBR_86
EBR_87,NS5A:31M:AL_1b:elbasvir,27873094,,EBR_87
EBR_88,NS5A:31M:AL_1b:elbasvir,27873094,,EBR_88
EBR_89,NS5A:31M+93H:AL_1b:elbasvir,27873094,,EBR_89
EBR_9,NS5A:31M+37M+93H:AL_1a:elbasvir,25467560,,EBR_9
EBR_90,NS5A:31M+30R:AL_1a:elbasvir,28193518,,EBR_90
EBR_91,NS5A:31M:AL_1a:elbasvir,28193518,,EBR_91
EBR_92,NS5A:30R:AL_1a:elbasvir,28193518,,EBR_92
EBR_93,NS5A:58D+30R:AL_1a:elbasvir,28193518,,EBR_93
EBR_94,NS5A:30H:AL_1a:elbasvir,28193518,,EBR_94
EBR_95,NS5A:58D:AL_1a:elbasvir,28193518,,EBR_95
EBR_96,NS5A:30L+93H:AL_1a:elbasvir,28193518,,EBR_96
EBR_97,NS5A:31M:AL_1a:elbasvir,28193518,,EBR_97
EBR_98,NS5A:31V+93N:AL_1a:elbasvir,28193518,,EBR_98
EBR_99,NS5A:30R:AL_1a:elbasvir,28193518,,EBR_99
GLE_1,NS3:155C:AL_4a:glecaprevir,29084747,GLE_1,
GLE_10,NS3:156T:AL_4a:glecaprevir,29084747,GLE_10,
GLE_11,NS3:156T:AL_1a:glecaprevir,29152781,,GLE_11
GLE_12,NS3:156V:AL_1b:glecaprevir,29084747,GLE_12,
GLE_13,NS3:156V:AL_2a:glecaprevir,29084747,GLE_13,
GLE_14,NS3:156V:AL_2b:glecaprevir,29084747,GLE_14,
GLE_15,NS3:156V:AL_4a:glecaprevir,29084747,GLE_15,
GLE_16,NS3:156V:AL_1a:glecaprevir,EASL_2017_FRI_205,,GLE_16
GLE_17,NS3:156V:AL_1a:glecaprevir,28128852,,GLE_17
GLE_18,NS3:156V:AL_1a:glecaprevir,29152781,,GLE_18
GLE_19,NS3:156V+168V:AL_1b:glecaprevir,29084747,GLE_19,
GLE_2,NS3:155T+156V:AL_1a:glecaprevir,29152781,,GLE_2
GLE_20,NS3:166S:AL_3a:glecaprevir,EASL_2017_FRI_205,,GLE_20
GLE_21,NS3:166S+168R:AL_3:glecaprevir,EASL_2017_FRI_205,,GLE_21
GLE_22,NS3:166T:AL_3a:glecaprevir,EASL_2017_FRI_205,GLE_22,
GLE_23,NS3:166T:AL_3a:glecaprevir,28412293,,GLE_23
GLE_24,NS3:168A:AL_1a:glecaprevir,29084747,GLE_24,
GLE_25,NS3:168A:AL_6a:glecaprevir,29084747,GLE_25,
GLE_26,NS3:168A:AL_1a:glecaprevir,28128852,,GLE_26
GLE_27,NS3:168A:AL_1a:glecaprevir,29152781,,GLE_27
GLE_28,NS3:168E:AL_2a:glecaprevir,29084747,GLE_28,
GLE_29,NS3:168E:AL_2b:glecaprevir,29084747,GLE_29,
GLE_3,NS3:156G:AL_3a:glecaprevir,29084747,GLE_3,
GLE_30,NS3:168E:AL_5a:glecaprevir,29084747,GLE_30,
GLE_31,NS3:168H:AL_4a:glecaprevir,29084747,GLE_31,
GLE_32,NS3:168H:AL_5a:glecaprevir,29084747,GLE_32,
GLE_33,NS3:168H:AL_6a:glecaprevir,29084747,GLE_33,
GLE_34,NS3:168H+179T:AL_6a:glecaprevir,29084747,GLE_34,
GLE_35,NS3:168L:AL_3:glecaprevir,EASL_2017_FRI_205,,GLE_35
GLE_36,NS3:168L:AL_3a:glecaprevir,EASL_2017_FRI_205,GLE_36,
GLE_37,NS3:168R:AL_3a:glecaprevir,29084747,GLE_37,
GLE_38,NS3:168R:AL_3:glecaprevir,EASL_2017_FRI_205,,GLE_38
GLE_39,NS3:168V:AL_1a:glecaprevir,29084747,GLE_39,
GLE_4,NS3:156G:AL_3:glecaprevir,EASL_2017_FRI_205,,GLE_4
GLE_40,NS3:168V:AL_1b:glecaprevir,29084747,GLE_40,
GLE_41,NS3:168V:AL_2a:glecaprevir,29084747,GLE_41,
GLE_42,NS3:168V:AL_2b:glecaprevir,29084747,GLE_42,
GLE_43,NS3:168V:AL_4a:glecaprevir,29084747,GLE_43,
GLE_44,NS3:168V:AL_6a:glecaprevir,29084747,GLE_44,
GLE_45,NS3:36M:AL_1a:glecaprevir,29152781,,GLE_45
GLE_46,NS3:36M+155K:AL_1a:glecaprevir,29152781,,GLE_46
GLE_47,NS3:56H:AL_3:glecaprevir,EASL_2017_FRI_205,,GLE_47
GLE_48,NS3:56H:AL_1a:glecaprevir,28128852,,GLE_48
GLE_49,NS3:56H+168A:AL_1a:glecaprevir,29152781,,GLE_49
GLE_5,NS3:156G:AL_1a:glecaprevir,29152781,,GLE_5
GLE_50,NS3:56H+168E:AL_1a:glecaprevir,29152781,,GLE_50
GLE_51,NS3:56H+168K:AL_3a:glecaprevir,28412293,,GLE_51
GLE_52,NS3:56H+168L:AL_3a:glecaprevir,28412293,,GLE_52
GLE_53,NS3:56H+168R:AL_3a:glecaprevir,29084747,GLE_53,
GLE_54,NS3:56H+168R:AL_3a:glecaprevir,28412293,,GLE_54
GLE_55,NS3:56N:AL_3:glecaprevir,EASL_2017_FRI_205,,GLE_55
GLE_56,NS3:71A+170V:AL_1a:glecaprevir,29084747,GLE_56,
GLE_57,NS3:80K:AL_3:glecaprevir,EASL_2017_FRI_205,,GLE_57
GLE_58,NS3:80R:AL_3:glecaprevir,EASL_2017_FRI_205,,GLE_58
GLE_59,NS3:89L+156T:AL_1b:glecaprevir,29084747,GLE_59,
GLE_6,NS3:156T:AL_1a:glecaprevir,29084747,GLE_6,
GLE_60,NS3:89L+156V:AL_1b:glecaprevir,29084747,GLE_60,
GLE_61,NS3:89R+156T:AL_1a:glecaprevir,29084747,GLE_61,
GLE_7,NS3:156T:AL_1b:glecaprevir,29084747,GLE_7,
GLE_8,NS3:156T:AL_2a:glecaprevir,29084747,GLE_8,
GLE_9,NS3:156T:AL_2b:glecaprevir,29084747,GLE_9,
GZR_1,NS3:168A:AL_4:grazoprevir,28416549,GZR_1,
GZR_10,NS3:155K:AL_1a:grazoprevir,27720838,,GZR_10
GZR_100,NS3:168C:AL_4:grazoprevir,27773808,,GZR_100
GZR_101,NS3:168E:AL_4:grazoprevir,27773808,,GZR_101
GZR_102,NS3:168G:AL_4:grazoprevir,27773808,,GZR_102
GZR_103,NS3:168N:AL_4:grazoprevir,27773808,,GZR_103
GZR_104,NS3:168V:AL_4:grazoprevir,27773808,,GZR_104
GZR_105,NS3:168Y:AL_4:grazoprevir,27773808,,GZR_105
GZR_106,NS3:170I:AL_4:grazoprevir,27773808,,GZR_106
GZR_107,NS3:107I:AL_1a:grazoprevir,27773808,,GZR_107
GZR_108,NS3:155D:AL_1a:grazoprevir,27773808,,GZR_108
GZR_109,NS3:155I:AL_1a:grazoprevir,27773808,,GZR_109
GZR_11,NS3:156T:AL_1a:grazoprevir,27720838,,GZR_11
GZR_110,NS3:155K:AL_1a:grazoprevir,27773808,,GZR_110
GZR_111,NS3:155K:AL_1a:grazoprevir,27773808,,GZR_111
GZR_112,NS3:155T:AL_1a:grazoprevir,27773808,,GZR_112
GZR_113,NS3:155T+168N:AL_1a:grazoprevir,27773808,,GZR_113
GZR_114,NS3:156G:AL_1a:grazoprevir,27773808,,GZR_114
GZR_115,NS3:156M:AL_1a:grazoprevir,27773808,,GZR_115
GZR_116,NS3:156T:AL_1a:grazoprevir,27773808,,GZR_116
GZR_117,NS3:156T:AL_1a:grazoprevir,27773808,,GZR_117
GZR_118,NS3:156V:AL_1a:grazoprevir,27773808,,GZR_118
GZR_119,NS3:158A:AL_1a:grazoprevir,27773808,,GZR_119
GZR_12,NS3:156T+158A:AL_1a:grazoprevir,27720838,,GZR_12
GZR_120,NS3:168A:AL_1a:grazoprevir,27773808,,GZR_120
GZR_121,NS3:168C:AL_1a:grazoprevir,27773808,,GZR_121
GZR_122,NS3:168E:AL_1a:grazoprevir,27773808,,GZR_122
GZR_123,NS3:168G:AL_1a:grazoprevir,27773808,,GZR_123
GZR_124,NS3:168N:AL_1a:grazoprevir,27773808,,GZR_124
GZR_125,NS3:168V:AL_1a:grazoprevir,27773808,,GZR_125
GZR_126,NS3:168Y:AL_1a:grazoprevir,27773808,,GZR_126
GZR_127,NS3:170V:AL_1a:grazoprevir,27773808,,GZR_127
GZR_128,NS3:36L:AL_1a:grazoprevir,27773808,,GZR_128
GZR_129,NS3:36L+155K:AL_1a:grazoprevir,27773808,,GZR_129
GZR_13,NS3:156T+170I:AL_1a:grazoprevir,27720838,,GZR_13
GZR_130,NS3:36L+155K:AL_1a:grazoprevir,27773808,,GZR_130
GZR_131,NS3:36L+155K+156T+158A+168N:AL_1a:grazoprevir,27773808,,GZR_131
GZR_132,NS3:36M:AL_1a:grazoprevir,27773808,,GZR_132
GZR_133,NS3:36M+80K+122G+168A:AL_1a:grazoprevir,27773808,,GZR_133
GZR_134,NS3:56F:AL_1a:grazoprevir,27773808,,GZR_134
GZR_135,NS3:56H:AL_1a:grazoprevir,27773808,,GZR_135
GZR_136,NS3:56H+80K+155I+168V:AL_1a:grazoprevir,27773808,,GZR_136
GZR_137,NS3:80K:AL_1a:grazoprevir,27773808,,GZR_137
GZR_138,NS3:80K+122G:AL_1a:grazoprevir,27773808,,GZR_138
GZR_139,NS3:80K+122G:AL_1a:grazoprevir,27773808,,GZR_139
GZR_14,NS3:170V:AL_1a:grazoprevir,27720838,,GZR_14
GZR_140,NS3:80K+122G+168Y:AL_1a:grazoprevir,27773808,,GZR_140
GZR_141,NS3:80K+132V:AL_1a:grazoprevir,27773808,,GZR_141
GZR_142,NS3:80K+132V+156G:AL_1a:grazoprevir,27773808,,GZR_142
GZR_143,NS3:80K+156T+168A:AL_1a:grazoprevir,27773808,,GZR_143
GZR_144,NS3:107I:AL_1b:grazoprevir,27773808,,GZR_144
GZR_145,NS3:156G:AL_1b:grazoprevir,27773808,,GZR_145
GZR_146,NS3:156M:AL_1b:grazoprevir,27773808,,GZR_146
GZR_147,NS3:156T:AL_1b:grazoprevir,27773808,,GZR_147
GZR_148,NS3:156V:AL_1b:grazoprevir,27773808,,GZR_148
GZR_149,NS3:54S:AL_1b:grazoprevir,27773808,,GZR_149
GZR_15,NS3:36L+80K+168A:AL_1a:grazoprevir,27720838,,GZR_15
GZR_150,NS3:56F:AL_1b:grazoprevir,27773808,,GZR_150
GZR_151,NS3:56H:AL_1b:grazoprevir,27773808,,GZR_151
GZR_152,NS3:54S:AL_1b:grazoprevir,28193518,,GZR_152
GZR_153,NS3:54S+56F+80L+156T+170I:AL_1b:grazoprevir,28193518,,GZR_153
GZR_154,NS3:156M+168A+170I:AL_4a:grazoprevir,28193518,,GZR_154
GZR_155,NS3:156M+168G+170I:AL_4a:grazoprevir,28193518,,GZR_155
GZR_156,NS3:156T+168A+170I:AL_4a:grazoprevir,28193518,,GZR_156
GZR_157,NS3:156T+168G+170I:AL_4a:grazoprevir,28193518,,GZR_157
GZR_158,NS3:156V+168A+170I:AL_4a:grazoprevir,28193518,,GZR_158
GZR_159,NS3:156V+168G+170I:AL_4a:grazoprevir,28193518,,GZR_159
GZR_16,NS3:56H+80K+155I+168V:AL_1a:grazoprevir,27720838,,GZR_16
GZR_160,NS3:156M:AL_4:grazoprevir,29461687,,GZR_160
GZR_161,NS3:156T:AL_4:grazoprevir,29461687,,GZR_161
GZR_162,NS3:156V:AL_4:grazoprevir,29461687,,GZR_162
GZR_163,NS3:168A:AL_4:grazoprevir,29461687,,GZR_163
GZR_164,NS3:168E:AL_4:grazoprevir,29461687,,GZR_164
GZR_165,NS3:168G:AL_4:grazoprevir,29461687,,GZR_165
GZR_166,NS3:107I:AL_1a:grazoprevir,28228479,GZR_166,
GZR_167,NS3:122R:AL_1a:grazoprevir,28228479,GZR_167,
GZR_168,NS3:155K:AL_1a:grazoprevir,28228479,GZR_168,
GZR_169,NS3:155K:AL_1a:grazoprevir,28228479,GZR_169,
GZR_17,NS3:56H+80K+155R+168V:AL_1a:grazoprevir,27720838,,GZR_17
GZR_170,NS3:155K+168A:AL_1a:grazoprevir,28228479,GZR_170,
GZR_171,NS3:156G:AL_1a:grazoprevir,28228479,GZR_171,
GZR_172,NS3:168A:AL_1a:grazoprevir,28228479,GZR_172,
GZR_173,NS3:168A:AL_1a:grazoprevir,28228479,GZR_173,
GZR_174,NS3:168E:AL_1a:grazoprevir,28228479,GZR_174,
GZR_175,NS3:168G:AL_1a:grazoprevir,28228479,GZR_175,
GZR_176,NS3:168N:AL_1a:grazoprevir,28228479,GZR_176,
GZR_177,NS3:168V:AL_1a:grazoprevir,28228479,GZR_177,
GZR_178,NS3:168Y:AL_1a:grazoprevir,28228479,GZR_178,
GZR_179,NS3:170T:AL_1a:grazoprevir,28228479,GZR_179,
GZR_18,NS3:80K:AL_1a:grazoprevir,27720838,,GZR_18
GZR_180,NS3:36M:AL_1a:grazoprevir,28228479,GZR_180,
GZR_181,NS3:36M+155K:AL_1a:grazoprevir,28228479,GZR_181,
GZR_182,NS3:54S:AL_1a:grazoprevir,28228479,GZR_182,
GZR_183,NS3:55I:AL_1a:grazoprevir,28228479,GZR_183,
GZR_184,NS3:56H:AL_1a:grazoprevir,28228479,GZR_184,
GZR_185,NS3:56H+168A:AL_1a:grazoprevir,28228479,GZR_185,
GZR_186,NS3:80K:AL_1a:grazoprevir,28228479,GZR_186,
GZR_187,NS3:36A+80R+155K:AL_1a:grazoprevir,25266289,,GZR_187
GZR_188,NS3:36A+156T:AL_3:grazoprevir,25266289,,GZR_188
GZR_189,NS3:122G:AL_1a:grazoprevir,25266289,,GZR_189
GZR_19,NS3:80K+156T+168A:AL_1a:grazoprevir,27720838,,GZR_19
GZR_190,NS3:122N:AL_1a:grazoprevir,25266289,,GZR_190
GZR_191,NS3:122N+155G:AL_1a:grazoprevir,25266289,,GZR_191
GZR_192,NS3:122N+168N:AL_1a:grazoprevir,25266289,,GZR_192
GZR_193,NS3:122G+168A:AL_1a:grazoprevir,25266289,,GZR_193
GZR_194,NS3:36A+155G+168G:AL_1a:grazoprevir,25266289,,GZR_194
GZR_195,NS3:36L+80K:AL_1a:grazoprevir,25266289,,GZR_195
GZR_196,NS3:36L+80K+122C:AL_1a:grazoprevir,25266289,,GZR_196
GZR_197,NS3:36L+80K+155S:AL_1a:grazoprevir,25266289,,GZR_197
GZR_198,NS3:36L+80K+168G:AL_1a:grazoprevir,25266289,,GZR_198
GZR_199,NS3:36M+155G+168G:AL_1a:grazoprevir,25266289,,GZR_199
GZR_2,NS3:168G:AL_4:grazoprevir,28416549,GZR_2,
GZR_20,NS3:80K+168A:AL_1a:grazoprevir,27720838,,GZR_20
GZR_200,NS3:80R+155K+156T+168A:AL_1a:grazoprevir,25266289,,GZR_200
GZR_201,NS3:80R+155K+156T+168E:AL_1a:grazoprevir,25266289,,GZR_201
GZR_202,NS3:80R+155K+156T+168K:AL_1a:grazoprevir,25266289,,GZR_202
GZR_203,NS3:80R+155S+156T+168A:AL_1a:grazoprevir,25266289,,GZR_203
GZR_204,NS3:80R+155S+156T+168E:AL_1a:grazoprevir,25266289,,GZR_204
GZR_205,NS3:80R+155S+156T+168K:AL_1a:grazoprevir,25266289,,GZR_205
GZR_206,NS3:168A:AL_1a:grazoprevir,25266289,GZR_206,
GZR_207,NS3:168E:AL_1a:grazoprevir,25266289,GZR_207,
GZR_208,NS3:168G:AL_1a:grazoprevir,25266289,GZR_208,
GZR_209,NS3:170T:AL_1a:grazoprevir,25266289,GZR_209,
GZR_21,NS3:80K+168Y:AL_1a:grazoprevir,27720838,,GZR_21
GZR_210,NS3:80K:AL_1a:grazoprevir,25266289,GZR_210,
GZR_211,NS3:80R:AL_1a:grazoprevir,25266289,GZR_211,
GZR_212,NS3:155K:AL_1a:grazoprevir,25266289,GZR_212,
GZR_213,NS3:36A:AL_1a:grazoprevir,25266289,GZR_213,
GZR_214,NS3:36L:AL_1a:grazoprevir,25266289,GZR_214,
GZR_215,NS3:36L+80K:AL_1a:grazoprevir,25266289,GZR_215,
GZR_216,NS3:36L+80K+155S:AL_1a:grazoprevir,25266289,GZR_216,
GZR_217,NS3:36M:AL_1a:grazoprevir,25266289,GZR_217,
GZR_218,NS3:55A:AL_1a:grazoprevir,25266289,GZR_218,
GZR_219,NS3:156T:AL_1b:grazoprevir,25266289,GZR_219,
GZR_22,NS3:58S+62T+93H:AL_3:grazoprevir,29473975,,GZR_22
GZR_220,NS3:168A:AL_1b:grazoprevir,25266289,GZR_220,
GZR_221,NS3:168E:AL_1b:grazoprevir,25266289,GZR_221,
GZR_222,NS3:168G:AL_1b:grazoprevir,25266289,GZR_222,
GZR_223,NS3:168K:AL_1b:grazoprevir,25266289,GZR_223,
GZR_224,NS3:43S:AL_1b:grazoprevir,25266289,GZR_224,
GZR_225,NS3:80R:AL_1b:grazoprevir,25266289,GZR_225,
GZR_226,NS3:155G:AL_1b:grazoprevir,25266289,GZR_226,
GZR_227,NS3:155K:AL_1b:grazoprevir,25266289,GZR_227,
GZR_228,NS3:170T:AL_1b:grazoprevir,25266289,GZR_228,
GZR_229,NS3:36A:AL_1b:grazoprevir,25266289,GZR_229,
GZR_23,NS3:36L+155K:AL_1a:grazoprevir,26371152,,GZR_23
GZR_230,NS3:36L:AL_1b:grazoprevir,25266289,GZR_230,
GZR_231,NS3:36M:AL_1b:grazoprevir,25266289,GZR_231,
GZR_232,NS3:55A:AL_1b:grazoprevir,25266289,GZR_232,
GZR_24,NS3:36L+155K+156T+168N:AL_1a:grazoprevir,26371152,,GZR_24
GZR_25,NS3:80K+155T+156T+168N:AL_1a:grazoprevir,26371152,,GZR_25
GZR_26,NS3:80K+155T+168N:AL_1a:grazoprevir,26371152,,GZR_26
GZR_27,NS3:54S:AL_1b:grazoprevir,26371152,,GZR_27
GZR_28,NS3:54S+156T:AL_1b:grazoprevir,26371152,,GZR_28
GZR_29,NS3:156G:AL_3:grazoprevir,25467591,,GZR_29
GZR_3,NS3:168V:AL_4:grazoprevir,28416549,GZR_3,
GZR_30,NS3:132I+170I:AL_3:grazoprevir,25467591,,GZR_30
GZR_31,NS3:156G+170I:AL_3:grazoprevir,25467591,,GZR_31
GZR_32,NS3:168R+170I:AL_3:grazoprevir,25467591,,GZR_32
GZR_33,NS3:80K+170I:AL_3:grazoprevir,25467591,,GZR_33
GZR_34,NS3:80K+156G+170I:AL_3:grazoprevir,25467591,,GZR_34
GZR_35,NS3:80R+132I+170I:AL_3:grazoprevir,25467591,,GZR_35
GZR_36,NS3:56H+168K+170I:AL_3:grazoprevir,25467591,,GZR_36
GZR_37,NS3:56H+168Q+170I:AL_3:grazoprevir,25467591,,GZR_37
GZR_38,NS3:56Y+168K+170I:AL_3:grazoprevir,25467591,,GZR_38
GZR_39,NS3:56Y+168Q+170I:AL_3:grazoprevir,25467591,,GZR_39
GZR_4,NS3:36L+80K:AL_1a:grazoprevir,26423374,,GZR_4
GZR_40,NS3:80K:AL_3:grazoprevir,25467591,,GZR_40
GZR_41,NS3:156T:AL_1a:grazoprevir,25467591,,GZR_41
GZR_42,NS3:36M+80K+107I:AL_1a:grazoprevir,25467591,,GZR_42
GZR_43,NS3:56H+168A:AL_1a:grazoprevir,25467591,,GZR_43
GZR_44,NS3:77S+80K+132I+156G:AL_1a:grazoprevir,25467591,,GZR_44
GZR_45,NS3:80K:AL_1a:grazoprevir,25467591,,GZR_45
GZR_46,NS3:80K+107I:AL_1a:grazoprevir,25467591,,GZR_46
GZR_47,NS3:80K+122G:AL_1a:grazoprevir,25467591,,GZR_47
GZR_48,NS3:80K+122G+168Y:AL_1a:grazoprevir,25467591,,GZR_48
GZR_49,NS3:80K+132I:AL_1a:grazoprevir,25467591,,GZR_49
GZR_5,NS3:36M+80K:AL_1a:grazoprevir,26423374,,GZR_5
GZR_50,NS3:80K+156A:AL_1a:grazoprevir,25467591,,GZR_50
GZR_51,NS3:80K+156G:AL_1a:grazoprevir,25467591,,GZR_51
GZR_52,NS3:80K+156V:AL_1a:grazoprevir,25467591,,GZR_52
GZR_53,NS3:122G:AL_1b:grazoprevir,30957170,,GZR_53
GZR_54,NS3:109K:AL_1a:grazoprevir,26926625,GZR_54,
GZR_55,NS3:122R:AL_1a:grazoprevir,26926625,GZR_55,
GZR_56,NS3:155K:AL_1a:grazoprevir,26926625,GZR_56,
GZR_57,NS3:155K+168A:AL_1a:grazoprevir,26926625,GZR_57,
GZR_58,NS3:156S:AL_1a:grazoprevir,26926625,GZR_58,
GZR_59,NS3:168A:AL_1a:grazoprevir,26926625,GZR_59,
GZR_6,NS3:55A:AL_1a:grazoprevir,26423374,,GZR_6
GZR_60,NS3:168A:AL_1a:grazoprevir,26926625,GZR_60,
GZR_61,NS3:168E:AL_1a:grazoprevir,26926625,GZR_61,
GZR_62,NS3:168V:AL_1a:grazoprevir,26926625,GZR_62,
GZR_63,NS3:168Y:AL_1a:grazoprevir,26926625,GZR_63,
GZR_64,NS3:170T:AL_1a:grazoprevir,26926625,GZR_64,
GZR_65,NS3:36A:AL_1a:grazoprevir,26926625,GZR_65,
GZR_66,NS3:54S:AL_1a:grazoprevir,26926625,GZR_66,
GZR_67,NS3:56H:AL_1a:grazoprevir,26926625,GZR_67,
GZR_68,NS3:80K:AL_1a:grazoprevir,26926625,GZR_68,
GZR_69,NS3:122T:AL_1a:grazoprevir,27291249,,GZR_69
GZR_7,NS3:80K:AL_1a:grazoprevir,26423374,,GZR_7
GZR_70,NS3:56H+156T+168N:AL_1a:grazoprevir,27291249,,GZR_70
GZR_71,NS3:56H+168A:AL_1a:grazoprevir,27291249,,GZR_71
GZR_72,NS3:122T:AL_1a:grazoprevir,30127629,,GZR_72
GZR_73,NS3:156L:AL_1a:grazoprevir,30127629,,GZR_73
GZR_74,NS3:156T+168N:AL_1a:grazoprevir,30127629,,GZR_74
GZR_75,NS3:168A:AL_1a:grazoprevir,30127629,,GZR_75
GZR_76,NS3:168V:AL_1a:grazoprevir,30127629,,GZR_76
GZR_77,NS3:168V:AL_1a:grazoprevir,30127629,,GZR_77
GZR_78,NS3:170V:AL_1a:grazoprevir,30127629,,GZR_78
GZR_79,NS3:36L+80K:AL_1a:grazoprevir,30127629,,GZR_79
GZR_8,NS3:80K+168A:AL_1a:grazoprevir,26423374,,GZR_8
GZR_80,NS3:55A:AL_1a:grazoprevir,30127629,,GZR_80
GZR_81,NS3:55A+168A:AL_1a:grazoprevir,30127629,,GZR_81
GZR_82,NS3:55A+168E:AL_1a:grazoprevir,30127629,,GZR_82
GZR_83,NS3:80K:AL_1a:grazoprevir,30127629,,GZR_83
GZR_84,NS3:80K+168A:AL_1a:grazoprevir,30127629,,GZR_84
GZR_85,NS3:80K+168D:AL_1a:grazoprevir,30127629,,GZR_85
GZR_86,NS3:80K+168E:AL_1a:grazoprevir,30127629,,GZR_86
GZR_87,NS3:80K+168N:AL_1a:grazoprevir,30127629,,GZR_87
GZR_88,NS3:80K+168T:AL_1a:grazoprevir,30127629,,GZR_88
GZR_89,NS3:80K+168Y:AL_1a:grazoprevir,30127629,,GZR_89
GZR_9,NS3:107I:AL_1a:grazoprevir,27720838,,GZR_9
GZR_90,NS3:122T+170I:AL_1b:grazoprevir,30127629,,GZR_90
GZR_91,NS3:56F+155W+156G+168N:AL_1b:grazoprevir,30127629,,GZR_91
GZR_92,NS3:56F+168E+170I:AL_1b:grazoprevir,30127629,,GZR_92
GZR_93,NS3:56F+170I:AL_1b:grazoprevir,30127629,,GZR_93
GZR_94,NS3:56H+168A:AL_1b:grazoprevir,30127629,,GZR_94
GZR_95,NS3:156G:AL_4:grazoprevir,27773808,,GZR_95
GZR_96,NS3:156M:AL_4:grazoprevir,27773808,,GZR_96
GZR_97,NS3:156T:AL_4:grazoprevir,27773808,,GZR_97
GZR_98,NS3:156V:AL_4:grazoprevir,27773808,,GZR_98
GZR_99,NS3:168A:AL_4:grazoprevir,27773808,,GZR_99
LDV_1,NS5A:24R:AL_1a:ledipasvir,27923693,,LDV_1
LDV_10,NS5A:31I:AL_1b:ledipasvir,27923693,,LDV_10
LDV_100,NS5A:31M:AL_1a:ledipasvir,29091342,,LDV_100
LDV_101,NS5A:30R+31M:AL_1a:ledipasvir,29091342,,LDV_101
LDV_102,NS5A:30H+93H:AL_1a:ledipasvir,29091342,,LDV_102
LDV_103,NS5A:30K:AL_1a:ledipasvir,29091342,,LDV_103
LDV_104,NS5A:30R:AL_1a:ledipasvir,29091342,,LDV_104
LDV_105,NS5A:93C:AL_1a:ledipasvir,29091342,,LDV_105
LDV_106,NS5A:31M+93H:AL_1b:ledipasvir,29091342,,LDV_106
LDV_107,NS5A:31M+54H+62E:AL_1b:ledipasvir,29274188,,LDV_107
LDV_108,NS5A:31M+54H:AL_1b:ledipasvir,29274188,,LDV_108
LDV_109,NS5A:54H+58A+62E+93H:AL_1b:ledipasvir,29274188,,LDV_109
LDV_11,NS5A:31M:AL_1a:ledipasvir,27923693,,LDV_11
LDV_110,NS5A:31M+54H+93H:AL_1b:ledipasvir,29274188,,LDV_110
LDV_111,NS5A:30Q+54H+93H:AL_1b:ledipasvir,29274188,,LDV_111
LDV_112,NS5A:30H:AL_1a:ledipasvir,29146520,,LDV_112
LDV_113,NS5A:30R:AL_1a:ledipasvir,29146520,,LDV_113
LDV_114,NS5A:31M:AL_1a:ledipasvir,29146520,,LDV_114
LDV_115,NS5A:93H:AL_1a:ledipasvir,29146520,,LDV_115
LDV_116,NS5A:31M:AL_1b:ledipasvir,29146520,,LDV_116
LDV_117,NS5A:93H:AL_1b:ledipasvir,29146520,,LDV_117
LDV_118,NS5A:28M:AL_4:ledipasvir,29146520,,LDV_118
LDV_119,NS5A:93C:AL_4:ledipasvir,29146520,,LDV_119
LDV_12,NS5A:31M:AL_1b:ledipasvir,27923693,,LDV_12
LDV_120,NS5A:93H:AL_4:ledipasvir,29146520,,LDV_120
LDV_121,NS5A:32del:AL_1b:ledipasvir,29425404,,LDV_121
LDV_13,NS5A:31P:AL_1a:ledipasvir,27923693,,LDV_13
LDV_14,NS5A:31V:AL_1b:ledipasvir,27923693,,LDV_14
LDV_15,NS5A:38F:AL_1a:ledipasvir,27923693,,LDV_15
LDV_16,NS5A:93C:AL_1a:ledipasvir,27923693,,LDV_16
LDV_17,NS5A:93F:AL_1a:ledipasvir,27923693,,LDV_17
LDV_18,NS5A:93H:AL_1a:ledipasvir,27923693,,LDV_18
LDV_19,NS5A:93H:AL_1b:ledipasvir,27923693,,LDV_19
LDV_2,NS5A:28A:AL_1a:ledipasvir,27923693,,LDV_2
LDV_20,NS5A:93N:AL_1a:ledipasvir,27923693,,LDV_20
LDV_21,NS5A:28A+30H:AL_1a:ledipasvir,27923693,,LDV_21
LDV_22,NS5A:30H+93H:AL_1a:ledipasvir,27923693,,LDV_22
LDV_23,NS5A:30H+31M:AL_1a:ledipasvir,27923693,,LDV_23
LDV_24,NS5A:28T+30R:AL_1a:ledipasvir,27923693,,LDV_24
LDV_25,NS5A:30R+31M:AL_1a:ledipasvir,27923693,,LDV_25
LDV_26,NS5A:30R+31P:AL_1a:ledipasvir,27923693,,LDV_26
LDV_27,NS5A:30Y+93H:AL_1a:ledipasvir,27923693,,LDV_27
LDV_28,NS5A:38F+93H:AL_1a:ledipasvir,27923693,,LDV_28
LDV_29,NS5A:24R+93H:AL_1a:ledipasvir,27923693,,LDV_29
LDV_3,NS5A:28T:AL_1a:ledipasvir,27923693,,LDV_3
LDV_30,NS5A:30L+31M+93H:AL_1a:ledipasvir,27923693,,LDV_30
LDV_31,NS5A:30L+93H:AL_1a:ledipasvir,27923693,,LDV_31
LDV_32,NS5A:30R+93H:AL_1a:ledipasvir,27923693,,LDV_32
LDV_33,NS5A:30L+93H:AL_1a:ledipasvir,27923693,,LDV_33
LDV_34,NS5A:30E+93C:AL_1a:ledipasvir,27923693,,LDV_34
LDV_35,NS5A:30R+93C:AL_1a:ledipasvir,27923693,,LDV_35
LDV_36,NS5A:30E+93H:AL_1a:ledipasvir,27923693,,LDV_36
LDV_37,NS5A:30R+93H:AL_1a:ledipasvir,27923693,,LDV_37
LDV_38,NS5A:24G:AL_1a:ledipasvir,27923693,LDV_38,
LDV_39,NS5A:24N:AL_1a:ledipasvir,27923693,LDV_39,
LDV_4,NS5A:30E:AL_1a:ledipasvir,27923693,,LDV_4
LDV_40,NS5A:24R:AL_1a:ledipasvir,27923693,LDV_40,
LDV_41,NS5A:28A:AL_1a:ledipasvir,27923693,LDV_41,
LDV_42,NS5A:28G:AL_1a:ledipasvir,27923693,LDV_42,
LDV_43,NS5A:28I:AL_1a:ledipasvir,27923693,LDV_43,
LDV_44,NS5A:28T:AL_1a:ledipasvir,27923693,LDV_44,
LDV_45,NS5A:30E:AL_1a:ledipasvir,27923693,LDV_45,
LDV_46,NS5A:30G:AL_1a:ledipasvir,27923693,LDV_46,
LDV_47,NS5A:30H:AL_1a:ledipasvir,27923693,LDV_47,
LDV_48,NS5A:30K:AL_1a:ledipasvir,27923693,LDV_48,
LDV_49,NS5A:30L:AL_1a:ledipasvir,27923693,LDV_49,
LDV_5,NS5A:30H:AL_1a:ledipasvir,27923693,,LDV_5
LDV_50,NS5A:30R:AL_1a:ledipasvir,27923693,LDV_50,
LDV_51,NS5A:30T:AL_1a:ledipasvir,27923693,LDV_51,
LDV_52,NS5A:31F:AL_1a:ledipasvir,27923693,LDV_52,
LDV_53,NS5A:31I:AL_1a:ledipasvir,27923693,LDV_53,
LDV_54,NS5A:31M:AL_1a:ledipasvir,27923693,LDV_54,
LDV_55,NS5A:31V:AL_1a:ledipasvir,27923693,LDV_55,
LDV_56,NS5A:32L:AL_1a:ledipasvir,27923693,LDV_56,
LDV_57,NS5A:38F:AL_1a:ledipasvir,27923693,LDV_57,
LDV_58,NS5A:58D:AL_1a:ledipasvir,27923693,LDV_58,
LDV_59,NS5A:92K:AL_1a:ledipasvir,27923693,LDV_59,
LDV_6,NS5A:30K:AL_1a:ledipasvir,27923693,,LDV_6
LDV_60,NS5A:92T:AL_1a:ledipasvir,27923693,LDV_60,
LDV_61,NS5A:93C:AL_1a:ledipasvir,27923693,LDV_61,
LDV_62,NS5A:93F:AL_1a:ledipasvir,27923693,LDV_62,
LDV_63,NS5A:93H:AL_1a:ledipasvir,27923693,LDV_63,
LDV_64,NS5A:93N:AL_1a:ledipasvir,27923693,LDV_64,
LDV_65,NS5A:93S:AL_1a:ledipasvir,27923693,LDV_65,
LDV_66,NS5A:24R+30R:AL_1a:ledipasvir,27923693,LDV_66,
LDV_67,NS5A:28T+30R:AL_1a:ledipasvir,27923693,LDV_67,
LDV_68,NS5A:30H+31M:AL_1a:ledipasvir,27923693,LDV_68,
LDV_69,NS5A:30H+93H:AL_1a:ledipasvir,27923693,LDV_69,
LDV_7,NS5A:30L:AL_1a:ledipasvir,27923693,,LDV_7
LDV_70,NS5A:30R+31M:AL_1a:ledipasvir,27923693,LDV_70,
LDV_71,NS5A:30R+93H:AL_1a:ledipasvir,27923693,LDV_71,
LDV_72,NS5A:30Y+93H:AL_1a:ledipasvir,27923693,LDV_72,
LDV_73,NS5A:31F:AL_1b:ledipasvir,27923693,LDV_73,
LDV_74,NS5A:31I:AL_1b:ledipasvir,27923693,LDV_74,
LDV_75,NS5A:31M:AL_1b:ledipasvir,27923693,LDV_75,
LDV_76,NS5A:31V:AL_1b:ledipasvir,27923693,LDV_76,
LDV_77,NS5A:32L:AL_1b:ledipasvir,27923693,LDV_77,
LDV_78,NS5A:58D:AL_1b:ledipasvir,27923693,LDV_78,
LDV_79,NS5A:92E:AL_1b:ledipasvir,27923693,LDV_79,
LDV_8,NS5A:30R:AL_1a:ledipasvir,27923693,,LDV_8
LDV_80,NS5A:92K:AL_1b:ledipasvir,27923693,LDV_80,
LDV_81,NS5A:93C:AL_1b:ledipasvir,27923693,LDV_81,
LDV_82,NS5A:93H:AL_1b:ledipasvir,27923693,LDV_82,
LDV_83,NS5A:93N:AL_1b:ledipasvir,27923693,LDV_83,
LDV_84,NS5A:93S:AL_1b:ledipasvir,27923693,LDV_84,
LDV_85,NS5A:31I+93H:AL_1b:ledipasvir,27923693,LDV_85,
LDV_86,NS5A:31M+93H:AL_1b:ledipasvir,27923693,LDV_86,
LDV_87,NS5A:28V+30R+31M:AL_4r:ledipasvir,30125371,,LDV_87
LDV_88,NS5A:28V+30R+31M+93H:AL_4r:ledipasvir,30125371,,LDV_88
LDV_89,NS5A:28T+30H:AL_4r:ledipasvir,30125371,,LDV_89
LDV_9,NS5A:30Y:AL_1a:ledipasvir,27923693,,LDV_9
LDV_90,NS5A:28V+30R:AL_4r:ledipasvir,30125371,,LDV_90
LDV_91,NS5A:28M+30R+31M:AL_4r:ledipasvir,30125371,,LDV_91
LDV_92,NS5A:28V+30R+31M:AL_4r:ledipasvir,30125371,,LDV_92
LDV_93,NS5A:28I+30R+31V:AL_4r:ledipasvir,30125371,,LDV_93
LDV_94,NS5A:28V+30R+31V:AL_4r:ledipasvir,30125371,,LDV_94
LDV_95,NS5A:28M+30R+31M:AL_4r:ledipasvir,28789880,,LDV_95
LDV_96,NS5A:28M+30R+31L:AL_4r:ledipasvir,28789880,,LDV_96
LDV_97,NS5A:28M+30R+31M:AL_1l:ledipasvir,28789880,,LDV_97
LDV_98,NS5A:28M+30R+31L+93H:AL_4r:ledipasvir,28789880,,LDV_98
LDV_99,NS5A:30E:AL_1a:ledipasvir,29091342,,LDV_99
OBV_1,NS5A:28V:AL_4:ombitasvir,30882744,,OBV_1
OBV_10,NS5A:93S:AL_6a:ombitasvir,30718256,OBV_10,
OBV_100,NS5A:31F:AL_1b:ombitasvir,26643326,,OBV_100
OBV_101,NS5A:28M:AL_1b:ombitasvir,26643326,OBV_101,
OBV_102,NS5A:31F:AL_1b:ombitasvir,26643326,OBV_102,
OBV_103,NS5A:31V:AL_1b:ombitasvir,26643326,OBV_103,
OBV_104,NS5A:93H:AL_1b:ombitasvir,26643326,OBV_104,
OBV_105,NS5A:93S:AL_1b:ombitasvir,26643326,OBV_105,
OBV_106,NS5A:31F+92E:AL_1b:ombitasvir,26643326,OBV_106,
OBV_107,NS5A:28M+93H:AL_1b:ombitasvir,26643326,OBV_107,
OBV_108,NS5A:30Q+93H:AL_1b:ombitasvir,26643326,OBV_108,
OBV_109,NS5A:31M+93H:AL_1b:ombitasvir,26643326,OBV_109,
OBV_11,NS5A:28T+30S:AL_6a:ombitasvir,30718256,OBV_11,
OBV_110,NS5A:31V+93H:AL_1b:ombitasvir,26643326,OBV_110,
OBV_111,NS5A:58S+93H:AL_1b:ombitasvir,26643326,OBV_111,
OBV_112,NS5A:28M+30Q+93H:AL_1b:ombitasvir,26643326,OBV_112,
OBV_113,NS5A:31M:AL_1b:ombitasvir,28416221,,OBV_113
OBV_114,NS5A:93C:AL_1b:ombitasvir,28416221,,OBV_114
OBV_115,NS5A:93L:AL_1a:ombitasvir,EASL_2016_Abs_LBP503,,OBV_115
OBV_116,NS5A:58D:AL_1a:ombitasvir,EASL_2016_Abs_LBP503,,OBV_116
OBV_117,NS5A:28V:AL_1a:ombitasvir,EASL_2016_Abs_LBP503,,OBV_117
OBV_118,NS5A:30E:AL_1a:ombitasvir,EASL_2016_Abs_LBP503,,OBV_118
OBV_119,NS5A:30R:AL_1a:ombitasvir,EASL_2016_Abs_LBP503,,OBV_119
OBV_12,NS5A:28V+30S:AL_6a:ombitasvir,30718256,OBV_12,
OBV_120,NS5A:93N:AL_1a:ombitasvir,EASL_2016_Abs_LBP503,,OBV_120
OBV_121,NS5A:28T:AL_1a:ombitasvir,EASL_2016_Abs_LBP503,,OBV_121
OBV_122,NS5A:28V+30R:AL_1a:ombitasvir,EASL_2016_Abs_LBP503,,OBV_122
OBV_123,NS5A:58L:AL_4a:ombitasvir,28404108,,OBV_123
OBV_124,NS5A:28M+93H:AL_4a:ombitasvir,28404108,,OBV_124
OBV_125,NS5A:93H:AL_1b:ombitasvir,24720679,,OBV_125
OBV_126,NS5A:28T:AL_1a:ombitasvir,25706092,,OBV_126
OBV_127,NS5A:30R:AL_1a:ombitasvir,25706092,,OBV_127
OBV_128,NS5A:93H:AL_1b:ombitasvir,25644279,,OBV_128
OBV_129,NS5A:28F:AL_2:ombitasvir,25644279,,OBV_129
OBV_13,NS5A:28V+30T:AL_6a:ombitasvir,30718256,OBV_13,
OBV_130,NS5A:28T:AL_1a:ombitasvir,29146520,,OBV_130
OBV_131,NS5A:28V:AL_1a:ombitasvir,29146520,,OBV_131
OBV_132,NS5A:30H:AL_1a:ombitasvir,29146520,,OBV_132
OBV_133,NS5A:30R:AL_1a:ombitasvir,29146520,,OBV_133
OBV_134,NS5A:28T:AL_1a:ombitasvir,29146520,OBV_134,
OBV_135,NS5A:28V:AL_1a:ombitasvir,29146520,OBV_135,
OBV_136,NS5A:30H:AL_1a:ombitasvir,29146520,OBV_136,
OBV_137,NS5A:30R:AL_1a:ombitasvir,29146520,OBV_137,
OBV_138,NS5A:93H:AL_1b:ombitasvir,29146520,OBV_138,
OBV_139,NS5A:93H:AL_1b:ombitasvir,29146520,,OBV_139
OBV_14,NS5A:28T+31I:AL_6a:ombitasvir,30718256,OBV_14,
OBV_140,NS5A:93H:AL_4:ombitasvir,29146520,OBV_140,
OBV_141,NS5A:28V:AL_4:ombitasvir,29146520,OBV_141,
OBV_142,NS5A:28V:AL_4:ombitasvir,29146520,,OBV_142
OBV_143,NS5A:93H:AL_1b:ombitasvir,27670383,,OBV_143
OBV_144,NS5A:30G:AL_1a:ombitasvir,EASL_2016_Abs_LBP503,,OBV_144
OBV_15,NS5A:28V+30S+93S:AL_6a:ombitasvir,30718256,OBV_15,
OBV_16,NS5A:31M:AL_6a:ombitasvir,30718256,OBV_16,
OBV_17,NS5A:58A:AL_6a:ombitasvir,30718256,OBV_17,
OBV_18,NS5A:58S:AL_6a:ombitasvir,30718256,OBV_18,
OBV_19,NS5A:28A+30S:AL_6a:ombitasvir,30718256,OBV_19,
OBV_2,NS5A:93C:AL_4:ombitasvir,30882744,,OBV_2
OBV_20,NS5A:31M:AL_2a:ombitasvir,30485638,,OBV_20
OBV_21,NS5A:24S:AL_2a:ombitasvir,30485638,,OBV_21
OBV_22,NS5A:28S:AL_2a:ombitasvir,30485638,,OBV_22
OBV_23,NS5A:93H:AL_1b:ombitasvir,29575060,,OBV_23
OBV_24,NS5A:28T:AL_1a:ombitasvir,24795200,,OBV_24
OBV_25,NS5A:30R:AL_1a:ombitasvir,24795200,,OBV_25
OBV_26,NS5A:28T:AL_1a:ombitasvir,25451055,OBV_26,
OBV_27,NS5A:28V:AL_1a:ombitasvir,25451055,OBV_27,
OBV_28,NS5A:30R:AL_1a:ombitasvir,25451055,OBV_28,
OBV_29,NS5A:58D:AL_1a:ombitasvir,25451055,OBV_29,
OBV_3,NS5A:28A:AL_6a:ombitasvir,30718256,OBV_3,
OBV_30,NS5A:93C:AL_1a:ombitasvir,25451055,OBV_30,
OBV_31,NS5A:93H:AL_1a:ombitasvir,25451055,OBV_31,
OBV_32,NS5A:93N:AL_1a:ombitasvir,25451055,OBV_32,
OBV_33,NS5A:93S:AL_1a:ombitasvir,25451055,OBV_33,
OBV_34,NS5A:30H:AL_1a:ombitasvir,25451055,OBV_34,
OBV_35,NS5A:31M:AL_1a:ombitasvir,25451055,OBV_35,
OBV_36,NS5A:30L+93H:AL_1a:ombitasvir,25451055,OBV_36,
OBV_37,NS5A:30L+93S:AL_1a:ombitasvir,25451055,OBV_37,
OBV_38,NS5A:28T:AL_1b:ombitasvir,25451055,OBV_38,
OBV_39,NS5A:31F:AL_1b:ombitasvir,25451055,OBV_39,
OBV_4,NS5A:28F:AL_6a:ombitasvir,30718256,OBV_4,
OBV_40,NS5A:31V:AL_1b:ombitasvir,25451055,OBV_40,
OBV_41,NS5A:93H:AL_1b:ombitasvir,25451055,OBV_41,
OBV_42,NS5A:28M+31F:AL_1b:ombitasvir,25451055,OBV_42,
OBV_43,NS5A:28V+31F:AL_1b:ombitasvir,25451055,OBV_43,
OBV_44,NS5A:31F+58L:AL_1b:ombitasvir,25451055,OBV_44,
OBV_45,NS5A:28M+93H:AL_1b:ombitasvir,25451055,OBV_45,
OBV_46,NS5A:30Q+93H:AL_1b:ombitasvir,25451055,OBV_46,
OBV_47,NS5A:31F+93H:AL_1b:ombitasvir,25451055,OBV_47,
OBV_48,NS5A:31V+93H:AL_1b:ombitasvir,25451055,OBV_48,
OBV_49,NS5A:58A+93H:AL_1b:ombitasvir,25451055,OBV_49,
OBV_5,NS5A:28M:AL_6a:ombitasvir,30718256,OBV_5,
OBV_50,NS5A:58L+93H:AL_1b:ombitasvir,25451055,OBV_50,
OBV_51,NS5A:28M:AL_1b:ombitasvir,25451055,OBV_51,
OBV_52,NS5A:24A:AL_2a:ombitasvir,25451055,OBV_52,
OBV_53,NS5A:28S:AL_2a:ombitasvir,25451055,OBV_53,
OBV_54,NS5A:28F:AL_2b:ombitasvir,25451055,OBV_54,
OBV_55,NS5A:28F+31M:AL_2b:ombitasvir,25451055,OBV_55,
OBV_56,NS5A:31V:AL_2b:ombitasvir,25451055,OBV_56,
OBV_57,NS5A:28T:AL_3a:ombitasvir,25451055,OBV_57,
OBV_58,NS5A:31F:AL_3a:ombitasvir,25451055,OBV_58,
OBV_59,NS5A:93H:AL_3a:ombitasvir,25451055,OBV_59,
OBV_6,NS5A:28T:AL_6a:ombitasvir,30718256,OBV_6,
OBV_60,NS5A:28V:AL_4a:ombitasvir,25451055,OBV_60,
OBV_61,NS5A:28I:AL_5a:ombitasvir,25451055,OBV_61,
OBV_62,NS5A:31V:AL_5a:ombitasvir,25451055,OBV_62,
OBV_63,NS5A:31F:AL_5a:ombitasvir,25451055,OBV_63,
OBV_64,NS5A:31V:AL_6a:ombitasvir,25451055,OBV_64,
OBV_65,NS5A:58N:AL_6a:ombitasvir,25451055,OBV_65,
OBV_66,NS5A:58A:AL_6a:ombitasvir,25451055,OBV_66,
OBV_67,NS5A:58S:AL_6a:ombitasvir,25451055,OBV_67,
OBV_68,NS5A:28V:AL_1a:ombitasvir,26100711,,OBV_68
OBV_69,NS5A:30R:AL_1a:ombitasvir,26100711,,OBV_69
OBV_7,NS5A:28V:AL_6a:ombitasvir,30718256,OBV_7,
OBV_70,NS5A:31M:AL_1a:ombitasvir,26100711,,OBV_70
OBV_71,NS5A:28T+58P:AL_1a:ombitasvir,26100711,,OBV_71
OBV_72,NS5A:93N:AL_1a:ombitasvir,26100711,,OBV_72
OBV_73,NS5A:28V+30K:AL_1a:ombitasvir,26100711,,OBV_73
OBV_74,NS5A:28T:AL_1a:ombitasvir,26100711,,OBV_74
OBV_75,NS5A:28T+30R:AL_1a:ombitasvir,26100711,,OBV_75
OBV_76,NS5A:93H:AL_1b:ombitasvir,26170136,,OBV_76
OBV_77,NS5A:58S:AL_1b:ombitasvir,26170136,,OBV_77
OBV_78,NS5A:58S+93H:AL_1b:ombitasvir,26170136,,OBV_78
OBV_79,NS5A:28V:AL_4a:ombitasvir,26282418,OBV_79,
OBV_8,NS5A:31I:AL_6a:ombitasvir,30718256,OBV_8,
OBV_80,NS5A:28V:AL_4d:ombitasvir,26282418,OBV_80,
OBV_81,NS5A:31I:AL_4d:ombitasvir,26282418,OBV_81,
OBV_82,NS5A:28V+58S:AL_4d:ombitasvir,26282418,OBV_82,
OBV_83,NS5A:28V:AL_4d:ombitasvir,26282418,,OBV_83
OBV_84,NS5A:58P:AL_4d:ombitasvir,26282418,,OBV_84
OBV_85,NS5A:28S+31I:AL_4d:ombitasvir,26282418,,OBV_85
OBV_86,NS5A:58S:AL_4d:ombitasvir,26282418,,OBV_86
OBV_87,NS5A:28M+30Q:AL_1b:ombitasvir,26643326,,OBV_87
OBV_88,NS5A:93H:AL_1b:ombitasvir,26643326,,OBV_88
OBV_89,NS5A:93H:AL_1b:ombitasvir,26643326,,OBV_89
OBV_9,NS5A:93I:AL_6a:ombitasvir,30718256,OBV_9,
OBV_90,NS5A:58S+93H:AL_1b:ombitasvir,26643326,,OBV_90
OBV_91,NS5A:30Q:AL_1b:ombitasvir,26643326,,OBV_91
OBV_92,NS5A:92M+93H:AL_1b:ombitasvir,26643326,,OBV_92
OBV_93,NS5A:92T+93H:AL_1b:ombitasvir,26643326,,OBV_93
OBV_94,NS5A:92V+93H:AL_1b:ombitasvir,26643326,,OBV_94
OBV_95,NS5A:58S:AL_1b:ombitasvir,26643326,,OBV_95
OBV_96,NS5A:28M+30Q+93H:AL_1b:ombitasvir,26643326,,OBV_96
OBV_97,NS5A:31M+93H:AL_1b:ombitasvir,26643326,,OBV_97
OBV_98,NS5A:31V:AL_1b:ombitasvir,26643326,,OBV_98
OBV_99,NS5A:92E+93H:AL_1b:ombitasvir,26643326,,OBV_99
PIB_1,NS5A:24F+28K:AL_3a:pibrentasvir,26778412,,PIB_1
PIB_10,NS5A:28K:AL_3a:pibrentasvir,28412293,,PIB_10
PIB_11,NS5A:28M+32del:AL_1b:pibrentasvir,29152781,,PIB_11
PIB_12,NS5A:28S+31I:AL_2a:pibrentasvir,28193664,PIB_12,
PIB_13,NS5A:28T:AL_1a:pibrentasvir,28193664,PIB_13,
PIB_14,NS5A:28T+30R+31M:AL_1a:pibrentasvir,28193664,PIB_14,
PIB_15,NS5A:28T+30R+31M:AL_1a:pibrentasvir,29152781,,PIB_15
PIB_16,NS5A:28T+93C:AL_1a:pibrentasvir,28193664,PIB_16,
PIB_17,NS5A:28V+30R:AL_1a:pibrentasvir,29152781,,PIB_17
PIB_18,NS5A:28V+30R+31M:AL_1a:pibrentasvir,29152781,,PIB_18
PIB_19,NS5A:29R:AL_1a:pibrentasvir,29152781,,PIB_19
PIB_2,NS5A:24F+28K:AL_3a:pibrentasvir,28412293,,PIB_2
PIB_20,NS5A:29S+30G:AL_2a:pibrentasvir,28193664,PIB_20,
PIB_21,NS5A:30D:AL_1a:pibrentasvir,28193664,PIB_21,
PIB_22,NS5A:30del:AL_1a:pibrentasvir,28193664,PIB_22,
PIB_23,NS5A:30E:AL_1a:pibrentasvir,28193664,PIB_23,
PIB_24,NS5A:30E:AL_1a:pibrentasvir,29152781,,PIB_24
PIB_25,NS5A:30G:AL_3:pibrentasvir,EASL_2017_FRI_205,,PIB_25
PIB_26,NS5A:30G:AL_1a:pibrentasvir,29152781,,PIB_26
PIB_27,NS5A:30H+93H:AL_1a:pibrentasvir,29152781,,PIB_27
PIB_28,NS5A:30K:AL_3:pibrentasvir,EASL_2017_FRI_205,,PIB_28
PIB_29,NS5A:30K:AL_1a:pibrentasvir,29152781,,PIB_29
PIB_3,NS5A:24F+28K+30K:AL_3a:pibrentasvir,26778412,PIB_3,
PIB_30,NS5A:30K:AL_1a:pibrentasvir,29152781,,PIB_30
PIB_31,NS5A:30K:AL_3a:pibrentasvir,26778412,,PIB_31
PIB_32,NS5A:30K+58D:AL_1a:pibrentasvir,28412293,,PIB_32
PIB_33,NS5A:30K+93H:AL_3a:pibrentasvir,EASL_2017_FRI_205,,PIB_33
PIB_34,NS5A:30K+93H:AL_3a:pibrentasvir,EASL_2017_FRI_205,PIB_34,
PIB_35,NS5A:30R:AL_1a:pibrentasvir,28128852,,PIB_35
PIB_36,NS5A:30R+31M:AL_1a:pibrentasvir,28193664,PIB_36,
PIB_37,NS5A:30R+31M:AL_1a:pibrentasvir,29152781,,PIB_37
PIB_38,NS5A:30R+31M+58D:AL_1a:pibrentasvir,EASL_2017_FRI_205,,PIB_38
PIB_39,NS5A:30R+31M+58D:AL_1a:pibrentasvir,EASL_2017_FRI_205,PIB_39,
PIB_4,NS5A:24Q+93H:AL_1a:pibrentasvir,29152781,,PIB_4
PIB_40,NS5A:30R+31M+93C:AL_1a:pibrentasvir,28193664,PIB_40,
PIB_41,NS5A:30R+58C:AL_1a:pibrentasvir,28128852,,PIB_41
PIB_42,NS5A:30R+58D:AL_1a:pibrentasvir,28193664,PIB_42,
PIB_43,NS5A:30R+58D:AL_1a:pibrentasvir,EASL_2017_FRI_205,,PIB_43
PIB_44,NS5A:30R+58D:AL_1a:pibrentasvir,29152781,,PIB_44
PIB_45,NS5A:30R+93C:AL_1a:pibrentasvir,28193664,PIB_45,
PIB_46,NS5A:30R+93H:AL_1a:pibrentasvir,28193664,PIB_46,
PIB_47,NS5A:30R+93N:AL_1a:pibrentasvir,EASL_2017_FRI_205,PIB_47,
PIB_48,NS5A:31F:AL_5a:pibrentasvir,28193664,PIB_48,
PIB_49,NS5A:31F:AL_3:pibrentasvir,EASL_2017_FRI_205,,PIB_49
PIB_5,NS5A:24R+30K:AL_1a:pibrentasvir,29152781,,PIB_5
PIB_50,NS5A:31F:AL_3a:pibrentasvir,28412293,,PIB_50
PIB_51,NS5A:31I+93H:AL_3a:pibrentasvir,28412293,,PIB_51
PIB_52,NS5A:31M:AL_3:pibrentasvir,EASL_2017_FRI_205,,PIB_52
PIB_53,NS5A:31M+58D:AL_1a:pibrentasvir,EASL_2017_FRI_205,PIB_53,
PIB_54,NS5A:31M+58D:AL_1a:pibrentasvir,28128852,,PIB_54
PIB_55,NS5A:31M+93C:AL_1a:pibrentasvir,28193664,PIB_55,
PIB_56,NS5A:31V+93H:AL_1a:pibrentasvir,28193664,PIB_56,
PIB_57,NS5A:58D:AL_1a:pibrentasvir,29152781,,PIB_57
PIB_58,NS5A:58D+93H:AL_1a:pibrentasvir,28193664,PIB_58,
PIB_59,NS5A:58T:AL_3:pibrentasvir,EASL_2017_FRI_205,,PIB_59
PIB_6,NS5A:28A+58D:AL_1a:pibrentasvir,29152781,,PIB_6
PIB_60,NS5A:62A:AL_1a:pibrentasvir,28412293,,PIB_60
PIB_61,NS5A:93H:AL_1a:pibrentasvir,28193664,PIB_61,
PIB_62,NS5A:93H:AL_3a:pibrentasvir,28193664,PIB_62,
PIB_63,NS5A:93H:AL_3:pibrentasvir,EASL_2017_FRI_205,,PIB_63
PIB_64,NS5A:93H:AL_1a:pibrentasvir,29152781,,PIB_64
PIB_65,NS5A:93H:AL_3a:pibrentasvir,28412293,,PIB_65
PIB_66,NS5A:93H:AL_3a:pibrentasvir,28412293,,PIB_66
PIB_67,NS5A:93N:AL_1a:pibrentasvir,28193664,PIB_67,
PIB_68,NS5A:93N:AL_1a:pibrentasvir,EASL_2017_FRI_205,,PIB_68
PIB_69,NS5A:30K+93H:AL_3a:pibrentasvir,29425396,PIB_69,
PIB_7,NS5A:28G:AL_3:pibrentasvir,EASL_2017_FRI_205,,PIB_7
PIB_70,NS5A:30K+31M:AL_3a:pibrentasvir,29425396,PIB_70,
PIB_71,NS5A:30K+31M+93H:AL_3a:pibrentasvir,29425396,PIB_71,
PIB_8,NS5A:28G:AL_1a:pibrentasvir,28128852,,PIB_8
PIB_9,NS5A:28G:AL_1a:pibrentasvir,29152781,,PIB_9
PTV_1,NS3:168H:AL_4:paritaprevir,30882744,,PTV_1
PTV_10,NS3:168Y:AL_1a:paritaprevir,26100711,,PTV_10
PTV_100,NS3:155K:AL_5a:paritaprevir,27021330,PTV_100,
PTV_101,NS3:36A:AL_6a:paritaprevir,27021330,PTV_101,
PTV_102,NS3:43C:AL_6a:paritaprevir,27021330,PTV_102,
PTV_103,NS3:158I:AL_6a:paritaprevir,27021330,PTV_103,
PTV_104,NS3:18V+155K:AL_5a:paritaprevir,27021330,PTV_104,
PTV_105,NS3:30V+156S:AL_5a:paritaprevir,27021330,PTV_105,
PTV_106,NS3:54S+155K:AL_5a:paritaprevir,27021330,PTV_106,
PTV_107,NS3:155K+168R:AL_3a:paritaprevir,27021330,PTV_107,
PTV_108,NS3:117L+156S:AL_5a:paritaprevir,27021330,PTV_108,
PTV_109,NS3:54A+156S:AL_6a:paritaprevir,27021330,PTV_109,
PTV_11,NS3:36A+155K:AL_1a:paritaprevir,26100711,,PTV_11
PTV_110,NS3:54A+158I:AL_6a:paritaprevir,27021330,PTV_110,
PTV_111,NS3:166S:AL_3a:paritaprevir,26778412,,PTV_111
PTV_112,NS3:155K:AL_4a:paritaprevir,26392503,PTV_112,
PTV_113,NS3:155K:AL_5a:paritaprevir,26392503,PTV_113,
PTV_114,NS3:155K:AL_6a:paritaprevir,26392503,PTV_114,
PTV_115,NS3:155K:AL_1a:paritaprevir,26392503,PTV_115,
PTV_116,NS3:155K:AL_2a:paritaprevir,26392503,PTV_116,
PTV_117,NS3:155Q:AL_1a:paritaprevir,26392503,PTV_117,
PTV_118,NS3:155T:AL_6a:paritaprevir,26392503,PTV_118,
PTV_119,NS3:156G:AL_1a:paritaprevir,26392503,PTV_119,
PTV_12,NS3:36M+155K:AL_1a:paritaprevir,26100711,,PTV_12
PTV_120,NS3:156G:AL_2a:paritaprevir,26392503,PTV_120,
PTV_121,NS3:156G:AL_3a:paritaprevir,26392503,PTV_121,
PTV_122,NS3:156G:AL_4a:paritaprevir,26392503,PTV_122,
PTV_123,NS3:156S:AL_1a:paritaprevir,26392503,PTV_123,
PTV_124,NS3:156S:AL_2a:paritaprevir,26392503,PTV_124,
PTV_125,NS3:156S:AL_3a:paritaprevir,26392503,PTV_125,
PTV_126,NS3:156S:AL_4a:paritaprevir,26392503,PTV_126,
PTV_127,NS3:156S:AL_5a:paritaprevir,26392503,PTV_127,
PTV_128,NS3:168A:AL_1a:paritaprevir,26392503,PTV_128,
PTV_129,NS3:168A:AL_2a:paritaprevir,26392503,PTV_129,
PTV_13,NS3:56H+168Y:AL_1b:paritaprevir,26170136,,PTV_13
PTV_130,NS3:168A:AL_5a:paritaprevir,26392503,PTV_130,
PTV_131,NS3:168A:AL_6a:paritaprevir,26392503,PTV_131,
PTV_132,NS3:168E:AL_2a:paritaprevir,26392503,PTV_132,
PTV_133,NS3:168E:AL_5a:paritaprevir,26392503,PTV_133,
PTV_134,NS3:168E:AL_6a:paritaprevir,26392503,PTV_134,
PTV_135,NS3:168G:AL_2a:paritaprevir,26392503,PTV_135,
PTV_136,NS3:168G:AL_6a:paritaprevir,26392503,PTV_136,
PTV_137,NS3:168H:AL_2a:paritaprevir,26392503,PTV_137,
PTV_138,NS3:168H:AL_3a:paritaprevir,26392503,PTV_138,
PTV_139,NS3:168H:AL_5a:paritaprevir,26392503,PTV_139,
PTV_14,NS3:168V:AL_1b:paritaprevir,26170136,,PTV_14
PTV_140,NS3:168N:AL_2a:paritaprevir,26392503,PTV_140,
PTV_141,NS3:168N:AL_5a:paritaprevir,26392503,PTV_141,
PTV_142,NS3:168N:AL_6a:paritaprevir,26392503,PTV_142,
PTV_143,NS3:168V:AL_2a:paritaprevir,26392503,PTV_143,
PTV_144,NS3:168V:AL_3a:paritaprevir,26392503,PTV_144,
PTV_145,NS3:168V:AL_5a:paritaprevir,26392503,PTV_145,
PTV_146,NS3:168V:AL_6a:paritaprevir,26392503,PTV_146,
PTV_15,NS3:168V:AL_4a:paritaprevir,26282418,PTV_15,
PTV_16,NS3:56H:AL_4d:paritaprevir,26282418,PTV_16,
PTV_17,NS3:168V:AL_4d:paritaprevir,26282418,PTV_17,
PTV_18,NS3:56H+168V:AL_4d:paritaprevir,26282418,PTV_18,
PTV_19,NS3:56H+168V:AL_4d:paritaprevir,26282418,,PTV_19
PTV_2,NS3:168V:AL_2a:paritaprevir,30485638,,PTV_2
PTV_20,NS3:168V:AL_4d:paritaprevir,26282418,,PTV_20
PTV_21,NS3:168V:AL_1b:paritaprevir,26643326,,PTV_21
PTV_22,NS3:56H+168V:AL_1b:paritaprevir,26643326,,PTV_22
PTV_23,NS3:168A:AL_1b:paritaprevir,26643326,PTV_23,
PTV_24,NS3:168E:AL_1b:paritaprevir,26643326,PTV_24,
PTV_25,NS3:168V:AL_1b:paritaprevir,26643326,PTV_25,
PTV_26,NS3:56H+168A:AL_1b:paritaprevir,26643326,PTV_26,
PTV_27,NS3:56H+168V:AL_1b:paritaprevir,26643326,PTV_27,
PTV_28,NS3:80K:AL_1a:paritaprevir,EASL_2016_Abs_LBP503,,PTV_28
PTV_29,NS3:80K+155K:AL_1a:paritaprevir,EASL_2016_Abs_LBP503,,PTV_29
PTV_3,NS3:122R:AL_1b:paritaprevir,29575060,,PTV_3
PTV_30,NS3:155K:AL_1a:paritaprevir,EASL_2016_Abs_LBP503,,PTV_30
PTV_31,NS3:168V:AL_1a:paritaprevir,24720679,,PTV_31
PTV_32,NS3:56H+168A:AL_1b:paritaprevir,24720679,,PTV_32
PTV_33,NS3:168V:AL_1a:paritaprevir,25706092,,PTV_33
PTV_34,NS3:155K:AL_1a:paritaprevir,25706092,,PTV_34
PTV_35,NS3:168V:AL_1b:paritaprevir,25644279,,PTV_35
PTV_36,NS3:168V:AL_2:paritaprevir,25644279,,PTV_36
PTV_37,NS3:168Y:AL_2:paritaprevir,25644279,,PTV_37
PTV_38,NS3:36A:AL_1a:paritaprevir,25451053,PTV_38,
PTV_39,NS3:36L:AL_1a:paritaprevir,25451053,PTV_39,
PTV_4,NS3:168V:AL_1a:paritaprevir,24795200,,PTV_4
PTV_40,NS3:36M:AL_1a:paritaprevir,25451053,PTV_40,
PTV_41,NS3:43L:AL_1a:paritaprevir,25451053,PTV_41,
PTV_42,NS3:80K:AL_1a:paritaprevir,25451053,PTV_42,
PTV_43,NS3:80L:AL_1a:paritaprevir,25451053,PTV_43,
PTV_44,NS3:80R:AL_1a:paritaprevir,25451053,PTV_44,
PTV_45,NS3:155G:AL_1a:paritaprevir,25451053,PTV_45,
PTV_46,NS3:155K:AL_1a:paritaprevir,25451053,PTV_46,
PTV_47,NS3:155S:AL_1a:paritaprevir,25451053,PTV_47,
PTV_48,NS3:155T:AL_1a:paritaprevir,25451053,PTV_48,
PTV_49,NS3:155W:AL_1a:paritaprevir,25451053,PTV_49,
PTV_5,NS3:168A:AL_1a:paritaprevir,26100711,,PTV_5
PTV_50,NS3:156T:AL_1a:paritaprevir,25451053,PTV_50,
PTV_51,NS3:168A:AL_1a:paritaprevir,25451053,PTV_51,
PTV_52,NS3:168E:AL_1a:paritaprevir,25451053,PTV_52,
PTV_53,NS3:168H:AL_1a:paritaprevir,25451053,PTV_53,
PTV_54,NS3:168N:AL_1a:paritaprevir,25451053,PTV_54,
PTV_55,NS3:168V:AL_1a:paritaprevir,25451053,PTV_55,
PTV_56,NS3:168Y:AL_1a:paritaprevir,25451053,PTV_56,
PTV_57,NS3:36M+155K:AL_1a:paritaprevir,25451053,PTV_57,
PTV_58,NS3:80K+155K:AL_1a:paritaprevir,25451053,PTV_58,
PTV_59,NS3:155K:AL_1b:paritaprevir,25451053,PTV_59,
PTV_6,NS3:168V:AL_1a:paritaprevir,26100711,,PTV_6
PTV_60,NS3:156T:AL_1b:paritaprevir,25451053,PTV_60,
PTV_61,NS3:168A:AL_1b:paritaprevir,25451053,PTV_61,
PTV_62,NS3:168E:AL_1b:paritaprevir,25451053,PTV_62,
PTV_63,NS3:168H:AL_1b:paritaprevir,25451053,PTV_63,
PTV_64,NS3:168T:AL_1b:paritaprevir,25451053,PTV_64,
PTV_65,NS3:168V:AL_1b:paritaprevir,25451053,PTV_65,
PTV_66,NS3:168Y:AL_1b:paritaprevir,25451053,PTV_66,
PTV_67,NS3:156T:AL_1a:paritaprevir,30964552,PTV_67,
PTV_68,NS3:156L:AL_2a:paritaprevir,30964552,PTV_68,
PTV_69,NS3:156V:AL_2a:paritaprevir,30964552,PTV_69,
PTV_7,NS3:56H+168Y:AL_1a:paritaprevir,26100711,,PTV_7
PTV_70,NS3:156L:AL_3a:paritaprevir,30964552,PTV_70,
PTV_71,NS3:156T:AL_3a:paritaprevir,30964552,PTV_71,
PTV_72,NS3:156V:AL_3a:paritaprevir,30964552,PTV_72,
PTV_73,NS3:80K:AL_1a:paritaprevir,30395912,PTV_73,
PTV_74,NS3:80R:AL_1b:paritaprevir,30395912,PTV_74,
PTV_75,NS3:80K:AL_3a:paritaprevir,30395912,PTV_75,
PTV_76,NS3:80R:AL_4a:paritaprevir,30395912,PTV_76,
PTV_77,NS3:155K:AL_1a:paritaprevir,29146520,,PTV_77
PTV_78,NS3:155K:AL_1a:paritaprevir,29146520,PTV_78,
PTV_79,NS3:168V:AL_1a:paritaprevir,29146520,,PTV_79
PTV_8,NS3:155K+168V:AL_1a:paritaprevir,26100711,,PTV_8
PTV_80,NS3:168V:AL_1a:paritaprevir,29146520,PTV_80,
PTV_81,NS3:56H:AL_1b:paritaprevir,29146520,,PTV_81
PTV_82,NS3:56H:AL_1b:paritaprevir,29146520,PTV_82,
PTV_83,NS3:168V:AL_1b:paritaprevir,29146520,,PTV_83
PTV_84,NS3:168V:AL_1b:paritaprevir,29146520,PTV_84,
PTV_85,NS3:56H:AL_4:paritaprevir,29146520,,PTV_85
PTV_86,NS3:56H:AL_4:paritaprevir,29146520,PTV_86,
PTV_87,NS3:168V:AL_4:paritaprevir,29146520,,PTV_87
PTV_88,NS3:168V:AL_4:paritaprevir,29146520,PTV_88,
PTV_89,NS3:123Q:AL_2a:paritaprevir,27021330,PTV_89,
PTV_9,NS3:36M+155K:AL_1a:paritaprevir,26100711,,PTV_9
PTV_90,NS3:132V:AL_2a:paritaprevir,27021330,PTV_90,
PTV_91,NS3:156S:AL_2a:paritaprevir,27021330,PTV_91,
PTV_92,NS3:177V:AL_2a:paritaprevir,27021330,PTV_92,
PTV_93,NS3:54S+156S:AL_2a:paritaprevir,27021330,PTV_93,
PTV_94,NS3:54S+156S+177V:AL_2a:paritaprevir,27021330,PTV_94,
PTV_95,NS3:156S+177V:AL_2a:paritaprevir,27021330,PTV_95,
PTV_96,NS3:156G:AL_3a:paritaprevir,27021330,PTV_96,
PTV_97,NS3:168R:AL_3a:paritaprevir,27021330,PTV_97,
PTV_98,NS3:156S:AL_4a:paritaprevir,27021330,PTV_98,
PTV_99,NS3:156S:AL_5a:paritaprevir,27021330,PTV_99,
SOF_1,NS5B:159F:AL_3:sofosbuvir,29146520,,SOF_1
SOF_10,NS5B:159F:AL_1:sofosbuvir,26196665,,SOF_10
SOF_100,NS5B:179A+282T+293L+479P:AL_2a:sofosbuvir,22430955,SOF_100,
SOF_101,NS5B:179A+282T+289L+479P:AL_2a:sofosbuvir,22430955,SOF_101,
SOF_102,NS5B:179A+282T+289L+293L+479P:AL_2a:sofosbuvir,22430955,SOF_102,
SOF_103,NS5B:179A+282T+289L+293L+434T:AL_2a:sofosbuvir,22430955,SOF_103,
SOF_104,NS5B:150V:AL_3a:sofosbuvir,31078622,,SOF_104
SOF_105,NS5B:150V:AL_3a:sofosbuvir,31078622,SOF_105,
SOF_106,NS5B:206E:AL_3a:sofosbuvir,31078622,SOF_106,
SOF_107,NS5B:100R:AL_3a:sofosbuvir,31078622,SOF_107,
SOF_108,NS5B:188D:AL_3a:sofosbuvir,31078622,SOF_108,
SOF_109,NS5B:244I:AL_3a:sofosbuvir,31078622,SOF_109,
SOF_11,NS5B:159F:AL_1a:sofosbuvir,26196502,,SOF_11
SOF_110,NS5B:100R+188D:AL_3a:sofosbuvir,31078622,SOF_110,
SOF_111,NS5B:150V+206E:AL_3a:sofosbuvir,31078622,SOF_111,
SOF_112,NS5B:282T:AL_3a:sofosbuvir,31078622,SOF_112,
SOF_12,NS5B:159F:AL_1:sofosbuvir,25659285,,SOF_12
SOF_13,NS5B:159F:AL_3a:sofosbuvir,25659285,,SOF_13
SOF_14,NS5B:159F:AL_3:sofosbuvir,25322962,,SOF_14
SOF_15,NS5B:159F:AL_3:sofosbuvir,25266287,,SOF_15
SOF_16,NS5B:159F:AL_3:sofosbuvir,25266287,,SOF_16
SOF_17,NS5B:159F:AL_3:sofosbuvir,24795201,,SOF_17
SOF_18,NS5B:159F+282T:AL_1a:sofosbuvir,29404477,SOF_18,
SOF_19,NS5B:159F+282T:AL_1b:sofosbuvir,24154738,SOF_19,
SOF_2,NS5B:159F:AL_3a:sofosbuvir,29425396,SOF_2,
SOF_20,NS5B:159F+282T:AL_1a:sofosbuvir,24154738,SOF_20,
SOF_21,NS5B:159F+282T+320F:AL_1b:sofosbuvir,24154738,SOF_21,
SOF_22,NS5B:159F+316H:AL_1b:sofosbuvir,29146520,,SOF_22
SOF_23,NS5B:159F+316N:AL_1b:sofosbuvir,28105744,,SOF_23
SOF_24,NS5B:159F+316N:AL_1b:sofosbuvir,28105744,,SOF_24
SOF_25,NS5B:159F+316N:AL_1b:sofosbuvir,28105744,,SOF_25
SOF_26,NS5B:159F+316N:AL_1b:sofosbuvir,26603202,,SOF_26
SOF_27,NS5B:159F+316N:AL_1b:sofosbuvir,25847509,,SOF_27
SOF_28,NS5B:159F+316N:AL_3:sofosbuvir,25266287,,SOF_28
SOF_29,NS5B:159F+320F:AL_1a:sofosbuvir,26603202,SOF_29,
SOF_3,NS5B:159F:AL_1b:sofosbuvir,28332272,,SOF_3
SOF_30,NS5B:159F+320F:AL_1b:sofosbuvir,26603202,SOF_30,
SOF_31,NS5B:159F+320F:AL_1b:sofosbuvir,24154738,SOF_31,
SOF_32,NS5B:159F+320F:AL_1a:sofosbuvir,24154738,SOF_32,
SOF_33,NS5B:159F+321A:AL_1b:sofosbuvir,26603202,,SOF_33
SOF_34,NS5B:179A:AL_1b:sofosbuvir,22430955,SOF_34,
SOF_35,NS5B:179A+282T+289L+293L:AL_2a:sofosbuvir,22430955,SOF_35,
SOF_36,NS5B:179A+282T+293L:AL_2a:sofosbuvir,22430955,SOF_36,
SOF_37,NS5B:237G:AL_1a:sofosbuvir,27923693,,SOF_37
SOF_38,NS5B:282T:AL_3:sofosbuvir,29146520,,SOF_38
SOF_39,NS5B:282T:AL_4:sofosbuvir,29146520,,SOF_39
SOF_4,NS5B:159F:AL_3a:sofosbuvir,28105744,,SOF_4
SOF_40,NS5B:282T:AL_1a:sofosbuvir,29146520,,SOF_40
SOF_41,NS5B:282T:AL_1b:sofosbuvir,29146520,,SOF_41
SOF_42,NS5B:282T:AL_6a:sofosbuvir,29454794,SOF_42,
SOF_43,NS5B:282T:AL_3a:sofosbuvir,29425396,SOF_43,
SOF_44,NS5B:282T:AL_4r:sofosbuvir,28984067,,SOF_44
SOF_45,NS5B:282T:AL_4:sofosbuvir,28984067,SOF_45,
SOF_46,NS5B:282T:AL_3a:sofosbuvir,28783119,,SOF_46
SOF_47,NS5B:282T:AL_2b:sofosbuvir,29404477,,SOF_47
SOF_48,NS5B:282T:AL_1b:sofosbuvir,29404477,,SOF_48
SOF_49,NS5B:282T:AL_1a:sofosbuvir,29404477,,SOF_49
SOF_5,NS5B:159F:AL_1b:sofosbuvir,26603202,,SOF_5
SOF_50,NS5B:282T:AL_3a:sofosbuvir,29404477,,SOF_50
SOF_51,NS5B:282T:AL_4r:sofosbuvir,29404477,,SOF_51
SOF_52,NS5B:282T:AL_6l:sofosbuvir,29404477,,SOF_52
SOF_53,NS5B:282T:AL_1a:sofosbuvir,29404477,SOF_53,
SOF_54,NS5B:282T:AL_3a:sofosbuvir,28595606,,SOF_54
SOF_55,NS5B:282T:AL_2a:sofosbuvir,28564569,,SOF_55
SOF_56,NS5B:282T:AL_2d:sofosbuvir,28564569,,SOF_56
SOF_57,NS5B:282T:AL_2j:sofosbuvir,28564569,,SOF_57
SOF_58,NS5B:282T:AL_1a:sofosbuvir,27923693,,SOF_58
SOF_59,NS5B:282T:AL_1a:sofosbuvir,27923693,SOF_59,
SOF_6,NS5B:159F:AL_1a:sofosbuvir,26603202,,SOF_6
SOF_60,NS5B:282T:AL_4a:sofosbuvir,28105744,,SOF_60
SOF_61,NS5B:282T:AL_3a:sofosbuvir,28105744,,SOF_61
SOF_62,NS5B:282T:AL_3a:sofosbuvir,27453546,SOF_62,
SOF_63,NS5B:282T:AL_4r:sofosbuvir,27351341,,SOF_63
SOF_64,NS5B:282T:AL_1b:sofosbuvir,26603202,SOF_64,
SOF_65,NS5B:282T:AL_2b:sofosbuvir,26603202,SOF_65,
SOF_66,NS5B:282T:AL_3a:sofosbuvir,26603202,SOF_66,
SOF_67,NS5B:282T:AL_1b:sofosbuvir,26521268,,SOF_67
SOF_68,NS5B:282T:AL_1b:sofosbuvir,24154738,SOF_68,
SOF_69,NS5B:282T:AL_1a:sofosbuvir,24154738,SOF_69,
SOF_7,NS5B:159F:AL_1b:sofosbuvir,26603202,,SOF_7
SOF_70,NS5B:282T:AL_1b:sofosbuvir,22430955,SOF_70,
SOF_71,NS5B:282T:AL_2a:sofosbuvir,22430955,SOF_71,
SOF_72,NS5B:282T:AL_2b:sofosbuvir,22430955,SOF_72,
SOF_73,NS5B:282T:AL_1a:sofosbuvir,22430955,SOF_73,
SOF_74,NS5B:282T+159F:AL_1a:sofosbuvir,29404477,,SOF_74
SOF_75,NS5B:282T+289L:AL_1b:sofosbuvir,22430955,SOF_75,
SOF_76,NS5B:282T+289L:AL_2a:sofosbuvir,22430955,SOF_76,
SOF_77,NS5B:282T+320F:AL_1b:sofosbuvir,24154738,SOF_77,
SOF_78,NS5B:282T+320F:AL_1a:sofosbuvir,24154738,SOF_78,
SOF_79,NS5B:282T+321I:AL_4:sofosbuvir,28984067,SOF_79,
SOF_8,NS5B:159F:AL_2:sofosbuvir,26603202,,SOF_8
SOF_80,NS5B:289I:AL_3:sofosbuvir,25266287,,SOF_80
SOF_81,NS5B:289L:AL_1b:sofosbuvir,22430955,SOF_81,
SOF_82,NS5B:289L:AL_2a:sofosbuvir,22430955,SOF_82,
SOF_83,NS5B:316H:AL_1b:sofosbuvir,28105744,,SOF_83
SOF_84,NS5B:316H+321I:AL_2:sofosbuvir,26196502,,SOF_84
SOF_85,NS5B:316N:AL_1b:sofosbuvir,29504692,,SOF_85
SOF_86,NS5B:316N:AL_1b:sofosbuvir,29453451,,SOF_86
SOF_87,NS5B:316N:AL_1b:sofosbuvir,28105744,,SOF_87
SOF_88,NS5B:320F:AL_1a:sofosbuvir,24154738,SOF_88,
SOF_89,NS5B:321A:AL_3:sofosbuvir,29146520,,SOF_89
SOF_9,NS5B:159F:AL_3:sofosbuvir,26603202,,SOF_9
SOF_90,NS5B:321A:AL_3a:sofosbuvir,29425396,SOF_90,
SOF_91,NS5B:321A:AL_1a:sofosbuvir,26603202,,SOF_91
SOF_92,NS5B:321A:AL_3:sofosbuvir,26603202,,SOF_92
SOF_93,NS5B:321A:AL_3:sofosbuvir,25266287,,SOF_93
SOF_94,NS5B:321A:AL_3:sofosbuvir,24795201,,SOF_94
SOF_95,NS5B:321I:AL_1b:sofosbuvir,29221887,,SOF_95
SOF_96,NS5B:321I:AL_4r:sofosbuvir,28984067,,SOF_96
SOF_97,NS5B:282T+289L+479P:AL_2a:sofosbuvir,22430955,SOF_97,
SOF_98,NS5B:282T+289L+293L+479P:AL_2a:sofosbuvir,22430955,SOF_98,
SOF_99,NS5B:282T+289L+293L+434T:AL_2a:sofosbuvir,22430955,SOF_99,
VEL_1,NS5A:24F+93H:AL_2b:velpatasvir,29274866,VEL_1,
VEL_10,NS5A:28S:AL_6a:velpatasvir,29454794,VEL_10,
VEL_100,NS5A:93H:AL_3a:velpatasvir,28498551,,VEL_100
VEL_101,NS5A:93H:AL_3a:velpatasvir,26569658,,VEL_101
VEL_102,NS5A:93H:AL_3:velpatasvir,26569658,,VEL_102
VEL_103,NS5A:93H:AL_1b:velpatasvir,26569658,,VEL_103
VEL_104,NS5A:93H:AL_1b:velpatasvir,26569658,,VEL_104
VEL_105,NS5A:93H+99A:AL_3a:velpatasvir,29274866,VEL_105,
VEL_106,NS5A:93N:AL_1a:velpatasvir,29274866,VEL_106,
VEL_107,NS5A:93N:AL_1b:velpatasvir,29274866,VEL_107,
VEL_108,NS5A:93N:AL_1a:velpatasvir,27353271,VEL_108,
VEL_109,NS5A:93N:AL_1b:velpatasvir,27353271,VEL_109,
VEL_11,NS5A:28S+93H:AL_2a:velpatasvir,29274866,VEL_11,
VEL_110,NS5A:93N:AL_4a:velpatasvir,27353271,VEL_110,
VEL_111,NS5A:93N:AL_1a:velpatasvir,29221887,VEL_111,VEL_111
VEL_112,NS5A:93N:AL_1a:velpatasvir,28564569,,VEL_112
VEL_113,NS5A:93N:AL_1a:velpatasvir,26569658,,VEL_113
VEL_114,NS5A:93R:AL_1a:velpatasvir,27353271,VEL_114,
VEL_115,NS5A:93S:AL_1a:velpatasvir,27353271,VEL_115,
VEL_116,NS5A:93W:AL_1a:velpatasvir,27353271,VEL_116,
VEL_117,NS5A:28V+30R+31M+93H:AL_4r:velpatasvir,30125371,,VEL_117
VEL_118,NS5A:30K+93H:AL_3a:velpatasvir,29425396,VEL_118,
VEL_119,NS5A:30K+31M:AL_3a:velpatasvir,29425396,VEL_119,
VEL_12,NS5A:28T:AL_1a:velpatasvir,EASL_2013_Poster_1191,VEL_12,
VEL_120,NS5A:30K+31M+93H:AL_3a:velpatasvir,29425396,VEL_120,
VEL_13,NS5A:28T:AL_1a:velpatasvir,27353271,VEL_13,
VEL_14,NS5A:30E:AL_1a:velpatasvir,EASL_2013_Poster_1191,VEL_14,
VEL_15,NS5A:30E:AL_1a:velpatasvir,27353271,VEL_15,
VEL_16,NS5A:30H:AL_1a:velpatasvir,27353271,VEL_16,
VEL_17,NS5A:30H+31M:AL_1a:velpatasvir,27353271,VEL_17,
VEL_18,NS5A:30H+93H:AL_1a:velpatasvir,27353271,VEL_18,
VEL_19,NS5A:30H+93H:AL_1a:velpatasvir,26569658,,VEL_19
VEL_2,NS5A:24R:AL_1a:velpatasvir,28564569,,VEL_2
VEL_20,NS5A:30K:AL_3a:velpatasvir,EASL_2013_Poster_1191,VEL_20,
VEL_21,NS5A:30K:AL_1a:velpatasvir,29274866,VEL_21,
VEL_22,NS5A:30K:AL_1a:velpatasvir,27353271,VEL_22,
VEL_23,NS5A:30K:AL_3a:velpatasvir,27353271,VEL_23,
VEL_24,NS5A:30K:AL_3a:velpatasvir,29221887,VEL_24,VEL_24
VEL_25,NS5A:30K:AL_3a:velpatasvir,26575258,,VEL_25
VEL_26,NS5A:30K:AL_3a:velpatasvir,28564569,,VEL_26
VEL_27,NS5A:30K:AL_3a:velpatasvir,28564569,,VEL_27
VEL_28,NS5A:30R:AL_1a:velpatasvir,EASL_2013_Poster_1191,VEL_28,
VEL_29,NS5A:30R:AL_1a:velpatasvir,27353271,VEL_29,
VEL_3,NS5A:24R+31F:AL_7a:velpatasvir,29274866,VEL_3,
VEL_30,NS5A:30R:AL_4a:velpatasvir,27353271,VEL_30,
VEL_31,NS5A:30R+31M:AL_1a:velpatasvir,27353271,VEL_31,
VEL_32,NS5A:30R+31M:AL_1c:velpatasvir,29221887,,VEL_32
VEL_33,NS5A:30R+31M:AL_1h:velpatasvir,29221887,,VEL_33
VEL_34,NS5A:30R+58D:AL_1a:velpatasvir,26569658,,VEL_34
VEL_35,NS5A:30R+93H:AL_1a:velpatasvir,27353271,VEL_35,
VEL_36,NS5A:30T:AL_1a:velpatasvir,28564569,,VEL_36
VEL_37,NS5A:31F:AL_3a:velpatasvir,29274866,VEL_37,
VEL_38,NS5A:31F+93H:AL_3a:velpatasvir,29274866,VEL_38,
VEL_39,NS5A:31I:AL_1a:velpatasvir,27353271,VEL_39,
VEL_4,NS5A:24S+31M:AL_2a:velpatasvir,28564569,,VEL_4
VEL_40,NS5A:31M:AL_1a:velpatasvir,EASL_2013_Poster_1191,VEL_40,
VEL_41,NS5A:31M:AL_2a:velpatasvir,29274866,VEL_41,
VEL_42,NS5A:31M:AL_6a:velpatasvir,29274866,VEL_42,
VEL_43,NS5A:31M:AL_1a:velpatasvir,27353271,VEL_43,
VEL_44,NS5A:31M:AL_3a:velpatasvir,27353271,VEL_44,
VEL_45,NS5A:31M:AL_1a:velpatasvir,28564569,,VEL_45
VEL_46,NS5A:31M:AL_2b:velpatasvir,28498551,,VEL_46
VEL_47,NS5A:31M:AL_1b:velpatasvir,26569658,,VEL_47
VEL_48,NS5A:31M+93H:AL_1b:velpatasvir,29274866,VEL_48,
VEL_49,NS5A:31M+93H:AL_1b:velpatasvir,29221887,VEL_49,VEL_49
VEL_5,NS5A:24S+31M:AL_2d:velpatasvir,28564569,,VEL_5
VEL_50,NS5A:31M+93H:AL_1a:velpatasvir,28564569,,VEL_50
VEL_51,NS5A:31V:AL_1a:velpatasvir,29274866,VEL_51,
VEL_52,NS5A:31V:AL_2a:velpatasvir,29274866,VEL_52,
VEL_53,NS5A:31V:AL_3a:velpatasvir,29274866,VEL_53,
VEL_54,NS5A:31V:AL_6a:velpatasvir,29274866,VEL_54,
VEL_55,NS5A:31V:AL_1a:velpatasvir,27353271,VEL_55,
VEL_56,NS5A:31V:AL_1b:velpatasvir,27353271,VEL_56,
VEL_57,NS5A:31V:AL_2a:velpatasvir,27353271,VEL_57,
VEL_58,NS5A:31V:AL_1b:velpatasvir,26569658,,VEL_58
VEL_59,NS5A:31V:AL_6a:velpatasvir,29454794,VEL_59,
VEL_6,NS5A:24S+31M:AL_2j:velpatasvir,28564569,,VEL_6
VEL_60,NS5A:32del:AL_1a:velpatasvir,29274866,VEL_60,
VEL_61,NS5A:32del:AL_1b:velpatasvir,29274866,VEL_61,
VEL_62,NS5A:32L:AL_1a:velpatasvir,27353271,VEL_62,
VEL_63,NS5A:58D:AL_1a:velpatasvir,27353271,VEL_63,
VEL_64,NS5A:58D+93C:AL_1a:velpatasvir,28564569,,VEL_64
VEL_65,NS5A:58S:AL_2b:velpatasvir,EASL_2013_Poster_1191,VEL_65,
VEL_66,NS5A:62D+93H:AL_2a:velpatasvir,29274866,VEL_66,
VEL_67,NS5A:93C:AL_1a:velpatasvir,EASL_2013_Poster_1191,VEL_67,
VEL_68,NS5A:93C:AL_1a:velpatasvir,29274866,VEL_68,
VEL_69,NS5A:93C:AL_1a:velpatasvir,27353271,VEL_69,
VEL_7,NS5A:24T+93H:AL_2b:velpatasvir,29274866,VEL_7,
VEL_70,NS5A:93F:AL_1a:velpatasvir,27353271,VEL_70,
VEL_71,NS5A:93H:AL_1a:velpatasvir,EASL_2013_Poster_1191,VEL_71,
VEL_72,NS5A:93H:AL_3a:velpatasvir,EASL_2013_Poster_1191,VEL_72,
VEL_73,NS5A:93H:AL_1a:velpatasvir,29274866,VEL_73,
VEL_74,NS5A:93H:AL_2a:velpatasvir,29274866,VEL_74,
VEL_75,NS5A:93H:AL_2b:velpatasvir,29274866,VEL_75,
VEL_76,NS5A:93H:AL_3a:velpatasvir,29274866,VEL_76,
VEL_77,NS5A:93H:AL_1a:velpatasvir,27353271,VEL_77,
VEL_78,NS5A:93H:AL_1b:velpatasvir,27353271,VEL_78,
VEL_79,NS5A:93H:AL_2a:velpatasvir,27353271,VEL_79,
VEL_8,NS5A:28M+93N:AL_1b:velpatasvir,29274866,VEL_8,
VEL_80,NS5A:93H:AL_3a:velpatasvir,27353271,VEL_80,
VEL_81,NS5A:93H:AL_4a:velpatasvir,27353271,VEL_81,
VEL_82,NS5A:93H:AL_1a:velpatasvir,29221887,VEL_82,VEL_82
VEL_83,NS5A:93H:AL_1c:velpatasvir,29221887,VEL_83,VEL_83
VEL_84,NS5A:93H:AL_1h:velpatasvir,29221887,VEL_84,VEL_84
VEL_85,NS5A:93H:AL_3a:velpatasvir,29221887,VEL_85,VEL_85
VEL_86,NS5A:93H:AL_3a:velpatasvir,29221887,VEL_86,VEL_86
VEL_87,NS5A:93H:AL_3a:velpatasvir,29221887,VEL_87,VEL_87
VEL_88,NS5A:93H:AL_3a:velpatasvir,26575258,,VEL_88
VEL_89,NS5A:93H:AL_3a:velpatasvir,26575258,,VEL_89
VEL_9,NS5A:28S:AL_2a:velpatasvir,29274866,VEL_9,
VEL_90,NS5A:93H:AL_3:velpatasvir,26575258,,VEL_90
VEL_91,NS5A:93H:AL_3a:velpatasvir,26575258,,VEL_91
VEL_92,NS5A:93H:AL_3a:velpatasvir,28564569,,VEL_92
VEL_93,NS5A:93H:AL_4d:velpatasvir,28564569,,VEL_93
VEL_94,NS5A:93H:AL_1a:velpatasvir,28564569,,VEL_94
VEL_95,NS5A:93H:AL_3a:velpatasvir,28564569,,VEL_95
VEL_96,NS5A:93H:AL_3a:velpatasvir,28564569,,VEL_96
VEL_97,NS5A:93H:AL_2a:velpatasvir,28564569,,VEL_97
VEL_98,NS5A:93H:AL_2d:velpatasvir,28564569,,VEL_98
VEL_99,NS5A:93H:AL_2j:velpatasvir,28564569,,VEL_99
VOX_1,NS3:122D:AL_1b:voxilaprevir,AASLD_2017_Abs_1176,VOX_1,
VOX_10,NS3:155W:AL_1b:voxilaprevir,AASLD_2015_Abs_718,VOX_10,
VOX_100,NS3:56F+122N:AL_1b:voxilaprevir,AASLD_2017_Abs_1176,VOX_100,
VOX_101,NS3:56F+122N+170I:AL_1b:voxilaprevir,AASLD_2017_Abs_1176,VOX_101,
VOX_102,NS3:56H:AL_6a:voxilaprevir,AASLD_2017_Abs_1176,VOX_102,
VOX_103,NS3:56H+168E:AL_6a:voxilaprevir,AASLD_2017_Abs_1176,VOX_103,
VOX_104,NS3:56H+168R:AL_3a:voxilaprevir,AASLD_2017_Abs_1176,VOX_104,
VOX_105,NS3:80K:AL_1a:voxilaprevir,Pooled_phase_III_EASL_2017_Abs_248,,VOX_105
VOX_106,NS3:80K:AL_3a:voxilaprevir,AASLD_2017_Abs_1176,VOX_106,
VOX_107,NS3:80K:AL_1a:voxilaprevir,EASL_2017_Abs_THU-257,,VOX_107
VOX_108,NS3:80K+155T+168N:AL_1a:voxilaprevir,AASLD_2017_Abs_1176,VOX_108,
VOX_109,NS3:80K+168E:AL_1a:voxilaprevir,AASLD_2017_Abs_1176,VOX_109,
VOX_11,NS3:156L:AL_1a:voxilaprevir,AASLD_2017_Abs_1176,VOX_11,
VOX_110,NS3:80K+168E+170V:AL_1a:voxilaprevir,AASLD_2017_Abs_1176,VOX_110,
VOX_111,NS3:80K+168Y:AL_1a:voxilaprevir,AASLD_2017_Abs_1176,VOX_111,
VOX_112,NS3:80L:AL_1a:voxilaprevir,EASL_2017_Abs_THU-257,,VOX_112
VOX_113,NS3:80L+168E:AL_1a:voxilaprevir,AASLD_2017_Abs_1176,VOX_113,
VOX_114,NS3:80R:AL_3a:voxilaprevir,AASLD_2016_Abs_846,,VOX_114
VOX_12,NS3:156L:AL_2a:voxilaprevir,AASLD_2017_Abs_1176,VOX_12,
VOX_13,NS3:156L:AL_4a:voxilaprevir,AASLD_2017_Abs_1176,VOX_13,
VOX_14,NS3:156S:AL_1b:voxilaprevir,AASLD_2017_Abs_1176,VOX_14,
VOX_15,NS3:156T:AL_2a:voxilaprevir,AASLD_2017_Abs_1176,VOX_15,
VOX_16,NS3:156T:AL_3a:voxilaprevir,AASLD_2017_Abs_1176,VOX_16,
VOX_17,NS3:156T:AL_4a:voxilaprevir,AASLD_2017_Abs_1176,VOX_17,
VOX_18,NS3:156T:AL_1a:voxilaprevir,AASLD_2015_Abs_718,VOX_18,
VOX_19,NS3:156T:AL_1b:voxilaprevir,AASLD_2015_Abs_718,VOX_19,
VOX_2,NS3:122G+155K:AL_1a:voxilaprevir,AASLD_2017_Abs_1176,VOX_2,
VOX_20,NS3:156V:AL_2a:voxilaprevir,AASLD_2017_Abs_1176,VOX_20,
VOX_21,NS3:156V:AL_3a:voxilaprevir,AASLD_2017_Abs_1176,VOX_21,
VOX_22,NS3:156V:AL_4a:voxilaprevir,AASLD_2017_Abs_1176,VOX_22,
VOX_23,NS3:156V:AL_1b:voxilaprevir,AASLD_2015_Abs_718,VOX_23,
VOX_24,NS3:168A:AL_5a:voxilaprevir,AASLD_2017_Abs_1176,VOX_24,
VOX_25,NS3:168A:AL_6a:voxilaprevir,AASLD_2017_Abs_1176,VOX_25,
VOX_26,NS3:168A:AL_1a:voxilaprevir,AASLD_2017_Abs_1176,VOX_26,
VOX_27,NS3:168A+122N:AL_6a:voxilaprevir,AASLD_2017_Abs_1176,VOX_27,
VOX_28,NS3:168A+170T:AL_1a:voxilaprevir,AASLD_2017_Abs_1176,VOX_28,
VOX_29,NS3:168E:AL_4a:voxilaprevir,AASLD_2017_Abs_1176,VOX_29,
VOX_3,NS3:122G+155K+170V:AL_1a:voxilaprevir,AASLD_2017_Abs_1176,VOX_3,
VOX_30,NS3:168E:AL_5a:voxilaprevir,EASL_2017_Abs_THU-257,,VOX_30
VOX_31,NS3:168F:AL_1a:voxilaprevir,AASLD_2017_Abs_1176,VOX_31,
VOX_32,NS3:168H:AL_5a:voxilaprevir,AASLD_2017_Abs_1176,VOX_32,
VOX_33,NS3:168H:AL_6a:voxilaprevir,AASLD_2017_Abs_1176,VOX_33,
VOX_34,NS3:168H+41R:AL_6a:voxilaprevir,AASLD_2017_Abs_1176,VOX_34,
VOX_35,NS3:168I:AL_1a:voxilaprevir,AASLD_2017_Abs_1176,VOX_35,
VOX_36,NS3:168K:AL_1a:voxilaprevir,AASLD_2017_Abs_1176,VOX_36,
VOX_37,NS3:168K:AL_5a:voxilaprevir,AASLD_2017_Abs_1176,VOX_37,
VOX_38,NS3:168L:AL_1a:voxilaprevir,AASLD_2017_Abs_1176,VOX_38,
VOX_39,NS3:168R:AL_1a:voxilaprevir,AASLD_2017_Abs_1176,VOX_39,
VOX_4,NS3:122N+168A:AL_5a:voxilaprevir,AASLD_2017_Abs_1176,VOX_4,
VOX_40,NS3:168R:AL_5a:voxilaprevir,AASLD_2017_Abs_1176,VOX_40,
VOX_41,NS3:168T:AL_1a:voxilaprevir,AASLD_2017_Abs_1176,VOX_41,
VOX_42,NS3:168T:AL_4a:voxilaprevir,AASLD_2017_Abs_1176,VOX_42,
VOX_43,NS3:168V:AL_4a:voxilaprevir,AASLD_2017_Abs_1176,VOX_43,
VOX_44,NS3:168V:AL_1a:voxilaprevir,AASLD_2017_Abs_1176,VOX_44,
VOX_45,NS3:168V:AL_1b:voxilaprevir,AASLD_2015_Abs_718,VOX_45,
VOX_46,NS3:168Y:AL_1b:voxilaprevir,AASLD_2017_Abs_1176,VOX_46,
VOX_47,NS3:168Y:AL_5a:voxilaprevir,AASLD_2017_Abs_1176,VOX_47,
VOX_48,NS3:168Y+41R:AL_6a:voxilaprevir,AASLD_2017_Abs_1176,VOX_48,
VOX_49,NS3:170A:AL_1b:voxilaprevir,AASLD_2015_Abs_718,VOX_49,
VOX_5,NS3:122N+168Y:AL_1a:voxilaprevir,AASLD_2017_Abs_1176,VOX_5,
VOX_50,NS3:175M:AL_3a:voxilaprevir,AASLD_2017_Abs_1176,VOX_50,
VOX_51,NS3:36A:AL_1a:voxilaprevir,AASLD_2017_Abs_1176,VOX_51,
VOX_52,NS3:36A:AL_1b:voxilaprevir,AASLD_2015_Abs_718,VOX_52,
VOX_53,NS3:36A+168A:AL_6a:voxilaprevir,AASLD_2017_Abs_1176,VOX_53,
VOX_54,NS3:36A+41R:AL_6a:voxilaprevir,AASLD_2017_Abs_1176,VOX_54,
VOX_55,NS3:36G:AL_1a:voxilaprevir,AASLD_2017_Abs_1176,VOX_55,
VOX_56,NS3:36L:AL_1a:voxilaprevir,AASLD_2017_Abs_1176,VOX_56,
VOX_57,NS3:36L+54S:AL_1a:voxilaprevir,AASLD_2017_Abs_1176,VOX_57,
VOX_58,NS3:36L+80K:AL_1a:voxilaprevir,AASLD_2016_Abs_846,,VOX_58
VOX_59,NS3:36L+80K:AL_1a:voxilaprevir,AASLD_2017_Abs_1176,VOX_59,
VOX_6,NS3:122R+155N+168E:AL_1a:voxilaprevir,AASLD_2017_Abs_1176,VOX_6,
VOX_60,NS3:36M:AL_1b:voxilaprevir,AASLD_2017_Abs_1176,VOX_60,
VOX_61,NS3:36M+122N:AL_1a:voxilaprevir,AASLD_2017_Abs_1176,VOX_61,
VOX_62,NS3:36M+155K+170V:AL_1a:voxilaprevir,AASLD_2017_Abs_1176,VOX_62,
VOX_63,NS3:36M+156S:AL_1b:voxilaprevir,AASLD_2017_Abs_1176,VOX_63,
VOX_64,NS3:36M+41R:AL_1a:voxilaprevir,AASLD_2017_Abs_1176,VOX_64,
VOX_65,NS3:36M+41R+168G:AL_1a:voxilaprevir,AASLD_2017_Abs_1176,VOX_65,
VOX_66,NS3:36M+80K:AL_1a:voxilaprevir,AASLD_2017_Abs_1176,VOX_66,
VOX_67,NS3:41H+80K+122G:AL_1a:voxilaprevir,AASLD_2017_Abs_1176,VOX_67,
VOX_68,NS3:41K:AL_3a:voxilaprevir,AASLD_2017_Abs_1176,VOX_68,
VOX_69,NS3:41K:AL_6a:voxilaprevir,AASLD_2017_Abs_1176,VOX_69,
VOX_7,NS3:155G:AL_1a:voxilaprevir,AASLD_2015_Abs_718,VOX_7,
VOX_70,NS3:41K+43L+80K+168Y:AL_1a:voxilaprevir,AASLD_2017_Abs_1176,VOX_70,
VOX_71,NS3:41K+80K:AL_1a:voxilaprevir,AASLD_2017_Abs_1176,VOX_71,
VOX_72,NS3:41R:AL_1a:voxilaprevir,AASLD_2017_Abs_1176,VOX_72,
VOX_73,NS3:41R:AL_4a:voxilaprevir,AASLD_2017_Abs_1176,VOX_73,
VOX_74,NS3:41R:AL_6a:voxilaprevir,AASLD_2017_Abs_1176,VOX_74,
VOX_75,NS3:41R:AL_3a:voxilaprevir,AASLD_2015_Abs_718,VOX_75,
VOX_76,NS3:41R+156T:AL_1a:voxilaprevir,AASLD_2017_Abs_1176,VOX_76,
VOX_77,NS3:41R+168A:AL_1a:voxilaprevir,AASLD_2017_Abs_1176,VOX_77,
VOX_78,NS3:41R+168A:AL_5a:voxilaprevir,AASLD_2017_Abs_1176,VOX_78,
VOX_79,NS3:41R+168A:AL_6a:voxilaprevir,AASLD_2017_Abs_1176,VOX_79,
VOX_8,NS3:155T+168N:AL_1a:voxilaprevir,AASLD_2017_Abs_1176,VOX_8,
VOX_80,NS3:41R+168G:AL_1a:voxilaprevir,AASLD_2017_Abs_1176,VOX_80,
VOX_81,NS3:41R+168H:AL_1a:voxilaprevir,AASLD_2017_Abs_1176,VOX_81,
VOX_82,NS3:41R+168H:AL_5a:voxilaprevir,AASLD_2017_Abs_1176,VOX_82,
VOX_83,NS3:41R+170I:AL_3a:voxilaprevir,AASLD_2017_Abs_1176,VOX_83,
VOX_84,NS3:41R+55I:AL_3a:voxilaprevir,AASLD_2017_Abs_1176,VOX_84,
VOX_85,NS3:43L+80K:AL_1a:voxilaprevir,AASLD_2017_Abs_1176,VOX_85,
VOX_86,NS3:43S:AL_1a:voxilaprevir,AASLD_2017_Abs_1176,VOX_86,
VOX_87,NS3:43V:AL_2a:voxilaprevir,AASLD_2017_Abs_1176,VOX_87,
VOX_88,NS3:54A:AL_1b:voxilaprevir,AASLD_2017_Abs_1176,VOX_88,
VOX_89,NS3:54S:AL_1b:voxilaprevir,AASLD_2017_Abs_1176,VOX_89,
VOX_9,NS3:155W:AL_1a:voxilaprevir,AASLD_2015_Abs_718,VOX_9,
VOX_90,NS3:54S+122G+155K+180V:AL_1a:voxilaprevir,AASLD_2017_Abs_1176,VOX_90,
VOX_91,NS3:54S+155T+168N:AL_1a:voxilaprevir,AASLD_2017_Abs_1176,VOX_91,
VOX_92,NS3:54S+55I+122G+155K:AL_1a:voxilaprevir,AASLD_2017_Abs_1176,VOX_92,
VOX_93,NS3:54S+55I+122G+155K+170V:AL_1a:voxilaprevir,AASLD_2017_Abs_1176,VOX_93,
VOX_94,NS3:54S+55I+80L:AL_1a:voxilaprevir,AASLD_2017_Abs_1176,VOX_94,
VOX_95,NS3:54S+56H:AL_1a:voxilaprevir,AASLD_2017_Abs_1176,VOX_95,
VOX_96,NS3:54S+56H+170V:AL_1a:voxilaprevir,AASLD_2017_Abs_1176,VOX_96,
VOX_97,NS3:55A:AL_1a:voxilaprevir,EASL_2017_Abs_THU-257,,VOX_97
VOX_98,NS3:55A+80K+122N:AL_6a:voxilaprevir,AASLD_2017_Abs_1176,VOX_98,
VOX_99,NS3:55A+80R+168E+170V:AL_1a:voxilaprevir,AASLD_2017_Abs_1176,VOX_99,
