id,phdr_in_vivo_result_id,phdr_regimen_id
DCV_116:DCV_PR,DCV_116,DCV_PR
DCV_117:DCV_PR,DCV_117,DCV_PR
DCV_118:DCV_PR,DCV_118,DCV_PR
DCV_119:DCV_PR,DCV_119,DCV_PR
DCV_120:DCV_PR,DCV_120,DCV_PR
DCV_141:SOF_DCV,DCV_141,SOF_DCV
DCV_142:SOF_DCV,DCV_142,SOF_DCV
DCV_143:SOF_DCV,DCV_143,SOF_DCV
DCV_144:SOF_DCV,DCV_144,SOF_DCV
DCV_145:SOF_DCV,DCV_145,SOF_DCV
DCV_146:SOF_DCV,DCV_146,SOF_DCV
DCV_147:DCV_SIM,DCV_147,DCV_SIM
DCV_147:DCV_SIM_RBV,DCV_147,DCV_SIM_RBV
DCV_148:DCV_SIM,DCV_148,DCV_SIM
DCV_148:DCV_SIM_RBV,DCV_148,DCV_SIM_RBV
DCV_149:DCV_SIM,DCV_149,DCV_SIM
DCV_149:DCV_SIM_RBV,DCV_149,DCV_SIM_RBV
DCV_150:DCV_SIM,DCV_150,DCV_SIM
DCV_150:DCV_SIM_RBV,DCV_150,DCV_SIM_RBV
DCV_151:DCV_SIM,DCV_151,DCV_SIM
DCV_151:DCV_SIM_RBV,DCV_151,DCV_SIM_RBV
DCV_152:DCV_SIM,DCV_152,DCV_SIM
DCV_152:DCV_SIM_RBV,DCV_152,DCV_SIM_RBV
DCV_153:DCV_SIM,DCV_153,DCV_SIM
DCV_153:DCV_SIM_RBV,DCV_153,DCV_SIM_RBV
DCV_154:DCV_SIM,DCV_154,DCV_SIM
DCV_154:DCV_SIM_RBV,DCV_154,DCV_SIM_RBV
DCV_155:DCV_SIM,DCV_155,DCV_SIM
DCV_155:DCV_SIM_RBV,DCV_155,DCV_SIM_RBV
DCV_156:DCV_SIM,DCV_156,DCV_SIM
DCV_156:DCV_SIM_RBV,DCV_156,DCV_SIM_RBV
DCV_157:SOF_DCV_RBV,DCV_157,SOF_DCV_RBV
DCV_158:DCV_ASV,DCV_158,DCV_ASV
DCV_159:DCV_ASV,DCV_159,DCV_ASV
DCV_160:DCV_ASV,DCV_160,DCV_ASV
DCV_161:DCV_ASV,DCV_161,DCV_ASV
DCV_162:DCV_ASV,DCV_162,DCV_ASV
DCV_163:DCV_ASV,DCV_163,DCV_ASV
DCV_164:DCV_ASV,DCV_164,DCV_ASV
DCV_165:DCV_ASV,DCV_165,DCV_ASV
DCV_166:DCV_ASV,DCV_166,DCV_ASV
DCV_167:DCV_ASV,DCV_167,DCV_ASV
DCV_168:DCV_ASV,DCV_168,DCV_ASV
DCV_169:DCV_ASV,DCV_169,DCV_ASV
DCV_170:DCV_ASV,DCV_170,DCV_ASV
DCV_171:DCV_ASV,DCV_171,DCV_ASV
DCV_172:DCV_ASV,DCV_172,DCV_ASV
DCV_173:DCV_ASV,DCV_173,DCV_ASV
DCV_174:DCV_ASV,DCV_174,DCV_ASV
DCV_175:DCV_ASV,DCV_175,DCV_ASV
DCV_176:DCV_ASV,DCV_176,DCV_ASV
DCV_177:DCV_ASV,DCV_177,DCV_ASV
DCV_178:DCV_ASV,DCV_178,DCV_ASV
DCV_179:DCV_ASV,DCV_179,DCV_ASV
DCV_180:DCV_ASV,DCV_180,DCV_ASV
DCV_181:DCV_ASV,DCV_181,DCV_ASV
DCV_182:DCV_ASV,DCV_182,DCV_ASV
DCV_183:DCV_ASV,DCV_183,DCV_ASV
DCV_184:DCV_ASV,DCV_184,DCV_ASV
DCV_185:DCV_ASV,DCV_185,DCV_ASV
DCV_186:DCV_ASV,DCV_186,DCV_ASV
DCV_187:DCV_ASV,DCV_187,DCV_ASV
DCV_188:DCV_ASV,DCV_188,DCV_ASV
DCV_189:DCV_ASV,DCV_189,DCV_ASV
DCV_190:DCV_ASV,DCV_190,DCV_ASV
DCV_191:DCV_PR,DCV_191,DCV_PR
DCV_191:SOF_DCV,DCV_191,SOF_DCV
DCV_192:DCV_PR,DCV_192,DCV_PR
DCV_192:SOF_DCV,DCV_192,SOF_DCV
DCV_193:DCV_PR,DCV_193,DCV_PR
DCV_193:SOF_DCV,DCV_193,SOF_DCV
DCV_194:DCV_PR,DCV_194,DCV_PR
DCV_194:SOF_DCV,DCV_194,SOF_DCV
DCV_195:DCV_PR,DCV_195,DCV_PR
DCV_195:SOF_DCV,DCV_195,SOF_DCV
DCV_196:DCV_PR,DCV_196,DCV_PR
DCV_196:SOF_DCV,DCV_196,SOF_DCV
DCV_197:DCV_PR,DCV_197,DCV_PR
DCV_197:SOF_DCV,DCV_197,SOF_DCV
DCV_198:DCV_PR,DCV_198,DCV_PR
DCV_198:SOF_DCV,DCV_198,SOF_DCV
DCV_199:DCV_PR,DCV_199,DCV_PR
DCV_199:SOF_DCV,DCV_199,SOF_DCV
DCV_200:DCV_PR,DCV_200,DCV_PR
DCV_200:SOF_DCV,DCV_200,SOF_DCV
DCV_201:DCV_PR,DCV_201,DCV_PR
DCV_201:SOF_DCV,DCV_201,SOF_DCV
DCV_202:DCV_PR,DCV_202,DCV_PR
DCV_202:SOF_DCV,DCV_202,SOF_DCV
DCV_210:SOF_DCV_SIM_RBV,DCV_210,SOF_DCV_SIM_RBV
DCV_211:SOF_DCV_SIM_RBV,DCV_211,SOF_DCV_SIM_RBV
DCV_212:SOF_DCV_SIM_RBV,DCV_212,SOF_DCV_SIM_RBV
DCV_213:SOF_DCV_SIM_RBV,DCV_213,SOF_DCV_SIM_RBV
DCV_214:SOF_DCV_SIM_RBV,DCV_214,SOF_DCV_SIM_RBV
DCV_215:DCV_ASV,DCV_215,DCV_ASV
DCV_215:DCV_ASV_BCV,DCV_215,DCV_ASV_BCV
DCV_215:DCV_ASV_PR,DCV_215,DCV_ASV_PR
DCV_215:DCV_PR,DCV_215,DCV_PR
DCV_215:SOF_DCV,DCV_215,SOF_DCV
DCV_216:DCV_ASV,DCV_216,DCV_ASV
DCV_216:DCV_ASV_BCV,DCV_216,DCV_ASV_BCV
DCV_216:DCV_ASV_PR,DCV_216,DCV_ASV_PR
DCV_216:DCV_PR,DCV_216,DCV_PR
DCV_216:SOF_DCV,DCV_216,SOF_DCV
DCV_217:DCV_ASV,DCV_217,DCV_ASV
DCV_217:DCV_ASV_BCV,DCV_217,DCV_ASV_BCV
DCV_217:DCV_ASV_PR,DCV_217,DCV_ASV_PR
DCV_217:DCV_PR,DCV_217,DCV_PR
DCV_217:SOF_DCV,DCV_217,SOF_DCV
DCV_218:DCV_ASV,DCV_218,DCV_ASV
DCV_218:DCV_ASV_BCV,DCV_218,DCV_ASV_BCV
DCV_218:DCV_ASV_PR,DCV_218,DCV_ASV_PR
DCV_218:DCV_PR,DCV_218,DCV_PR
DCV_218:SOF_DCV,DCV_218,SOF_DCV
DCV_219:DCV_ASV,DCV_219,DCV_ASV
DCV_219:DCV_ASV_BCV,DCV_219,DCV_ASV_BCV
DCV_219:DCV_ASV_PR,DCV_219,DCV_ASV_PR
DCV_219:DCV_PR,DCV_219,DCV_PR
DCV_219:SOF_DCV,DCV_219,SOF_DCV
DCV_220:DCV_ASV,DCV_220,DCV_ASV
DCV_220:DCV_ASV_BCV,DCV_220,DCV_ASV_BCV
DCV_220:DCV_ASV_PR,DCV_220,DCV_ASV_PR
DCV_220:DCV_PR,DCV_220,DCV_PR
DCV_220:SOF_DCV,DCV_220,SOF_DCV
DCV_221:DCV_ASV,DCV_221,DCV_ASV
DCV_221:DCV_ASV_BCV,DCV_221,DCV_ASV_BCV
DCV_221:DCV_ASV_PR,DCV_221,DCV_ASV_PR
DCV_221:DCV_PR,DCV_221,DCV_PR
DCV_221:SOF_DCV,DCV_221,SOF_DCV
DCV_222:DCV_ASV,DCV_222,DCV_ASV
DCV_222:DCV_ASV_BCV,DCV_222,DCV_ASV_BCV
DCV_222:DCV_ASV_PR,DCV_222,DCV_ASV_PR
DCV_222:DCV_PR,DCV_222,DCV_PR
DCV_222:SOF_DCV,DCV_222,SOF_DCV
DCV_223:DCV_ASV,DCV_223,DCV_ASV
DCV_223:DCV_ASV_BCV,DCV_223,DCV_ASV_BCV
DCV_223:DCV_ASV_PR,DCV_223,DCV_ASV_PR
DCV_223:DCV_PR,DCV_223,DCV_PR
DCV_223:SOF_DCV,DCV_223,SOF_DCV
DCV_224:DCV_ASV,DCV_224,DCV_ASV
DCV_224:DCV_ASV_BCV,DCV_224,DCV_ASV_BCV
DCV_224:DCV_ASV_PR,DCV_224,DCV_ASV_PR
DCV_224:DCV_PR,DCV_224,DCV_PR
DCV_224:SOF_DCV,DCV_224,SOF_DCV
DCV_225:DCV_ASV,DCV_225,DCV_ASV
DCV_225:DCV_ASV_BCV,DCV_225,DCV_ASV_BCV
DCV_225:DCV_ASV_PR,DCV_225,DCV_ASV_PR
DCV_225:DCV_PR,DCV_225,DCV_PR
DCV_225:SOF_DCV,DCV_225,SOF_DCV
DCV_226:DCV_ASV,DCV_226,DCV_ASV
DCV_226:DCV_ASV_BCV,DCV_226,DCV_ASV_BCV
DCV_226:DCV_ASV_PR,DCV_226,DCV_ASV_PR
DCV_226:DCV_PR,DCV_226,DCV_PR
DCV_226:SOF_DCV,DCV_226,SOF_DCV
DCV_227:DCV_ASV,DCV_227,DCV_ASV
DCV_227:DCV_ASV_BCV,DCV_227,DCV_ASV_BCV
DCV_227:DCV_ASV_PR,DCV_227,DCV_ASV_PR
DCV_227:DCV_PR,DCV_227,DCV_PR
DCV_227:SOF_DCV,DCV_227,SOF_DCV
DCV_228:DCV_ASV,DCV_228,DCV_ASV
DCV_228:DCV_ASV_BCV,DCV_228,DCV_ASV_BCV
DCV_228:DCV_ASV_PR,DCV_228,DCV_ASV_PR
DCV_228:DCV_PR,DCV_228,DCV_PR
DCV_228:SOF_DCV,DCV_228,SOF_DCV
DCV_229:SOF_DCV,DCV_229,SOF_DCV
DCV_230:SOF_DCV,DCV_230,SOF_DCV
DCV_231:SOF_DCV,DCV_231,SOF_DCV
DCV_232:SOF_DCV,DCV_232,SOF_DCV
DCV_233:SOF_DCV,DCV_233,SOF_DCV
DCV_234:SOF_DCV,DCV_234,SOF_DCV
DCV_235:SOF_DCV,DCV_235,SOF_DCV
DCV_236:SOF_DCV,DCV_236,SOF_DCV
DCV_237:SOF_DCV,DCV_237,SOF_DCV
DCV_238:SOF_DCV,DCV_238,SOF_DCV
DCV_239:SOF_DCV,DCV_239,SOF_DCV
DCV_295:DCV_ASV,DCV_295,DCV_ASV
DCV_296:DCV_ASV,DCV_296,DCV_ASV
DCV_297:DCV_ASV,DCV_297,DCV_ASV
DCV_298:SOF_DCV,DCV_298,SOF_DCV
DCV_299:SOF_DCV,DCV_299,SOF_DCV
DCV_300:DCV_ASV,DCV_300,DCV_ASV
DCV_301:DCV_ASV,DCV_301,DCV_ASV
DCV_302:DCV_ASV,DCV_302,DCV_ASV
DCV_303:DCV_ASV,DCV_303,DCV_ASV
DCV_304:DCV_ASV,DCV_304,DCV_ASV
DCV_305:DCV_ASV,DCV_305,DCV_ASV
DCV_306:DCV_ASV,DCV_306,DCV_ASV
DCV_307:DCV_ASV,DCV_307,DCV_ASV
DCV_308:DCV_ASV,DCV_308,DCV_ASV
DCV_309:DCV_ASV,DCV_309,DCV_ASV
DCV_310:DCV_ASV,DCV_310,DCV_ASV
DCV_311:DCV_ASV,DCV_311,DCV_ASV
DCV_312:DCV_ASV,DCV_312,DCV_ASV
DCV_313:DCV_ASV,DCV_313,DCV_ASV
DCV_314:DCV_ASV,DCV_314,DCV_ASV
DCV_315:DCV_ASV,DCV_315,DCV_ASV
DCV_316:DCV_ASV,DCV_316,DCV_ASV
DCV_317:DCV_ASV,DCV_317,DCV_ASV
DCV_318:DCV_ASV,DCV_318,DCV_ASV
DCV_319:DCV_ASV,DCV_319,DCV_ASV
DCV_320:DCV_ASV,DCV_320,DCV_ASV
DCV_321:DCV_ASV,DCV_321,DCV_ASV
DCV_322:DCV_ASV,DCV_322,DCV_ASV
DCV_323:DCV_ASV,DCV_323,DCV_ASV
DCV_324:DCV_ASV,DCV_324,DCV_ASV
DCV_325:DCV_ASV,DCV_325,DCV_ASV
DCV_326:DCV_ASV,DCV_326,DCV_ASV
DCV_327:DCV_ASV,DCV_327,DCV_ASV
DCV_328:DCV_ASV,DCV_328,DCV_ASV
DCV_329:DCV_ASV,DCV_329,DCV_ASV
DCV_330:DCV_ASV,DCV_330,DCV_ASV
DCV_331:DCV_ASV,DCV_331,DCV_ASV
DCV_332:DCV_ASV,DCV_332,DCV_ASV
DCV_333:DCV_ASV,DCV_333,DCV_ASV
DCV_334:DCV_ASV,DCV_334,DCV_ASV
DCV_335:DCV_ASV,DCV_335,DCV_ASV
DCV_336:DCV_ASV,DCV_336,DCV_ASV
DCV_337:DCV_ASV,DCV_337,DCV_ASV
DCV_338:DCV_ASV,DCV_338,DCV_ASV
DCV_339:DCV_ASV,DCV_339,DCV_ASV
DCV_340:DCV_ASV,DCV_340,DCV_ASV
DCV_341:DCV_ASV,DCV_341,DCV_ASV
DCV_342:DCV_ASV,DCV_342,DCV_ASV
DCV_343:DCV_ASV,DCV_343,DCV_ASV
DCV_344:DCV_ASV,DCV_344,DCV_ASV
DCV_345:DCV_ASV_PR,DCV_345,DCV_ASV_PR
DCV_346:DCV_ASV_PR,DCV_346,DCV_ASV_PR
DCV_347:DCV_ASV_PR,DCV_347,DCV_ASV_PR
DCV_348:DCV_ASV_RBV,DCV_348,DCV_ASV_RBV
DCV_349:DCV_ASV_RBV,DCV_349,DCV_ASV_RBV
DCV_350:DCV_ASV_RBV,DCV_350,DCV_ASV_RBV
DCV_351:DCV_ASV_RBV,DCV_351,DCV_ASV_RBV
DCV_352:DCV_ASV_RBV,DCV_352,DCV_ASV_RBV
DCV_353:DCV_ASV_RBV,DCV_353,DCV_ASV_RBV
DCV_354:DCV_ASV_RBV,DCV_354,DCV_ASV_RBV
DCV_355:DCV_ASV_RBV,DCV_355,DCV_ASV_RBV
DCV_356:DCV_ASV_RBV,DCV_356,DCV_ASV_RBV
DCV_357:DCV_ASV_RBV,DCV_357,DCV_ASV_RBV
DCV_358:DCV_ASV_RBV,DCV_358,DCV_ASV_RBV
DCV_359:DCV_ASV_RBV,DCV_359,DCV_ASV_RBV
DCV_360:SOF_DCV,DCV_360,SOF_DCV
DCV_361:SOF_DCV,DCV_361,SOF_DCV
DCV_362:SOF_DCV,DCV_362,SOF_DCV
DCV_363:SOF_DCV,DCV_363,SOF_DCV
DCV_364:SOF_DCV,DCV_364,SOF_DCV
DCV_365:SOF_DCV,DCV_365,SOF_DCV
DCV_366:SOF_DCV,DCV_366,SOF_DCV
DCV_367:SOF_DCV,DCV_367,SOF_DCV
DCV_368:SOF_DCV,DCV_368,SOF_DCV
DCV_369:SOF_DCV,DCV_369,SOF_DCV
DCV_370:SOF_DCV,DCV_370,SOF_DCV
DCV_371:SOF_DCV,DCV_371,SOF_DCV
DCV_372:SOF_DCV,DCV_372,SOF_DCV
DCV_373:SOF_DCV,DCV_373,SOF_DCV
DCV_374:SOF_DCV,DCV_374,SOF_DCV
DCV_375:SOF_DCV,DCV_375,SOF_DCV
DCV_376:SOF_DCV,DCV_376,SOF_DCV
DCV_377:SOF_DCV,DCV_377,SOF_DCV
DCV_62:DCV_mono,DCV_62,DCV_mono
DCV_63:DCV_mono,DCV_63,DCV_mono
DCV_64:DCV_mono,DCV_64,DCV_mono
DCV_65:DCV_mono,DCV_65,DCV_mono
DCV_66:DCV_mono,DCV_66,DCV_mono
DCV_67:DCV_mono,DCV_67,DCV_mono
DCV_68:DCV_mono,DCV_68,DCV_mono
DCV_69:DCV_mono,DCV_69,DCV_mono
DCV_70:DCV_mono,DCV_70,DCV_mono
DCV_71:DCV_mono,DCV_71,DCV_mono
DCV_88:DCV_ASV,DCV_88,DCV_ASV
DCV_88:DCV_ASV_PR,DCV_88,DCV_ASV_PR
DCV_89:DCV_ASV,DCV_89,DCV_ASV
DCV_89:DCV_ASV_PR,DCV_89,DCV_ASV_PR
DCV_90:DCV_ASV,DCV_90,DCV_ASV
DCV_90:DCV_ASV_PR,DCV_90,DCV_ASV_PR
DCV_91:DCV_ASV,DCV_91,DCV_ASV
DCV_91:DCV_ASV_PR,DCV_91,DCV_ASV_PR
DCV_92:DCV_ASV,DCV_92,DCV_ASV
DCV_92:DCV_ASV_PR,DCV_92,DCV_ASV_PR
DCV_93:DCV_ASV,DCV_93,DCV_ASV
DCV_93:DCV_ASV_PR,DCV_93,DCV_ASV_PR
DSV_10:PTV_r_OBV_DSV,DSV_10,PTV_r_OBV_DSV
DSV_10:PTV_r_OBV_DSV_RBV,DSV_10,PTV_r_OBV_DSV_RBV
DSV_11:PTV_r_OBV_DSV,DSV_11,PTV_r_OBV_DSV
DSV_11:PTV_r_OBV_DSV_RBV,DSV_11,PTV_r_OBV_DSV_RBV
DSV_12:PTV_r_OBV_DSV,DSV_12,PTV_r_OBV_DSV
DSV_13:PTV_r_OBV_DSV,DSV_13,PTV_r_OBV_DSV
DSV_13:PTV_r_OBV_DSV_RBV,DSV_13,PTV_r_OBV_DSV_RBV
DSV_14:PTV_r_OBV_DSV_RBV,DSV_14,PTV_r_OBV_DSV_RBV
DSV_15:PTV_r_OBV_DSV_RBV,DSV_15,PTV_r_OBV_DSV_RBV
DSV_16:PTV_r_OBV_DSV_RBV,DSV_16,PTV_r_OBV_DSV_RBV
DSV_17:PTV_r_OBV_DSV,DSV_17,PTV_r_OBV_DSV
DSV_18:PTV_r_OBV_DSV,DSV_18,PTV_r_OBV_DSV
DSV_1:PTV_r_OBV_DSV,DSV_1,PTV_r_OBV_DSV
DSV_22:PTV_r_OBV_DSV,DSV_22,PTV_r_OBV_DSV
DSV_2:PTV_r_OBV_DSV,DSV_2,PTV_r_OBV_DSV
DSV_3:PTV_r_OBV_DSV,DSV_3,PTV_r_OBV_DSV
DSV_3:PTV_r_OBV_DSV_RBV,DSV_3,PTV_r_OBV_DSV_RBV
DSV_45:PTV_r_OBV_DSV_RBV,DSV_45,PTV_r_OBV_DSV_RBV
DSV_4:PTV_r_OBV_DSV,DSV_4,PTV_r_OBV_DSV
DSV_4:PTV_r_OBV_DSV_RBV,DSV_4,PTV_r_OBV_DSV_RBV
DSV_5:PTV_r_OBV_DSV,DSV_5,PTV_r_OBV_DSV
DSV_5:PTV_r_OBV_DSV_RBV,DSV_5,PTV_r_OBV_DSV_RBV
DSV_6:PTV_r_OBV_DSV,DSV_6,PTV_r_OBV_DSV
DSV_6:PTV_r_OBV_DSV_RBV,DSV_6,PTV_r_OBV_DSV_RBV
DSV_7:PTV_r_OBV_DSV,DSV_7,PTV_r_OBV_DSV
DSV_7:PTV_r_OBV_DSV_RBV,DSV_7,PTV_r_OBV_DSV_RBV
DSV_8:PTV_r_OBV_DSV,DSV_8,PTV_r_OBV_DSV
DSV_8:PTV_r_OBV_DSV_RBV,DSV_8,PTV_r_OBV_DSV_RBV
DSV_9:PTV_r_OBV_DSV,DSV_9,PTV_r_OBV_DSV
DSV_9:PTV_r_OBV_DSV_RBV,DSV_9,PTV_r_OBV_DSV_RBV
EBR_100:EBR_GZR,EBR_100,EBR_GZR
EBR_100:EBR_GZR_RBV,EBR_100,EBR_GZR_RBV
EBR_101:EBR_GZR,EBR_101,EBR_GZR
EBR_101:EBR_GZR_RBV,EBR_101,EBR_GZR_RBV
EBR_102:EBR_GZR,EBR_102,EBR_GZR
EBR_102:EBR_GZR_RBV,EBR_102,EBR_GZR_RBV
EBR_103:EBR_GZR,EBR_103,EBR_GZR
EBR_103:EBR_GZR_RBV,EBR_103,EBR_GZR_RBV
EBR_104:EBR_GZR,EBR_104,EBR_GZR
EBR_104:EBR_GZR_RBV,EBR_104,EBR_GZR_RBV
EBR_105:EBR_GZR,EBR_105,EBR_GZR
EBR_105:EBR_GZR_RBV,EBR_105,EBR_GZR_RBV
EBR_106:EBR_GZR,EBR_106,EBR_GZR
EBR_106:EBR_GZR_RBV,EBR_106,EBR_GZR_RBV
EBR_107:EBR_GZR,EBR_107,EBR_GZR
EBR_107:EBR_GZR_RBV,EBR_107,EBR_GZR_RBV
EBR_108:EBR_GZR,EBR_108,EBR_GZR
EBR_108:EBR_GZR_RBV,EBR_108,EBR_GZR_RBV
EBR_109:EBR_GZR,EBR_109,EBR_GZR
EBR_109:EBR_GZR_RBV,EBR_109,EBR_GZR_RBV
EBR_10:EBR_GZR,EBR_10,EBR_GZR
EBR_10:EBR_GZR_RBV,EBR_10,EBR_GZR_RBV
EBR_110:EBR_GZR,EBR_110,EBR_GZR
EBR_110:EBR_GZR_RBV,EBR_110,EBR_GZR_RBV
EBR_111:EBR_GZR,EBR_111,EBR_GZR
EBR_111:EBR_GZR_RBV,EBR_111,EBR_GZR_RBV
EBR_112:EBR_GZR,EBR_112,EBR_GZR
EBR_112:EBR_GZR_RBV,EBR_112,EBR_GZR_RBV
EBR_113:EBR_GZR,EBR_113,EBR_GZR
EBR_113:EBR_GZR_RBV,EBR_113,EBR_GZR_RBV
EBR_114:EBR_GZR,EBR_114,EBR_GZR
EBR_114:EBR_GZR_RBV,EBR_114,EBR_GZR_RBV
EBR_115:EBR_GZR,EBR_115,EBR_GZR
EBR_115:EBR_GZR_RBV,EBR_115,EBR_GZR_RBV
EBR_116:EBR_GZR,EBR_116,EBR_GZR
EBR_116:EBR_GZR_RBV,EBR_116,EBR_GZR_RBV
EBR_117:EBR_GZR,EBR_117,EBR_GZR
EBR_117:EBR_GZR_RBV,EBR_117,EBR_GZR_RBV
EBR_118:EBR_GZR,EBR_118,EBR_GZR
EBR_118:EBR_GZR_RBV,EBR_118,EBR_GZR_RBV
EBR_11:EBR_GZR,EBR_11,EBR_GZR
EBR_11:EBR_GZR_RBV,EBR_11,EBR_GZR_RBV
EBR_123:EBR_GZR,EBR_123,EBR_GZR
EBR_124:EBR_GZR,EBR_124,EBR_GZR
EBR_125:EBR_GZR,EBR_125,EBR_GZR
EBR_126:EBR_GZR,EBR_126,EBR_GZR
EBR_127:EBR_GZR,EBR_127,EBR_GZR
EBR_128:EBR_GZR_RBV,EBR_128,EBR_GZR_RBV
EBR_129:EBR_GZR_RBV,EBR_129,EBR_GZR_RBV
EBR_130:EBR_GZR_RBV,EBR_130,EBR_GZR_RBV
EBR_131:EBR_GZR_RBV,EBR_131,EBR_GZR_RBV
EBR_132:EBR_GZR_RBV,EBR_132,EBR_GZR_RBV
EBR_133:EBR_GZR_RBV,EBR_133,EBR_GZR_RBV
EBR_134:EBR_GZR_RBV,EBR_134,EBR_GZR_RBV
EBR_135:EBR_GZR_RBV,EBR_135,EBR_GZR_RBV
EBR_176:EBR_GZR_SOF,EBR_176,EBR_GZR_SOF
EBR_177:EBR_GZR,EBR_177,EBR_GZR
EBR_178:EBR_GZR,EBR_178,EBR_GZR
EBR_179:EBR_GZR,EBR_179,EBR_GZR
EBR_180:EBR_GZR,EBR_180,EBR_GZR
EBR_181:EBR_GZR,EBR_181,EBR_GZR
EBR_182:EBR_GZR,EBR_182,EBR_GZR
EBR_183:EBR_GZR,EBR_183,EBR_GZR
EBR_194:EBR_GZR,EBR_194,EBR_GZR
EBR_1:EBR_GZR,EBR_1,EBR_GZR
EBR_1:EBR_GZR_RBV,EBR_1,EBR_GZR_RBV
EBR_2:EBR_GZR,EBR_2,EBR_GZR
EBR_2:EBR_GZR_RBV,EBR_2,EBR_GZR_RBV
EBR_32:EBR_GZR_RBV,EBR_32,EBR_GZR_RBV
EBR_33:EBR_GZR_RBV,EBR_33,EBR_GZR_RBV
EBR_34:EBR_GZR_RBV,EBR_34,EBR_GZR_RBV
EBR_35:EBR_GZR_RBV,EBR_35,EBR_GZR_RBV
EBR_36:EBR_GZR_RBV,EBR_36,EBR_GZR_RBV
EBR_3:EBR_GZR,EBR_3,EBR_GZR
EBR_3:EBR_GZR_RBV,EBR_3,EBR_GZR_RBV
EBR_4:EBR_GZR,EBR_4,EBR_GZR
EBR_4:EBR_GZR_RBV,EBR_4,EBR_GZR_RBV
EBR_59:EBR_GZR,EBR_59,EBR_GZR
EBR_59:EBR_GZR_RBV,EBR_59,EBR_GZR_RBV
EBR_5:EBR_GZR,EBR_5,EBR_GZR
EBR_5:EBR_GZR_RBV,EBR_5,EBR_GZR_RBV
EBR_61:EBR_GZR,EBR_61,EBR_GZR
EBR_61:EBR_GZR_RBV,EBR_61,EBR_GZR_RBV
EBR_63:EBR_GZR,EBR_63,EBR_GZR
EBR_63:EBR_GZR_RBV,EBR_63,EBR_GZR_RBV
EBR_64:EBR_GZR,EBR_64,EBR_GZR
EBR_64:EBR_GZR_RBV,EBR_64,EBR_GZR_RBV
EBR_66:EBR_GZR,EBR_66,EBR_GZR
EBR_66:EBR_GZR_RBV,EBR_66,EBR_GZR_RBV
EBR_68:EBR_GZR,EBR_68,EBR_GZR
EBR_68:EBR_GZR_RBV,EBR_68,EBR_GZR_RBV
EBR_6:EBR_GZR,EBR_6,EBR_GZR
EBR_6:EBR_GZR_RBV,EBR_6,EBR_GZR_RBV
EBR_72:EBR_GZR,EBR_72,EBR_GZR
EBR_72:EBR_GZR_RBV,EBR_72,EBR_GZR_RBV
EBR_73:EBR_GZR,EBR_73,EBR_GZR
EBR_74:EBR_GZR,EBR_74,EBR_GZR
EBR_75:EBR_GZR,EBR_75,EBR_GZR
EBR_76:EBR_GZR,EBR_76,EBR_GZR
EBR_76:EBR_GZR_RBV,EBR_76,EBR_GZR_RBV
EBR_77:EBR_GZR,EBR_77,EBR_GZR
EBR_77:EBR_GZR_RBV,EBR_77,EBR_GZR_RBV
EBR_78:EBR_GZR,EBR_78,EBR_GZR
EBR_78:EBR_GZR_RBV,EBR_78,EBR_GZR_RBV
EBR_79:EBR_GZR,EBR_79,EBR_GZR
EBR_79:EBR_GZR_RBV,EBR_79,EBR_GZR_RBV
EBR_7:EBR_GZR,EBR_7,EBR_GZR
EBR_7:EBR_GZR_RBV,EBR_7,EBR_GZR_RBV
EBR_80:EBR_GZR,EBR_80,EBR_GZR
EBR_80:EBR_GZR_RBV,EBR_80,EBR_GZR_RBV
EBR_81:EBR_GZR,EBR_81,EBR_GZR
EBR_81:EBR_GZR_RBV,EBR_81,EBR_GZR_RBV
EBR_82:EBR_GZR,EBR_82,EBR_GZR
EBR_82:EBR_GZR_RBV,EBR_82,EBR_GZR_RBV
EBR_83:EBR_GZR,EBR_83,EBR_GZR
EBR_83:EBR_GZR_RBV,EBR_83,EBR_GZR_RBV
EBR_84:EBR_GZR,EBR_84,EBR_GZR
EBR_84:EBR_GZR_RBV,EBR_84,EBR_GZR_RBV
EBR_85:EBR_GZR,EBR_85,EBR_GZR
EBR_85:EBR_GZR_RBV,EBR_85,EBR_GZR_RBV
EBR_86:EBR_GZR,EBR_86,EBR_GZR
EBR_87:EBR_GZR,EBR_87,EBR_GZR
EBR_88:EBR_GZR,EBR_88,EBR_GZR
EBR_89:EBR_GZR,EBR_89,EBR_GZR
EBR_8:EBR_GZR,EBR_8,EBR_GZR
EBR_8:EBR_GZR_RBV,EBR_8,EBR_GZR_RBV
EBR_90:EBR_GZR,EBR_90,EBR_GZR
EBR_90:EBR_GZR_RBV,EBR_90,EBR_GZR_RBV
EBR_91:EBR_GZR,EBR_91,EBR_GZR
EBR_91:EBR_GZR_RBV,EBR_91,EBR_GZR_RBV
EBR_92:EBR_GZR,EBR_92,EBR_GZR
EBR_92:EBR_GZR_RBV,EBR_92,EBR_GZR_RBV
EBR_93:EBR_GZR,EBR_93,EBR_GZR
EBR_93:EBR_GZR_RBV,EBR_93,EBR_GZR_RBV
EBR_94:EBR_GZR,EBR_94,EBR_GZR
EBR_94:EBR_GZR_RBV,EBR_94,EBR_GZR_RBV
EBR_95:EBR_GZR,EBR_95,EBR_GZR
EBR_95:EBR_GZR_RBV,EBR_95,EBR_GZR_RBV
EBR_96:EBR_GZR,EBR_96,EBR_GZR
EBR_96:EBR_GZR_RBV,EBR_96,EBR_GZR_RBV
EBR_97:EBR_GZR,EBR_97,EBR_GZR
EBR_97:EBR_GZR_RBV,EBR_97,EBR_GZR_RBV
EBR_98:EBR_GZR,EBR_98,EBR_GZR
EBR_98:EBR_GZR_RBV,EBR_98,EBR_GZR_RBV
EBR_99:EBR_GZR,EBR_99,EBR_GZR
EBR_99:EBR_GZR_RBV,EBR_99,EBR_GZR_RBV
EBR_9:EBR_GZR,EBR_9,EBR_GZR
EBR_9:EBR_GZR_RBV,EBR_9,EBR_GZR_RBV
GLE_11:GLE_PIB,GLE_11,GLE_PIB
GLE_16:GLE_PIB,GLE_16,GLE_PIB
GLE_17:GLE_PIB,GLE_17,GLE_PIB
GLE_18:GLE_PIB,GLE_18,GLE_PIB
GLE_20:GLE_PIB,GLE_20,GLE_PIB
GLE_21:GLE_PIB,GLE_21,GLE_PIB
GLE_23:GLE_PIB,GLE_23,GLE_PIB
GLE_26:GLE_PIB,GLE_26,GLE_PIB
GLE_27:GLE_PIB,GLE_27,GLE_PIB
GLE_2:GLE_PIB,GLE_2,GLE_PIB
GLE_35:GLE_PIB,GLE_35,GLE_PIB
GLE_38:GLE_PIB,GLE_38,GLE_PIB
GLE_45:GLE_PIB,GLE_45,GLE_PIB
GLE_46:GLE_PIB,GLE_46,GLE_PIB
GLE_47:GLE_PIB,GLE_47,GLE_PIB
GLE_48:GLE_PIB,GLE_48,GLE_PIB
GLE_49:GLE_PIB,GLE_49,GLE_PIB
GLE_4:GLE_PIB,GLE_4,GLE_PIB
GLE_50:GLE_PIB,GLE_50,GLE_PIB
GLE_51:GLE_PIB,GLE_51,GLE_PIB
GLE_52:GLE_PIB,GLE_52,GLE_PIB
GLE_54:GLE_PIB,GLE_54,GLE_PIB
GLE_55:GLE_PIB,GLE_55,GLE_PIB
GLE_57:GLE_PIB,GLE_57,GLE_PIB
GLE_58:GLE_PIB,GLE_58,GLE_PIB
GLE_5:GLE_PIB,GLE_5,GLE_PIB
GZR_100:EBR_GZR,GZR_100,EBR_GZR
GZR_100:EBR_GZR_RBV,GZR_100,EBR_GZR_RBV
GZR_101:EBR_GZR,GZR_101,EBR_GZR
GZR_101:EBR_GZR_RBV,GZR_101,EBR_GZR_RBV
GZR_102:EBR_GZR,GZR_102,EBR_GZR
GZR_102:EBR_GZR_RBV,GZR_102,EBR_GZR_RBV
GZR_103:EBR_GZR,GZR_103,EBR_GZR
GZR_103:EBR_GZR_RBV,GZR_103,EBR_GZR_RBV
GZR_104:EBR_GZR,GZR_104,EBR_GZR
GZR_104:EBR_GZR_RBV,GZR_104,EBR_GZR_RBV
GZR_105:EBR_GZR,GZR_105,EBR_GZR
GZR_105:EBR_GZR_RBV,GZR_105,EBR_GZR_RBV
GZR_106:EBR_GZR,GZR_106,EBR_GZR
GZR_106:EBR_GZR_RBV,GZR_106,EBR_GZR_RBV
GZR_107:EBR_GZR,GZR_107,EBR_GZR
GZR_107:EBR_GZR_RBV,GZR_107,EBR_GZR_RBV
GZR_108:EBR_GZR,GZR_108,EBR_GZR
GZR_108:EBR_GZR_RBV,GZR_108,EBR_GZR_RBV
GZR_109:EBR_GZR,GZR_109,EBR_GZR
GZR_109:EBR_GZR_RBV,GZR_109,EBR_GZR_RBV
GZR_10:EBR_GZR,GZR_10,EBR_GZR
GZR_10:EBR_GZR_RBV,GZR_10,EBR_GZR_RBV
GZR_110:EBR_GZR,GZR_110,EBR_GZR
GZR_110:EBR_GZR_RBV,GZR_110,EBR_GZR_RBV
GZR_111:EBR_GZR,GZR_111,EBR_GZR
GZR_112:EBR_GZR,GZR_112,EBR_GZR
GZR_112:EBR_GZR_RBV,GZR_112,EBR_GZR_RBV
GZR_113:EBR_GZR,GZR_113,EBR_GZR
GZR_113:EBR_GZR_RBV,GZR_113,EBR_GZR_RBV
GZR_114:EBR_GZR,GZR_114,EBR_GZR
GZR_114:EBR_GZR_RBV,GZR_114,EBR_GZR_RBV
GZR_115:EBR_GZR,GZR_115,EBR_GZR
GZR_115:EBR_GZR_RBV,GZR_115,EBR_GZR_RBV
GZR_116:EBR_GZR,GZR_116,EBR_GZR
GZR_116:EBR_GZR_RBV,GZR_116,EBR_GZR_RBV
GZR_117:EBR_GZR,GZR_117,EBR_GZR
GZR_118:EBR_GZR,GZR_118,EBR_GZR
GZR_118:EBR_GZR_RBV,GZR_118,EBR_GZR_RBV
GZR_119:EBR_GZR,GZR_119,EBR_GZR
GZR_119:EBR_GZR_RBV,GZR_119,EBR_GZR_RBV
GZR_11:EBR_GZR,GZR_11,EBR_GZR
GZR_11:EBR_GZR_RBV,GZR_11,EBR_GZR_RBV
GZR_120:EBR_GZR,GZR_120,EBR_GZR
GZR_120:EBR_GZR_RBV,GZR_120,EBR_GZR_RBV
GZR_121:EBR_GZR,GZR_121,EBR_GZR
GZR_121:EBR_GZR_RBV,GZR_121,EBR_GZR_RBV
GZR_122:EBR_GZR,GZR_122,EBR_GZR
GZR_122:EBR_GZR_RBV,GZR_122,EBR_GZR_RBV
GZR_123:EBR_GZR,GZR_123,EBR_GZR
GZR_123:EBR_GZR_RBV,GZR_123,EBR_GZR_RBV
GZR_124:EBR_GZR,GZR_124,EBR_GZR
GZR_124:EBR_GZR_RBV,GZR_124,EBR_GZR_RBV
GZR_125:EBR_GZR,GZR_125,EBR_GZR
GZR_125:EBR_GZR_RBV,GZR_125,EBR_GZR_RBV
GZR_126:EBR_GZR,GZR_126,EBR_GZR
GZR_126:EBR_GZR_RBV,GZR_126,EBR_GZR_RBV
GZR_127:EBR_GZR,GZR_127,EBR_GZR
GZR_128:EBR_GZR,GZR_128,EBR_GZR
GZR_128:EBR_GZR_RBV,GZR_128,EBR_GZR_RBV
GZR_129:EBR_GZR,GZR_129,EBR_GZR
GZR_129:EBR_GZR_RBV,GZR_129,EBR_GZR_RBV
GZR_12:EBR_GZR,GZR_12,EBR_GZR
GZR_12:EBR_GZR_RBV,GZR_12,EBR_GZR_RBV
GZR_130:EBR_GZR,GZR_130,EBR_GZR
GZR_131:EBR_GZR,GZR_131,EBR_GZR
GZR_132:EBR_GZR,GZR_132,EBR_GZR
GZR_132:EBR_GZR_RBV,GZR_132,EBR_GZR_RBV
GZR_133:EBR_GZR,GZR_133,EBR_GZR
GZR_134:EBR_GZR,GZR_134,EBR_GZR
GZR_134:EBR_GZR_RBV,GZR_134,EBR_GZR_RBV
GZR_135:EBR_GZR,GZR_135,EBR_GZR
GZR_135:EBR_GZR_RBV,GZR_135,EBR_GZR_RBV
GZR_136:EBR_GZR,GZR_136,EBR_GZR
GZR_137:EBR_GZR,GZR_137,EBR_GZR
GZR_138:EBR_GZR,GZR_138,EBR_GZR
GZR_139:EBR_GZR,GZR_139,EBR_GZR
GZR_13:EBR_GZR,GZR_13,EBR_GZR
GZR_13:EBR_GZR_RBV,GZR_13,EBR_GZR_RBV
GZR_140:EBR_GZR,GZR_140,EBR_GZR
GZR_141:EBR_GZR,GZR_141,EBR_GZR
GZR_142:EBR_GZR,GZR_142,EBR_GZR
GZR_143:EBR_GZR,GZR_143,EBR_GZR
GZR_144:EBR_GZR,GZR_144,EBR_GZR
GZR_144:EBR_GZR_RBV,GZR_144,EBR_GZR_RBV
GZR_145:EBR_GZR,GZR_145,EBR_GZR
GZR_145:EBR_GZR_RBV,GZR_145,EBR_GZR_RBV
GZR_146:EBR_GZR,GZR_146,EBR_GZR
GZR_146:EBR_GZR_RBV,GZR_146,EBR_GZR_RBV
GZR_147:EBR_GZR,GZR_147,EBR_GZR
GZR_147:EBR_GZR_RBV,GZR_147,EBR_GZR_RBV
GZR_148:EBR_GZR,GZR_148,EBR_GZR
GZR_148:EBR_GZR_RBV,GZR_148,EBR_GZR_RBV
GZR_149:EBR_GZR,GZR_149,EBR_GZR
GZR_149:EBR_GZR_RBV,GZR_149,EBR_GZR_RBV
GZR_14:EBR_GZR,GZR_14,EBR_GZR
GZR_14:EBR_GZR_RBV,GZR_14,EBR_GZR_RBV
GZR_150:EBR_GZR,GZR_150,EBR_GZR
GZR_150:EBR_GZR_RBV,GZR_150,EBR_GZR_RBV
GZR_151:EBR_GZR,GZR_151,EBR_GZR
GZR_151:EBR_GZR_RBV,GZR_151,EBR_GZR_RBV
GZR_152:EBR_GZR,GZR_152,EBR_GZR
GZR_152:EBR_GZR_RBV,GZR_152,EBR_GZR_RBV
GZR_153:EBR_GZR,GZR_153,EBR_GZR
GZR_153:EBR_GZR_RBV,GZR_153,EBR_GZR_RBV
GZR_154:EBR_GZR,GZR_154,EBR_GZR
GZR_154:EBR_GZR_RBV,GZR_154,EBR_GZR_RBV
GZR_155:EBR_GZR,GZR_155,EBR_GZR
GZR_155:EBR_GZR_RBV,GZR_155,EBR_GZR_RBV
GZR_156:EBR_GZR,GZR_156,EBR_GZR
GZR_156:EBR_GZR_RBV,GZR_156,EBR_GZR_RBV
GZR_157:EBR_GZR,GZR_157,EBR_GZR
GZR_157:EBR_GZR_RBV,GZR_157,EBR_GZR_RBV
GZR_158:EBR_GZR,GZR_158,EBR_GZR
GZR_158:EBR_GZR_RBV,GZR_158,EBR_GZR_RBV
GZR_159:EBR_GZR,GZR_159,EBR_GZR
GZR_159:EBR_GZR_RBV,GZR_159,EBR_GZR_RBV
GZR_15:EBR_GZR,GZR_15,EBR_GZR
GZR_15:EBR_GZR_RBV,GZR_15,EBR_GZR_RBV
GZR_160:EBR_GZR,GZR_160,EBR_GZR
GZR_161:EBR_GZR,GZR_161,EBR_GZR
GZR_162:EBR_GZR,GZR_162,EBR_GZR
GZR_163:EBR_GZR,GZR_163,EBR_GZR
GZR_164:EBR_GZR,GZR_164,EBR_GZR
GZR_164:EBR_GZR_RBV,GZR_164,EBR_GZR_RBV
GZR_165:EBR_GZR,GZR_165,EBR_GZR
GZR_16:EBR_GZR,GZR_16,EBR_GZR
GZR_16:EBR_GZR_RBV,GZR_16,EBR_GZR_RBV
GZR_17:EBR_GZR,GZR_17,EBR_GZR
GZR_17:EBR_GZR_RBV,GZR_17,EBR_GZR_RBV
GZR_187:IFN_RBV_GZR,GZR_187,IFN_RBV_GZR
GZR_188:IFN_RBV_GZR,GZR_188,IFN_RBV_GZR
GZR_189:IFN_RBV_GZR,GZR_189,IFN_RBV_GZR
GZR_18:EBR_GZR,GZR_18,EBR_GZR
GZR_18:EBR_GZR_RBV,GZR_18,EBR_GZR_RBV
GZR_190:IFN_RBV_GZR,GZR_190,IFN_RBV_GZR
GZR_191:IFN_RBV_GZR,GZR_191,IFN_RBV_GZR
GZR_192:IFN_RBV_GZR,GZR_192,IFN_RBV_GZR
GZR_193:IFN_RBV_GZR,GZR_193,IFN_RBV_GZR
GZR_194:IFN_RBV_GZR,GZR_194,IFN_RBV_GZR
GZR_195:IFN_RBV_GZR,GZR_195,IFN_RBV_GZR
GZR_196:IFN_RBV_GZR,GZR_196,IFN_RBV_GZR
GZR_197:IFN_RBV_GZR,GZR_197,IFN_RBV_GZR
GZR_198:IFN_RBV_GZR,GZR_198,IFN_RBV_GZR
GZR_199:IFN_RBV_GZR,GZR_199,IFN_RBV_GZR
GZR_19:EBR_GZR,GZR_19,EBR_GZR
GZR_19:EBR_GZR_RBV,GZR_19,EBR_GZR_RBV
GZR_200:IFN_RBV_GZR,GZR_200,IFN_RBV_GZR
GZR_201:IFN_RBV_GZR,GZR_201,IFN_RBV_GZR
GZR_202:IFN_RBV_GZR,GZR_202,IFN_RBV_GZR
GZR_203:IFN_RBV_GZR,GZR_203,IFN_RBV_GZR
GZR_204:IFN_RBV_GZR,GZR_204,IFN_RBV_GZR
GZR_205:IFN_RBV_GZR,GZR_205,IFN_RBV_GZR
GZR_20:EBR_GZR,GZR_20,EBR_GZR
GZR_20:EBR_GZR_RBV,GZR_20,EBR_GZR_RBV
GZR_21:EBR_GZR,GZR_21,EBR_GZR
GZR_21:EBR_GZR_RBV,GZR_21,EBR_GZR_RBV
GZR_22:EBR_GZR_SOF_RBV,GZR_22,EBR_GZR_SOF_RBV
GZR_23:EBR_GZR_RBV,GZR_23,EBR_GZR_RBV
GZR_24:EBR_GZR_RBV,GZR_24,EBR_GZR_RBV
GZR_25:EBR_GZR_RBV,GZR_25,EBR_GZR_RBV
GZR_26:EBR_GZR_RBV,GZR_26,EBR_GZR_RBV
GZR_27:EBR_GZR_RBV,GZR_27,EBR_GZR_RBV
GZR_28:EBR_GZR_RBV,GZR_28,EBR_GZR_RBV
GZR_29:EBR_GZR_RBV,GZR_29,EBR_GZR_RBV
GZR_30:EBR_GZR_RBV,GZR_30,EBR_GZR_RBV
GZR_31:EBR_GZR_RBV,GZR_31,EBR_GZR_RBV
GZR_32:EBR_GZR_RBV,GZR_32,EBR_GZR_RBV
GZR_33:EBR_GZR_RBV,GZR_33,EBR_GZR_RBV
GZR_34:EBR_GZR_RBV,GZR_34,EBR_GZR_RBV
GZR_35:EBR_GZR_RBV,GZR_35,EBR_GZR_RBV
GZR_36:EBR_GZR_RBV,GZR_36,EBR_GZR_RBV
GZR_37:EBR_GZR_RBV,GZR_37,EBR_GZR_RBV
GZR_38:EBR_GZR_RBV,GZR_38,EBR_GZR_RBV
GZR_39:EBR_GZR_RBV,GZR_39,EBR_GZR_RBV
GZR_40:EBR_GZR_RBV,GZR_40,EBR_GZR_RBV
GZR_41:EBR_GZR,GZR_41,EBR_GZR
GZR_41:EBR_GZR_RBV,GZR_41,EBR_GZR_RBV
GZR_42:EBR_GZR,GZR_42,EBR_GZR
GZR_42:EBR_GZR_RBV,GZR_42,EBR_GZR_RBV
GZR_43:EBR_GZR,GZR_43,EBR_GZR
GZR_43:EBR_GZR_RBV,GZR_43,EBR_GZR_RBV
GZR_44:EBR_GZR,GZR_44,EBR_GZR
GZR_44:EBR_GZR_RBV,GZR_44,EBR_GZR_RBV
GZR_45:EBR_GZR,GZR_45,EBR_GZR
GZR_45:EBR_GZR_RBV,GZR_45,EBR_GZR_RBV
GZR_46:EBR_GZR,GZR_46,EBR_GZR
GZR_46:EBR_GZR_RBV,GZR_46,EBR_GZR_RBV
GZR_47:EBR_GZR,GZR_47,EBR_GZR
GZR_47:EBR_GZR_RBV,GZR_47,EBR_GZR_RBV
GZR_48:EBR_GZR,GZR_48,EBR_GZR
GZR_48:EBR_GZR_RBV,GZR_48,EBR_GZR_RBV
GZR_49:EBR_GZR,GZR_49,EBR_GZR
GZR_49:EBR_GZR_RBV,GZR_49,EBR_GZR_RBV
GZR_4:EBR_GZR,GZR_4,EBR_GZR
GZR_50:EBR_GZR,GZR_50,EBR_GZR
GZR_50:EBR_GZR_RBV,GZR_50,EBR_GZR_RBV
GZR_51:EBR_GZR,GZR_51,EBR_GZR
GZR_51:EBR_GZR_RBV,GZR_51,EBR_GZR_RBV
GZR_52:EBR_GZR,GZR_52,EBR_GZR
GZR_52:EBR_GZR_RBV,GZR_52,EBR_GZR_RBV
GZR_53:EBR_GZR,GZR_53,EBR_GZR
GZR_5:EBR_GZR,GZR_5,EBR_GZR
GZR_69:GZR_RBV,GZR_69,GZR_RBV
GZR_6:EBR_GZR,GZR_6,EBR_GZR
GZR_70:GZR_RBV,GZR_70,GZR_RBV
GZR_71:GZR_RBV,GZR_71,GZR_RBV
GZR_72:IFN_RBV_GZR,GZR_72,IFN_RBV_GZR
GZR_73:IFN_RBV_GZR,GZR_73,IFN_RBV_GZR
GZR_74:IFN_RBV_GZR,GZR_74,IFN_RBV_GZR
GZR_75:IFN_RBV_GZR,GZR_75,IFN_RBV_GZR
GZR_76:IFN_RBV_GZR,GZR_76,IFN_RBV_GZR
GZR_77:IFN_RBV_GZR,GZR_77,IFN_RBV_GZR
GZR_78:IFN_RBV_GZR,GZR_78,IFN_RBV_GZR
GZR_79:IFN_RBV_GZR,GZR_79,IFN_RBV_GZR
GZR_7:EBR_GZR,GZR_7,EBR_GZR
GZR_80:IFN_RBV_GZR,GZR_80,IFN_RBV_GZR
GZR_81:IFN_RBV_GZR,GZR_81,IFN_RBV_GZR
GZR_82:IFN_RBV_GZR,GZR_82,IFN_RBV_GZR
GZR_83:IFN_RBV_GZR,GZR_83,IFN_RBV_GZR
GZR_84:IFN_RBV_GZR,GZR_84,IFN_RBV_GZR
GZR_85:IFN_RBV_GZR,GZR_85,IFN_RBV_GZR
GZR_86:IFN_RBV_GZR,GZR_86,IFN_RBV_GZR
GZR_87:IFN_RBV_GZR,GZR_87,IFN_RBV_GZR
GZR_88:IFN_RBV_GZR,GZR_88,IFN_RBV_GZR
GZR_89:IFN_RBV_GZR,GZR_89,IFN_RBV_GZR
GZR_8:EBR_GZR,GZR_8,EBR_GZR
GZR_90:IFN_RBV_GZR,GZR_90,IFN_RBV_GZR
GZR_91:IFN_RBV_GZR,GZR_91,IFN_RBV_GZR
GZR_92:IFN_RBV_GZR,GZR_92,IFN_RBV_GZR
GZR_93:IFN_RBV_GZR,GZR_93,IFN_RBV_GZR
GZR_94:IFN_RBV_GZR,GZR_94,IFN_RBV_GZR
GZR_95:EBR_GZR,GZR_95,EBR_GZR
GZR_95:EBR_GZR_RBV,GZR_95,EBR_GZR_RBV
GZR_96:EBR_GZR,GZR_96,EBR_GZR
GZR_96:EBR_GZR_RBV,GZR_96,EBR_GZR_RBV
GZR_97:EBR_GZR,GZR_97,EBR_GZR
GZR_97:EBR_GZR_RBV,GZR_97,EBR_GZR_RBV
GZR_98:EBR_GZR,GZR_98,EBR_GZR
GZR_98:EBR_GZR_RBV,GZR_98,EBR_GZR_RBV
GZR_99:EBR_GZR,GZR_99,EBR_GZR
GZR_99:EBR_GZR_RBV,GZR_99,EBR_GZR_RBV
GZR_9:EBR_GZR,GZR_9,EBR_GZR
GZR_9:EBR_GZR_RBV,GZR_9,EBR_GZR_RBV
LDV_100:SOF_LDV,LDV_100,SOF_LDV
LDV_100:SOF_LDV_RBV,LDV_100,SOF_LDV_RBV
LDV_101:SOF_LDV,LDV_101,SOF_LDV
LDV_101:SOF_LDV_RBV,LDV_101,SOF_LDV_RBV
LDV_102:SOF_LDV,LDV_102,SOF_LDV
LDV_102:SOF_LDV_RBV,LDV_102,SOF_LDV_RBV
LDV_103:SOF_LDV,LDV_103,SOF_LDV
LDV_103:SOF_LDV_RBV,LDV_103,SOF_LDV_RBV
LDV_104:SOF_LDV,LDV_104,SOF_LDV
LDV_104:SOF_LDV_RBV,LDV_104,SOF_LDV_RBV
LDV_105:SOF_LDV,LDV_105,SOF_LDV
LDV_105:SOF_LDV_RBV,LDV_105,SOF_LDV_RBV
LDV_106:SOF_LDV,LDV_106,SOF_LDV
LDV_106:SOF_LDV_RBV,LDV_106,SOF_LDV_RBV
LDV_107:SOF_LDV,LDV_107,SOF_LDV
LDV_108:SOF_LDV,LDV_108,SOF_LDV
LDV_109:SOF_LDV,LDV_109,SOF_LDV
LDV_10:SOF_LDV,LDV_10,SOF_LDV
LDV_110:SOF_LDV,LDV_110,SOF_LDV
LDV_111:SOF_LDV,LDV_111,SOF_LDV
LDV_112:SOF_LDV,LDV_112,SOF_LDV
LDV_113:SOF_LDV,LDV_113,SOF_LDV
LDV_114:SOF_LDV,LDV_114,SOF_LDV
LDV_115:SOF_LDV,LDV_115,SOF_LDV
LDV_116:SOF_LDV,LDV_116,SOF_LDV
LDV_117:SOF_LDV,LDV_117,SOF_LDV
LDV_118:SOF_LDV,LDV_118,SOF_LDV
LDV_119:SOF_LDV,LDV_119,SOF_LDV
LDV_11:SOF_LDV,LDV_11,SOF_LDV
LDV_11:SOF_LDV_RBV,LDV_11,SOF_LDV_RBV
LDV_120:SOF_LDV,LDV_120,SOF_LDV
LDV_121:SOF_LDV,LDV_121,SOF_LDV
LDV_12:SOF_LDV,LDV_12,SOF_LDV
LDV_12:SOF_LDV_RBV,LDV_12,SOF_LDV_RBV
LDV_13:SOF_LDV_RBV,LDV_13,SOF_LDV_RBV
LDV_14:SOF_LDV,LDV_14,SOF_LDV
LDV_15:SOF_LDV_RBV,LDV_15,SOF_LDV_RBV
LDV_16:SOF_LDV,LDV_16,SOF_LDV
LDV_16:SOF_LDV_RBV,LDV_16,SOF_LDV_RBV
LDV_17:SOF_LDV,LDV_17,SOF_LDV
LDV_18:SOF_LDV,LDV_18,SOF_LDV
LDV_18:SOF_LDV_RBV,LDV_18,SOF_LDV_RBV
LDV_19:SOF_LDV,LDV_19,SOF_LDV
LDV_19:SOF_LDV_RBV,LDV_19,SOF_LDV_RBV
LDV_1:SOF_LDV,LDV_1,SOF_LDV
LDV_1:SOF_LDV_RBV,LDV_1,SOF_LDV_RBV
LDV_20:SOF_LDV,LDV_20,SOF_LDV
LDV_20:SOF_LDV_RBV,LDV_20,SOF_LDV_RBV
LDV_21:SOF_LDV,LDV_21,SOF_LDV
LDV_22:SOF_LDV,LDV_22,SOF_LDV
LDV_23:SOF_LDV_RBV,LDV_23,SOF_LDV_RBV
LDV_24:SOF_LDV_RBV,LDV_24,SOF_LDV_RBV
LDV_25:SOF_LDV,LDV_25,SOF_LDV
LDV_26:SOF_LDV_RBV,LDV_26,SOF_LDV_RBV
LDV_27:SOF_LDV,LDV_27,SOF_LDV
LDV_28:SOF_LDV_RBV,LDV_28,SOF_LDV_RBV
LDV_29:SOF_LDV,LDV_29,SOF_LDV
LDV_2:SOF_LDV,LDV_2,SOF_LDV
LDV_30:SOF_LDV,LDV_30,SOF_LDV
LDV_31:SOF_LDV,LDV_31,SOF_LDV
LDV_32:SOF_LDV,LDV_32,SOF_LDV
LDV_33:SOF_LDV,LDV_33,SOF_LDV
LDV_34:SOF_LDV,LDV_34,SOF_LDV
LDV_35:SOF_LDV,LDV_35,SOF_LDV
LDV_36:SOF_LDV,LDV_36,SOF_LDV
LDV_37:SOF_LDV,LDV_37,SOF_LDV
LDV_3:SOF_LDV,LDV_3,SOF_LDV
LDV_3:SOF_LDV_RBV,LDV_3,SOF_LDV_RBV
LDV_4:SOF_LDV,LDV_4,SOF_LDV
LDV_5:SOF_LDV,LDV_5,SOF_LDV
LDV_5:SOF_LDV_RBV,LDV_5,SOF_LDV_RBV
LDV_6:SOF_LDV_RBV,LDV_6,SOF_LDV_RBV
LDV_7:SOF_LDV,LDV_7,SOF_LDV
LDV_7:SOF_LDV_RBV,LDV_7,SOF_LDV_RBV
LDV_87:SOF_LDV,LDV_87,SOF_LDV
LDV_88:SOF_LDV_RBV,LDV_88,SOF_LDV_RBV
LDV_89:SOF_LDV,LDV_89,SOF_LDV
LDV_8:SOF_LDV,LDV_8,SOF_LDV
LDV_8:SOF_LDV_RBV,LDV_8,SOF_LDV_RBV
LDV_90:SOF_LDV,LDV_90,SOF_LDV
LDV_91:SOF_LDV,LDV_91,SOF_LDV
LDV_92:SOF_LDV,LDV_92,SOF_LDV
LDV_93:SOF_LDV,LDV_93,SOF_LDV
LDV_94:SOF_LDV,LDV_94,SOF_LDV
LDV_95:SOF_LDV,LDV_95,SOF_LDV
LDV_96:SOF_LDV_RBV,LDV_96,SOF_LDV_RBV
LDV_97:SOF_LDV,LDV_97,SOF_LDV
LDV_98:SOF_LDV_RBV,LDV_98,SOF_LDV_RBV
LDV_99:SOF_LDV,LDV_99,SOF_LDV
LDV_99:SOF_LDV_RBV,LDV_99,SOF_LDV_RBV
LDV_9:SOF_LDV,LDV_9,SOF_LDV
OBV_100:PTV_r_OBV,OBV_100,PTV_r_OBV
OBV_113:PTV_r_OBV_DSV,OBV_113,PTV_r_OBV_DSV
OBV_114:PTV_r_OBV_DSV,OBV_114,PTV_r_OBV_DSV
OBV_115:PTV_r_OBV_DSV,OBV_115,PTV_r_OBV_DSV
OBV_115:PTV_r_OBV_DSV_RBV,OBV_115,PTV_r_OBV_DSV_RBV
OBV_116:PTV_r_OBV_DSV,OBV_116,PTV_r_OBV_DSV
OBV_116:PTV_r_OBV_DSV_RBV,OBV_116,PTV_r_OBV_DSV_RBV
OBV_117:PTV_r_OBV_DSV,OBV_117,PTV_r_OBV_DSV
OBV_117:PTV_r_OBV_DSV_RBV,OBV_117,PTV_r_OBV_DSV_RBV
OBV_118:PTV_r_OBV_DSV,OBV_118,PTV_r_OBV_DSV
OBV_118:PTV_r_OBV_DSV_RBV,OBV_118,PTV_r_OBV_DSV_RBV
OBV_119:PTV_r_OBV_DSV,OBV_119,PTV_r_OBV_DSV
OBV_119:PTV_r_OBV_DSV_RBV,OBV_119,PTV_r_OBV_DSV_RBV
OBV_120:PTV_r_OBV_DSV,OBV_120,PTV_r_OBV_DSV
OBV_120:PTV_r_OBV_DSV_RBV,OBV_120,PTV_r_OBV_DSV_RBV
OBV_121:PTV_r_OBV_DSV,OBV_121,PTV_r_OBV_DSV
OBV_121:PTV_r_OBV_DSV_RBV,OBV_121,PTV_r_OBV_DSV_RBV
OBV_122:PTV_r_OBV_DSV_RBV,OBV_122,PTV_r_OBV_DSV_RBV
OBV_123:PTV_r_OBV_RBV,OBV_123,PTV_r_OBV_RBV
OBV_124:PTV_r_OBV_RBV,OBV_124,PTV_r_OBV_RBV
OBV_125:PTV_r_OBV_DSV_RBV,OBV_125,PTV_r_OBV_DSV_RBV
OBV_126:PTV_r_OBV_DSV_RBV,OBV_126,PTV_r_OBV_DSV_RBV
OBV_127:PTV_r_OBV_DSV_RBV,OBV_127,PTV_r_OBV_DSV_RBV
OBV_128:PTV_r_OBV,OBV_128,PTV_r_OBV
OBV_129:PTV_r_OBV,OBV_129,PTV_r_OBV
OBV_130:PTV_r_OBV_DSV,OBV_130,PTV_r_OBV_DSV
OBV_131:PTV_r_OBV_DSV,OBV_131,PTV_r_OBV_DSV
OBV_132:PTV_r_OBV_DSV,OBV_132,PTV_r_OBV_DSV
OBV_133:PTV_r_OBV_DSV,OBV_133,PTV_r_OBV_DSV
OBV_139:PTV_r_OBV_DSV,OBV_139,PTV_r_OBV_DSV
OBV_142:PTV_r_OBV_DSV,OBV_142,PTV_r_OBV_DSV
OBV_143:PTV_r_OBV_DSV_RBV,OBV_143,PTV_r_OBV_DSV_RBV
OBV_144:PTV_r_OBV_DSV,OBV_144,PTV_r_OBV_DSV
OBV_1:PTV_r_OBV_DSV_RBV,OBV_1,PTV_r_OBV_DSV_RBV
OBV_20:PTV_r_OBV_DSV_RBV,OBV_20,PTV_r_OBV_DSV_RBV
OBV_21:PTV_r_OBV_DSV_RBV,OBV_21,PTV_r_OBV_DSV_RBV
OBV_22:PTV_r_OBV_DSV_RBV,OBV_22,PTV_r_OBV_DSV_RBV
OBV_23:PTV_r_OBV_DSV,OBV_23,PTV_r_OBV_DSV
OBV_24:PTV_r_OBV_DSV,OBV_24,PTV_r_OBV_DSV
OBV_24:PTV_r_OBV_DSV_RBV,OBV_24,PTV_r_OBV_DSV_RBV
OBV_25:PTV_r_OBV_DSV,OBV_25,PTV_r_OBV_DSV
OBV_25:PTV_r_OBV_DSV_RBV,OBV_25,PTV_r_OBV_DSV_RBV
OBV_2:PTV_r_OBV_DSV_RBV,OBV_2,PTV_r_OBV_DSV_RBV
OBV_68:PTV_r_OBV_DSV,OBV_68,PTV_r_OBV_DSV
OBV_68:PTV_r_OBV_DSV_RBV,OBV_68,PTV_r_OBV_DSV_RBV
OBV_69:PTV_r_OBV_DSV,OBV_69,PTV_r_OBV_DSV
OBV_69:PTV_r_OBV_DSV_RBV,OBV_69,PTV_r_OBV_DSV_RBV
OBV_70:PTV_r_OBV_DSV,OBV_70,PTV_r_OBV_DSV
OBV_70:PTV_r_OBV_DSV_RBV,OBV_70,PTV_r_OBV_DSV_RBV
OBV_71:PTV_r_OBV_DSV,OBV_71,PTV_r_OBV_DSV
OBV_71:PTV_r_OBV_DSV_RBV,OBV_71,PTV_r_OBV_DSV_RBV
OBV_72:PTV_r_OBV_DSV,OBV_72,PTV_r_OBV_DSV
OBV_72:PTV_r_OBV_DSV_RBV,OBV_72,PTV_r_OBV_DSV_RBV
OBV_73:PTV_r_OBV_DSV,OBV_73,PTV_r_OBV_DSV
OBV_73:PTV_r_OBV_DSV_RBV,OBV_73,PTV_r_OBV_DSV_RBV
OBV_74:PTV_r_OBV_DSV,OBV_74,PTV_r_OBV_DSV
OBV_74:PTV_r_OBV_DSV_RBV,OBV_74,PTV_r_OBV_DSV_RBV
OBV_75:PTV_r_OBV_DSV,OBV_75,PTV_r_OBV_DSV
OBV_75:PTV_r_OBV_DSV_RBV,OBV_75,PTV_r_OBV_DSV_RBV
OBV_76:PTV_r_OBV,OBV_76,PTV_r_OBV
OBV_77:PTV_r_OBV,OBV_77,PTV_r_OBV
OBV_78:PTV_r_OBV,OBV_78,PTV_r_OBV
OBV_83:PTV_r_OBV,OBV_83,PTV_r_OBV
OBV_84:PTV_r_OBV,OBV_84,PTV_r_OBV
OBV_85:PTV_r_OBV,OBV_85,PTV_r_OBV
OBV_86:PTV_r_OBV,OBV_86,PTV_r_OBV
OBV_87:PTV_r_OBV,OBV_87,PTV_r_OBV
OBV_88:PTV_r_OBV,OBV_88,PTV_r_OBV
OBV_89:PTV_r_OBV,OBV_89,PTV_r_OBV
OBV_90:PTV_r_OBV,OBV_90,PTV_r_OBV
OBV_91:PTV_r_OBV,OBV_91,PTV_r_OBV
OBV_92:PTV_r_OBV,OBV_92,PTV_r_OBV
OBV_93:PTV_r_OBV,OBV_93,PTV_r_OBV
OBV_94:PTV_r_OBV,OBV_94,PTV_r_OBV
OBV_95:PTV_r_OBV,OBV_95,PTV_r_OBV
OBV_96:PTV_r_OBV,OBV_96,PTV_r_OBV
OBV_97:PTV_r_OBV,OBV_97,PTV_r_OBV
OBV_98:PTV_r_OBV,OBV_98,PTV_r_OBV
OBV_99:PTV_r_OBV,OBV_99,PTV_r_OBV
PIB_10:GLE_PIB,PIB_10,GLE_PIB
PIB_11:GLE_PIB,PIB_11,GLE_PIB
PIB_15:GLE_PIB,PIB_15,GLE_PIB
PIB_17:GLE_PIB,PIB_17,GLE_PIB
PIB_18:GLE_PIB,PIB_18,GLE_PIB
PIB_19:GLE_PIB,PIB_19,GLE_PIB
PIB_1:PIB_PTV_r,PIB_1,PIB_PTV_r
PIB_24:GLE_PIB,PIB_24,GLE_PIB
PIB_25:GLE_PIB,PIB_25,GLE_PIB
PIB_26:GLE_PIB,PIB_26,GLE_PIB
PIB_27:GLE_PIB,PIB_27,GLE_PIB
PIB_28:GLE_PIB,PIB_28,GLE_PIB
PIB_29:GLE_PIB,PIB_29,GLE_PIB
PIB_2:GLE_PIB,PIB_2,GLE_PIB
PIB_30:GLE_PIB,PIB_30,GLE_PIB
PIB_31:PIB_PTV_r,PIB_31,PIB_PTV_r
PIB_32:GLE_PIB,PIB_32,GLE_PIB
PIB_33:GLE_PIB,PIB_33,GLE_PIB
PIB_35:GLE_PIB,PIB_35,GLE_PIB
PIB_37:GLE_PIB,PIB_37,GLE_PIB
PIB_38:GLE_PIB,PIB_38,GLE_PIB
PIB_41:GLE_PIB,PIB_41,GLE_PIB
PIB_43:GLE_PIB,PIB_43,GLE_PIB
PIB_44:GLE_PIB,PIB_44,GLE_PIB
PIB_49:GLE_PIB,PIB_49,GLE_PIB
PIB_4:GLE_PIB,PIB_4,GLE_PIB
PIB_50:GLE_PIB,PIB_50,GLE_PIB
PIB_51:GLE_PIB,PIB_51,GLE_PIB
PIB_52:GLE_PIB,PIB_52,GLE_PIB
PIB_54:GLE_PIB,PIB_54,GLE_PIB
PIB_57:GLE_PIB,PIB_57,GLE_PIB
PIB_59:GLE_PIB,PIB_59,GLE_PIB
PIB_5:GLE_PIB,PIB_5,GLE_PIB
PIB_60:GLE_PIB,PIB_60,GLE_PIB
PIB_63:GLE_PIB,PIB_63,GLE_PIB
PIB_64:GLE_PIB,PIB_64,GLE_PIB
PIB_65:GLE_PIB,PIB_65,GLE_PIB
PIB_66:GLE_PIB,PIB_66,GLE_PIB
PIB_68:GLE_PIB,PIB_68,GLE_PIB
PIB_6:GLE_PIB,PIB_6,GLE_PIB
PIB_7:GLE_PIB,PIB_7,GLE_PIB
PIB_8:GLE_PIB,PIB_8,GLE_PIB
PIB_9:GLE_PIB,PIB_9,GLE_PIB
PTV_10:PTV_r_OBV_DSV,PTV_10,PTV_r_OBV_DSV
PTV_10:PTV_r_OBV_DSV_RBV,PTV_10,PTV_r_OBV_DSV_RBV
PTV_111:PIB_PTV_r_RBV,PTV_111,PIB_PTV_r_RBV
PTV_11:PTV_r_OBV_DSV,PTV_11,PTV_r_OBV_DSV
PTV_11:PTV_r_OBV_DSV_RBV,PTV_11,PTV_r_OBV_DSV_RBV
PTV_12:PTV_r_OBV_DSV,PTV_12,PTV_r_OBV_DSV
PTV_12:PTV_r_OBV_DSV_RBV,PTV_12,PTV_r_OBV_DSV_RBV
PTV_13:PTV_r_OBV,PTV_13,PTV_r_OBV
PTV_14:PTV_r_OBV,PTV_14,PTV_r_OBV
PTV_19:PTV_r_OBV,PTV_19,PTV_r_OBV
PTV_1:PTV_r_OBV_RBV,PTV_1,PTV_r_OBV_RBV
PTV_20:PTV_r_OBV,PTV_20,PTV_r_OBV
PTV_21:PTV_r_OBV,PTV_21,PTV_r_OBV
PTV_22:PTV_r_OBV,PTV_22,PTV_r_OBV
PTV_28:PTV_r_OBV_DSV,PTV_28,PTV_r_OBV_DSV
PTV_28:PTV_r_OBV_DSV_RBV,PTV_28,PTV_r_OBV_DSV_RBV
PTV_29:PTV_r_OBV_DSV,PTV_29,PTV_r_OBV_DSV
PTV_29:PTV_r_OBV_DSV_RBV,PTV_29,PTV_r_OBV_DSV_RBV
PTV_2:PTV_r_OBV_RBV,PTV_2,PTV_r_OBV_RBV
PTV_30:PTV_r_OBV_DSV,PTV_30,PTV_r_OBV_DSV
PTV_31:PTV_r_OBV_DSV_RBV,PTV_31,PTV_r_OBV_DSV_RBV
PTV_32:PTV_r_OBV_DSV_RBV,PTV_32,PTV_r_OBV_DSV_RBV
PTV_33:PTV_r_OBV_DSV_RBV,PTV_33,PTV_r_OBV_DSV_RBV
PTV_34:PTV_r_OBV_DSV_RBV,PTV_34,PTV_r_OBV_DSV_RBV
PTV_35:PTV_r_OBV,PTV_35,PTV_r_OBV
PTV_36:PTV_r_OBV,PTV_36,PTV_r_OBV
PTV_37:PTV_r_OBV,PTV_37,PTV_r_OBV
PTV_3:PTV_r_OBV_DSV_RBV,PTV_3,PTV_r_OBV_DSV_RBV
PTV_4:PTV_r_OBV_DSV,PTV_4,PTV_r_OBV_DSV
PTV_4:PTV_r_OBV_DSV_RBV,PTV_4,PTV_r_OBV_DSV_RBV
PTV_5:PTV_r_OBV_DSV,PTV_5,PTV_r_OBV_DSV
PTV_5:PTV_r_OBV_DSV_RBV,PTV_5,PTV_r_OBV_DSV_RBV
PTV_6:PTV_r_OBV_DSV,PTV_6,PTV_r_OBV_DSV
PTV_6:PTV_r_OBV_DSV_RBV,PTV_6,PTV_r_OBV_DSV_RBV
PTV_77:PTV_r_OBV_DSV,PTV_77,PTV_r_OBV_DSV
PTV_79:PTV_r_OBV_DSV,PTV_79,PTV_r_OBV_DSV
PTV_7:PTV_r_OBV_DSV,PTV_7,PTV_r_OBV_DSV
PTV_7:PTV_r_OBV_DSV_RBV,PTV_7,PTV_r_OBV_DSV_RBV
PTV_81:PTV_r_OBV_DSV,PTV_81,PTV_r_OBV_DSV
PTV_83:PTV_r_OBV_DSV,PTV_83,PTV_r_OBV_DSV
PTV_85:PTV_r_OBV_DSV,PTV_85,PTV_r_OBV_DSV
PTV_87:PTV_r_OBV_DSV,PTV_87,PTV_r_OBV_DSV
PTV_8:PTV_r_OBV_DSV,PTV_8,PTV_r_OBV_DSV
PTV_8:PTV_r_OBV_DSV_RBV,PTV_8,PTV_r_OBV_DSV_RBV
PTV_9:PTV_r_OBV_DSV,PTV_9,PTV_r_OBV_DSV
PTV_9:PTV_r_OBV_DSV_RBV,PTV_9,PTV_r_OBV_DSV_RBV
SOF_104:SOF_PEG_RBV,SOF_104,SOF_PEG_RBV
SOF_104:SOF_RBV,SOF_104,SOF_RBV
SOF_10:SOF_LDV,SOF_10,SOF_LDV
SOF_11:SOF_DCV,SOF_11,SOF_DCV
SOF_12:SOF_RBV,SOF_12,SOF_RBV
SOF_13:SOF_RBV,SOF_13,SOF_RBV
SOF_14:SOF_PEG_RBV,SOF_14,SOF_PEG_RBV
SOF_15:SOF_PEG_RBV,SOF_15,SOF_PEG_RBV
SOF_15:SOF_RBV,SOF_15,SOF_RBV
SOF_16:SOF_PEG_RBV,SOF_16,SOF_PEG_RBV
SOF_16:SOF_RBV,SOF_16,SOF_RBV
SOF_17:SOF_RBV,SOF_17,SOF_RBV
SOF_1:SOF_PEG_RBV,SOF_1,SOF_PEG_RBV
SOF_1:SOF_RBV,SOF_1,SOF_RBV
SOF_22:SOF_PEG_RBV,SOF_22,SOF_PEG_RBV
SOF_22:SOF_RBV,SOF_22,SOF_RBV
SOF_23:SOF_LDV,SOF_23,SOF_LDV
SOF_23:SOF_SIM,SOF_23,SOF_SIM
SOF_24:SOF_mono,SOF_24,SOF_mono
SOF_25:SOF_mono,SOF_25,SOF_mono
SOF_26:SOF_mono,SOF_26,SOF_mono
SOF_27:SOF_PEG_RBV,SOF_27,SOF_PEG_RBV
SOF_28:SOF_PEG_RBV,SOF_28,SOF_PEG_RBV
SOF_28:SOF_RBV,SOF_28,SOF_RBV
SOF_33:SOF_mono,SOF_33,SOF_mono
SOF_37:SOF_LDV,SOF_37,SOF_LDV
SOF_38:SOF_DCV,SOF_38,SOF_DCV
SOF_39:SOF_DCV,SOF_39,SOF_DCV
SOF_39:SOF_LDV,SOF_39,SOF_LDV
SOF_3:SOF_LDV,SOF_3,SOF_LDV
SOF_40:SOF_DCV,SOF_40,SOF_DCV
SOF_41:SOF_DCV,SOF_41,SOF_DCV
SOF_44:SOF_LDV,SOF_44,SOF_LDV
SOF_46:SOF_DCV,SOF_46,SOF_DCV
SOF_47:SOF_mono,SOF_47,SOF_mono
SOF_48:SOF_mono,SOF_48,SOF_mono
SOF_49:SOF_LDV,SOF_49,SOF_LDV
SOF_4:SOF_mono,SOF_4,SOF_mono
SOF_50:SOF_LDV,SOF_50,SOF_LDV
SOF_51:SOF_LDV,SOF_51,SOF_LDV
SOF_52:SOF_LDV,SOF_52,SOF_LDV
SOF_54:SOF_DCV,SOF_54,SOF_DCV
SOF_55:SOF_VEL,SOF_55,SOF_VEL
SOF_56:SOF_VEL,SOF_56,SOF_VEL
SOF_57:SOF_VEL,SOF_57,SOF_VEL
SOF_58:SOF_LDV,SOF_58,SOF_LDV
SOF_5:SOF_mono,SOF_5,SOF_mono
SOF_60:SOF_LDV,SOF_60,SOF_LDV
SOF_60:SOF_SIM,SOF_60,SOF_SIM
SOF_61:SOF_mono,SOF_61,SOF_mono
SOF_63:SOF_LDV,SOF_63,SOF_LDV
SOF_67:SOF_LDV,SOF_67,SOF_LDV
SOF_6:SOF_LDV,SOF_6,SOF_LDV
SOF_6:SOF_mono,SOF_6,SOF_mono
SOF_74:SOF_LDV,SOF_74,SOF_LDV
SOF_7:SOF_mono,SOF_7,SOF_mono
SOF_80:SOF_PEG_RBV,SOF_80,SOF_PEG_RBV
SOF_80:SOF_RBV,SOF_80,SOF_RBV
SOF_83:SOF_SIM,SOF_83,SOF_SIM
SOF_84:SOF_DCV,SOF_84,SOF_DCV
SOF_85:SOF_LDV,SOF_85,SOF_LDV
SOF_86:SOF_LDV,SOF_86,SOF_LDV
SOF_87:SOF_SIM,SOF_87,SOF_SIM
SOF_89:SOF_PEG_RBV,SOF_89,SOF_PEG_RBV
SOF_89:SOF_RBV,SOF_89,SOF_RBV
SOF_8:SOF_mono,SOF_8,SOF_mono
SOF_91:SOF_LDV,SOF_91,SOF_LDV
SOF_91:SOF_mono,SOF_91,SOF_mono
SOF_92:SOF_mono,SOF_92,SOF_mono
SOF_93:SOF_PEG_RBV,SOF_93,SOF_PEG_RBV
SOF_93:SOF_RBV,SOF_93,SOF_RBV
SOF_94:SOF_RBV,SOF_94,SOF_RBV
SOF_95:SOF_VEL,SOF_95,SOF_VEL
SOF_96:SOF_LDV,SOF_96,SOF_LDV
SOF_9:SOF_mono,SOF_9,SOF_mono
VEL_100:SOF_VEL,VEL_100,SOF_VEL
VEL_101:SOF_VEL,VEL_101,SOF_VEL
VEL_102:SOF_VEL,VEL_102,SOF_VEL
VEL_103:SOF_VEL,VEL_103,SOF_VEL
VEL_104:SOF_VEL,VEL_104,SOF_VEL
VEL_111:SOF_VEL,VEL_111,SOF_VEL
VEL_112:SOF_VEL_VOX,VEL_112,SOF_VEL_VOX
VEL_113:SOF_VEL,VEL_113,SOF_VEL
VEL_117:SOF_VEL_RBV,VEL_117,SOF_VEL_RBV
VEL_19:SOF_VEL,VEL_19,SOF_VEL
VEL_24:SOF_VEL,VEL_24,SOF_VEL
VEL_25:SOF_VEL,VEL_25,SOF_VEL
VEL_26:SOF_VEL_VOX,VEL_26,SOF_VEL_VOX
VEL_27:SOF_VEL,VEL_27,SOF_VEL
VEL_2:SOF_VEL,VEL_2,SOF_VEL
VEL_32:SOF_VEL,VEL_32,SOF_VEL
VEL_33:SOF_VEL,VEL_33,SOF_VEL
VEL_34:SOF_VEL,VEL_34,SOF_VEL
VEL_36:SOF_VEL_VOX,VEL_36,SOF_VEL_VOX
VEL_45:SOF_VEL,VEL_45,SOF_VEL
VEL_46:SOF_VEL,VEL_46,SOF_VEL
VEL_47:SOF_VEL,VEL_47,SOF_VEL
VEL_49:SOF_VEL,VEL_49,SOF_VEL
VEL_4:SOF_VEL,VEL_4,SOF_VEL
VEL_50:SOF_VEL_VOX,VEL_50,SOF_VEL_VOX
VEL_58:SOF_VEL,VEL_58,SOF_VEL
VEL_5:SOF_VEL,VEL_5,SOF_VEL
VEL_64:SOF_VEL,VEL_64,SOF_VEL
VEL_6:SOF_VEL,VEL_6,SOF_VEL
VEL_82:SOF_VEL,VEL_82,SOF_VEL
VEL_83:SOF_VEL,VEL_83,SOF_VEL
VEL_84:SOF_VEL,VEL_84,SOF_VEL
VEL_85:SOF_VEL,VEL_85,SOF_VEL
VEL_86:SOF_VEL,VEL_86,SOF_VEL
VEL_87:SOF_VEL,VEL_87,SOF_VEL
VEL_88:SOF_VEL,VEL_88,SOF_VEL
VEL_89:SOF_VEL,VEL_89,SOF_VEL
VEL_90:SOF_VEL,VEL_90,SOF_VEL
VEL_91:SOF_VEL,VEL_91,SOF_VEL
VEL_92:SOF_VEL_VOX,VEL_92,SOF_VEL_VOX
VEL_93:SOF_VEL_VOX,VEL_93,SOF_VEL_VOX
VEL_94:SOF_VEL,VEL_94,SOF_VEL
VEL_95:SOF_VEL,VEL_95,SOF_VEL
VEL_96:SOF_VEL,VEL_96,SOF_VEL
VEL_97:SOF_VEL,VEL_97,SOF_VEL
VEL_98:SOF_VEL,VEL_98,SOF_VEL
VEL_99:SOF_VEL,VEL_99,SOF_VEL
VOX_105:SOF_VEL_VOX,VOX_105,SOF_VEL_VOX
VOX_107:SOF_VEL_VOX,VOX_107,SOF_VEL_VOX
VOX_112:SOF_VEL_VOX,VOX_112,SOF_VEL_VOX
VOX_114:SOF_VEL_VOX,VOX_114,SOF_VEL_VOX
VOX_30:SOF_VEL_VOX,VOX_30,SOF_VEL_VOX
VOX_58:SOF_VEL_VOX,VOX_58,SOF_VEL_VOX
VOX_97:SOF_VEL_VOX,VOX_97,SOF_VEL_VOX
