id,resistance_category,display_resistance_category,numeric_resistance_category,any_in_vitro_evidence,in_vitro_max_ec50_midpoint,any_in_vivo_evidence,in_vivo_baseline,in_vivo_treatment_emergent,phdr_alignment_ras_id,phdr_drug_id
NS3:107I:AL_1a:grazoprevir,category_I,I,1,1,0.8,1,1,1,NS3:107I:AL_1a,grazoprevir
NS3:107I:AL_1b:grazoprevir,category_II,II,2,0,,1,0,1,NS3:107I:AL_1b,grazoprevir
NS3:109K:AL_1a:grazoprevir,insignificant,-,4,1,2,0,,,NS3:109K:AL_1a,grazoprevir
NS3:117L+156S:AL_5a:paritaprevir,insignificant,-,4,1,3.7,0,,,NS3:117L+156S:AL_5a,paritaprevir
NS3:122D:AL_1b:voxilaprevir,category_III,III,3,1,11.25,0,,,NS3:122D:AL_1b,voxilaprevir
NS3:122G+155K+170V:AL_1a:voxilaprevir,category_III,III,3,1,5.2,0,,,NS3:122G+155K+170V:AL_1a,voxilaprevir
NS3:122G+155K:AL_1a:voxilaprevir,category_III,III,3,1,6.2,0,,,NS3:122G+155K:AL_1a,voxilaprevir
NS3:122G+168A:AL_1a:grazoprevir,category_II,II,2,0,,1,0,1,NS3:122G+168A:AL_1a,grazoprevir
NS3:122G:AL_1a:grazoprevir,category_II,II,2,0,,1,1,0,NS3:122G:AL_1a,grazoprevir
NS3:122G:AL_1b:grazoprevir,category_II,II,2,0,,1,1,0,NS3:122G:AL_1b,grazoprevir
NS3:122N+155G:AL_1a:grazoprevir,category_II,II,2,0,,1,1,0,NS3:122N+155G:AL_1a,grazoprevir
NS3:122N+168A:AL_5a:voxilaprevir,category_III,III,3,1,11.25,0,,,NS3:122N+168A:AL_5a,voxilaprevir
NS3:122N+168N:AL_1a:grazoprevir,category_II,II,2,0,,1,1,0,NS3:122N+168N:AL_1a,grazoprevir
NS3:122N+168Y:AL_1a:voxilaprevir,category_III,III,3,1,11.25,0,,,NS3:122N+168Y:AL_1a,voxilaprevir
NS3:122N:AL_1a:grazoprevir,category_II,II,2,0,,1,1,0,NS3:122N:AL_1a,grazoprevir
NS3:122R+155N+168E:AL_1a:voxilaprevir,category_III,III,3,1,10.7,0,,,NS3:122R+155N+168E:AL_1a,voxilaprevir
NS3:122R:AL_1a:grazoprevir,insignificant,-,4,1,1.8,0,,,NS3:122R:AL_1a,grazoprevir
NS3:122R:AL_1b:paritaprevir,category_II,II,2,0,,1,1,0,NS3:122R:AL_1b,paritaprevir
NS3:122T+170I:AL_1b:grazoprevir,category_II,II,2,0,,1,1,0,NS3:122T+170I:AL_1b,grazoprevir
NS3:122T:AL_1a:grazoprevir,category_II,II,2,0,,1,0,1,NS3:122T:AL_1a,grazoprevir
NS3:123Q:AL_2a:paritaprevir,insignificant,-,4,1,2.9,0,,,NS3:123Q:AL_2a,paritaprevir
NS3:132I+170I:AL_3:grazoprevir,category_II,II,2,0,,1,1,0,NS3:132I+170I:AL_3,grazoprevir
NS3:132V:AL_2a:paritaprevir,insignificant,-,4,1,2.6,0,,,NS3:132V:AL_2a,paritaprevir
NS3:155C:AL_4a:glecaprevir,insignificant,-,4,1,2.6,0,,,NS3:155C:AL_4a,glecaprevir
NS3:155D:AL_1a:grazoprevir,category_II,II,2,0,,1,1,0,NS3:155D:AL_1a,grazoprevir
NS3:155G:AL_1a:paritaprevir,category_III,III,3,1,14,0,,,NS3:155G:AL_1a,paritaprevir
NS3:155G:AL_1a:voxilaprevir,insignificant,-,4,1,4.6,0,,,NS3:155G:AL_1a,voxilaprevir
NS3:155G:AL_1b:grazoprevir,category_III,III,3,1,28,0,,,NS3:155G:AL_1b,grazoprevir
NS3:155I:AL_1a:grazoprevir,category_II,II,2,0,,1,0,1,NS3:155I:AL_1a,grazoprevir
NS3:155K+168A:AL_1a:grazoprevir,category_III,III,3,1,6,0,,,NS3:155K+168A:AL_1a,grazoprevir
NS3:155K+168R:AL_3a:paritaprevir,insignificant,-,4,1,2.6,0,,,NS3:155K+168R:AL_3a,paritaprevir
NS3:155K+168V:AL_1a:paritaprevir,category_II,II,2,0,,1,0,1,NS3:155K+168V:AL_1a,paritaprevir
NS3:155K:AL_1a:grazoprevir,category_I,I,1,1,4.5,1,1,1,NS3:155K:AL_1a,grazoprevir
NS3:155K:AL_1a:paritaprevir,category_I,I,1,1,95,1,1,1,NS3:155K:AL_1a,paritaprevir
NS3:155K:AL_1b:grazoprevir,insignificant,-,4,1,2.2,0,,,NS3:155K:AL_1b,grazoprevir
NS3:155K:AL_1b:paritaprevir,category_III,III,3,1,40,0,,,NS3:155K:AL_1b,paritaprevir
NS3:155K:AL_2a:paritaprevir,insignificant,-,4,1,4,0,,,NS3:155K:AL_2a,paritaprevir
NS3:155K:AL_4a:paritaprevir,category_III,III,3,1,45,0,,,NS3:155K:AL_4a,paritaprevir
NS3:155K:AL_5a:paritaprevir,category_III,III,3,1,46,0,,,NS3:155K:AL_5a,paritaprevir
NS3:155K:AL_6a:paritaprevir,category_III,III,3,1,7,0,,,NS3:155K:AL_6a,paritaprevir
NS3:155Q:AL_1a:paritaprevir,category_III,III,3,1,30,0,,,NS3:155Q:AL_1a,paritaprevir
NS3:155S:AL_1a:paritaprevir,category_III,III,3,1,7,0,,,NS3:155S:AL_1a,paritaprevir
NS3:155T+156V:AL_1a:glecaprevir,category_II,II,2,0,,1,0,1,NS3:155T+156V:AL_1a,glecaprevir
NS3:155T+168N:AL_1a:grazoprevir,category_II,II,2,0,,1,0,1,NS3:155T+168N:AL_1a,grazoprevir
NS3:155T+168N:AL_1a:voxilaprevir,category_II,II,2,1,60,0,,,NS3:155T+168N:AL_1a,voxilaprevir
NS3:155T:AL_1a:grazoprevir,category_II,II,2,0,,1,1,0,NS3:155T:AL_1a,grazoprevir
NS3:155T:AL_1a:paritaprevir,category_III,III,3,1,7,0,,,NS3:155T:AL_1a,paritaprevir
NS3:155T:AL_6a:paritaprevir,insignificant,-,4,1,2,0,,,NS3:155T:AL_6a,paritaprevir
NS3:155W:AL_1a:paritaprevir,category_III,III,3,1,11,0,,,NS3:155W:AL_1a,paritaprevir
NS3:155W:AL_1a:voxilaprevir,category_II,II,2,1,56,0,,,NS3:155W:AL_1a,voxilaprevir
NS3:155W:AL_1b:voxilaprevir,category_II,II,2,1,95.9,0,,,NS3:155W:AL_1b,voxilaprevir
NS3:156G+170I:AL_3:grazoprevir,category_II,II,2,0,,1,0,1,NS3:156G+170I:AL_3,grazoprevir
NS3:156G:AL_1a:glecaprevir,category_II,II,2,0,,1,0,1,NS3:156G:AL_1a,glecaprevir
NS3:156G:AL_1a:grazoprevir,category_II,II,2,1,4.3,1,0,1,NS3:156G:AL_1a,grazoprevir
NS3:156G:AL_1a:paritaprevir,insignificant,-,4,1,4,0,,,NS3:156G:AL_1a,paritaprevir
NS3:156G:AL_1b:grazoprevir,category_II,II,2,0,,1,0,1,NS3:156G:AL_1b,grazoprevir
NS3:156G:AL_2a:paritaprevir,insignificant,-,4,1,2,0,,,NS3:156G:AL_2a,paritaprevir
NS3:156G:AL_3:glecaprevir,category_II,II,2,0,,1,0,1,NS3:156G:AL_3,glecaprevir
NS3:156G:AL_3:grazoprevir,category_II,II,2,0,,1,0,1,NS3:156G:AL_3,grazoprevir
NS3:156G:AL_3a:glecaprevir,category_II,II,2,1,1654,0,,,NS3:156G:AL_3a,glecaprevir
NS3:156G:AL_3a:paritaprevir,insignificant,-,4,1,3.5,0,,,NS3:156G:AL_3a,paritaprevir
NS3:156G:AL_4:grazoprevir,category_II,II,2,0,,1,0,1,NS3:156G:AL_4,grazoprevir
NS3:156G:AL_4a:paritaprevir,insignificant,-,4,1,2,0,,,NS3:156G:AL_4a,paritaprevir
NS3:156L:AL_1a:grazoprevir,category_II,II,2,0,,1,0,1,NS3:156L:AL_1a,grazoprevir
NS3:156L:AL_1a:voxilaprevir,category_II,II,2,1,100,0,,,NS3:156L:AL_1a,voxilaprevir
NS3:156L:AL_2a:paritaprevir,category_II,II,2,1,54.5,0,,,NS3:156L:AL_2a,paritaprevir
NS3:156L:AL_2a:voxilaprevir,category_II,II,2,1,100,0,,,NS3:156L:AL_2a,voxilaprevir
NS3:156L:AL_3a:paritaprevir,category_III,III,3,1,19,0,,,NS3:156L:AL_3a,paritaprevir
NS3:156L:AL_4a:voxilaprevir,category_II,II,2,1,100,0,,,NS3:156L:AL_4a,voxilaprevir
NS3:156M+168A+170I:AL_4a:grazoprevir,category_II,II,2,0,,1,0,1,NS3:156M+168A+170I:AL_4a,grazoprevir
NS3:156M+168G+170I:AL_4a:grazoprevir,category_II,II,2,0,,1,0,1,NS3:156M+168G+170I:AL_4a,grazoprevir
NS3:156M:AL_1a:grazoprevir,category_II,II,2,0,,1,0,1,NS3:156M:AL_1a,grazoprevir
NS3:156M:AL_1b:grazoprevir,category_II,II,2,0,,1,0,1,NS3:156M:AL_1b,grazoprevir
NS3:156M:AL_4:grazoprevir,category_II,II,2,0,,1,0,1,NS3:156M:AL_4,grazoprevir
NS3:156S+177V:AL_2a:paritaprevir,insignificant,-,4,1,2,0,,,NS3:156S+177V:AL_2a,paritaprevir
NS3:156S:AL_1a:grazoprevir,insignificant,-,4,1,2.5,0,,,NS3:156S:AL_1a,grazoprevir
NS3:156S:AL_1a:paritaprevir,category_III,III,3,1,9,0,,,NS3:156S:AL_1a,paritaprevir
NS3:156S:AL_1b:voxilaprevir,category_III,III,3,1,11.25,0,,,NS3:156S:AL_1b,voxilaprevir
NS3:156S:AL_2a:paritaprevir,insignificant,-,4,1,2.7,0,,,NS3:156S:AL_2a,paritaprevir
NS3:156S:AL_3a:paritaprevir,insignificant,-,4,1,2,0,,,NS3:156S:AL_3a,paritaprevir
NS3:156S:AL_4a:paritaprevir,category_III,III,3,1,8,0,,,NS3:156S:AL_4a,paritaprevir
NS3:156S:AL_5a:paritaprevir,category_III,III,3,1,6,0,,,NS3:156S:AL_5a,paritaprevir
NS3:156T+158A:AL_1a:grazoprevir,category_II,II,2,0,,1,0,1,NS3:156T+158A:AL_1a,grazoprevir
NS3:156T+168A+170I:AL_4a:grazoprevir,category_II,II,2,0,,1,0,1,NS3:156T+168A+170I:AL_4a,grazoprevir
NS3:156T+168G+170I:AL_4a:grazoprevir,category_II,II,2,0,,1,0,1,NS3:156T+168G+170I:AL_4a,grazoprevir
NS3:156T+168N:AL_1a:grazoprevir,category_II,II,2,0,,1,0,1,NS3:156T+168N:AL_1a,grazoprevir
NS3:156T+170I:AL_1a:grazoprevir,category_II,II,2,0,,1,0,1,NS3:156T+170I:AL_1a,grazoprevir
NS3:156T:AL_1a:glecaprevir,category_I,I,1,1,1361,1,0,1,NS3:156T:AL_1a,glecaprevir
NS3:156T:AL_1a:grazoprevir,category_II,II,2,0,,1,0,1,NS3:156T:AL_1a,grazoprevir
NS3:156T:AL_1a:paritaprevir,category_II,II,2,1,184.5,0,,,NS3:156T:AL_1a,paritaprevir
NS3:156T:AL_1a:voxilaprevir,category_II,II,2,1,581,0,,,NS3:156T:AL_1a,voxilaprevir
NS3:156T:AL_1b:glecaprevir,category_II,II,2,1,640,0,,,NS3:156T:AL_1b,glecaprevir
NS3:156T:AL_1b:grazoprevir,category_I,I,1,1,208,1,0,1,NS3:156T:AL_1b,grazoprevir
NS3:156T:AL_1b:paritaprevir,category_III,III,3,1,7,0,,,NS3:156T:AL_1b,paritaprevir
NS3:156T:AL_1b:voxilaprevir,category_II,II,2,1,552.8,0,,,NS3:156T:AL_1b,voxilaprevir
NS3:156T:AL_2a:glecaprevir,category_II,II,2,1,216,0,,,NS3:156T:AL_2a,glecaprevir
NS3:156T:AL_2a:voxilaprevir,category_II,II,2,1,60,0,,,NS3:156T:AL_2a,voxilaprevir
NS3:156T:AL_2b:glecaprevir,category_II,II,2,1,148,0,,,NS3:156T:AL_2b,glecaprevir
NS3:156T:AL_3a:paritaprevir,category_III,III,3,1,11,0,,,NS3:156T:AL_3a,paritaprevir
NS3:156T:AL_3a:voxilaprevir,category_II,II,2,1,100,0,,,NS3:156T:AL_3a,voxilaprevir
NS3:156T:AL_4:grazoprevir,category_II,II,2,0,,1,0,1,NS3:156T:AL_4,grazoprevir
NS3:156T:AL_4a:glecaprevir,category_II,II,2,1,1436,0,,,NS3:156T:AL_4a,glecaprevir
NS3:156T:AL_4a:voxilaprevir,category_II,II,2,1,100,0,,,NS3:156T:AL_4a,voxilaprevir
NS3:156V+168A+170I:AL_4a:grazoprevir,category_II,II,2,0,,1,0,1,NS3:156V+168A+170I:AL_4a,grazoprevir
NS3:156V+168G+170I:AL_4a:grazoprevir,category_II,II,2,0,,1,0,1,NS3:156V+168G+170I:AL_4a,grazoprevir
NS3:156V+168V:AL_1b:glecaprevir,category_II,II,2,1,5244,0,,,NS3:156V+168V:AL_1b,glecaprevir
NS3:156V:AL_1a:glecaprevir,category_II,II,2,0,,1,0,1,NS3:156V:AL_1a,glecaprevir
NS3:156V:AL_1a:grazoprevir,category_II,II,2,0,,1,0,1,NS3:156V:AL_1a,grazoprevir
NS3:156V:AL_1b:glecaprevir,category_II,II,2,1,1786,0,,,NS3:156V:AL_1b,glecaprevir
NS3:156V:AL_1b:grazoprevir,category_II,II,2,0,,1,0,1,NS3:156V:AL_1b,grazoprevir
NS3:156V:AL_1b:voxilaprevir,category_II,II,2,1,458.2,0,,,NS3:156V:AL_1b,voxilaprevir
NS3:156V:AL_2a:glecaprevir,category_II,II,2,1,1143,0,,,NS3:156V:AL_2a,glecaprevir
NS3:156V:AL_2a:paritaprevir,category_II,II,2,1,73,0,,,NS3:156V:AL_2a,paritaprevir
NS3:156V:AL_2a:voxilaprevir,category_II,II,2,1,100,0,,,NS3:156V:AL_2a,voxilaprevir
NS3:156V:AL_2b:glecaprevir,category_II,II,2,1,1455,0,,,NS3:156V:AL_2b,glecaprevir
NS3:156V:AL_3a:paritaprevir,category_III,III,3,1,11,0,,,NS3:156V:AL_3a,paritaprevir
NS3:156V:AL_3a:voxilaprevir,category_II,II,2,1,100,0,,,NS3:156V:AL_3a,voxilaprevir
NS3:156V:AL_4:grazoprevir,category_II,II,2,0,,1,0,1,NS3:156V:AL_4,grazoprevir
NS3:156V:AL_4a:glecaprevir,category_II,II,2,1,3106,0,,,NS3:156V:AL_4a,glecaprevir
NS3:156V:AL_4a:voxilaprevir,category_II,II,2,1,100,0,,,NS3:156V:AL_4a,voxilaprevir
NS3:158A:AL_1a:grazoprevir,category_II,II,2,0,,1,0,1,NS3:158A:AL_1a,grazoprevir
NS3:158I:AL_6a:paritaprevir,insignificant,-,4,1,2.9,0,,,NS3:158I:AL_6a,paritaprevir
NS3:166S+168R:AL_3:glecaprevir,category_II,II,2,0,,1,1,0,NS3:166S+168R:AL_3,glecaprevir
NS3:166S:AL_3a:glecaprevir,category_II,II,2,0,,1,1,0,NS3:166S:AL_3a,glecaprevir
NS3:166S:AL_3a:paritaprevir,category_II,II,2,0,,1,1,0,NS3:166S:AL_3a,paritaprevir
NS3:166T:AL_3a:glecaprevir,category_II,II,2,1,4.7,1,1,0,NS3:166T:AL_3a,glecaprevir
NS3:168A+122N:AL_6a:voxilaprevir,category_III,III,3,1,11.25,0,,,NS3:168A+122N:AL_6a,voxilaprevir
NS3:168A+170T:AL_1a:voxilaprevir,category_III,III,3,1,11.25,0,,,NS3:168A+170T:AL_1a,voxilaprevir
NS3:168A:AL_1a:glecaprevir,category_II,II,2,1,4,1,1,0,NS3:168A:AL_1a,glecaprevir
NS3:168A:AL_1a:grazoprevir,category_I,I,1,1,273,1,0,1,NS3:168A:AL_1a,grazoprevir
NS3:168A:AL_1a:paritaprevir,category_I,I,1,1,951,1,1,0,NS3:168A:AL_1a,paritaprevir
NS3:168A:AL_1a:voxilaprevir,insignificant,-,4,1,3.4,0,,,NS3:168A:AL_1a,voxilaprevir
NS3:168A:AL_1b:grazoprevir,category_III,III,3,1,13.6,0,,,NS3:168A:AL_1b,grazoprevir
NS3:168A:AL_1b:paritaprevir,category_III,III,3,1,27,0,,,NS3:168A:AL_1b,paritaprevir
NS3:168A:AL_2a:paritaprevir,category_III,III,3,1,19,0,,,NS3:168A:AL_2a,paritaprevir
NS3:168A:AL_4:grazoprevir,category_I,I,1,1,137,1,0,1,NS3:168A:AL_4,grazoprevir
NS3:168A:AL_5a:paritaprevir,category_II,II,2,1,223,0,,,NS3:168A:AL_5a,paritaprevir
NS3:168A:AL_5a:voxilaprevir,category_III,III,3,1,11.25,0,,,NS3:168A:AL_5a,voxilaprevir
NS3:168A:AL_6a:glecaprevir,category_II,II,2,1,81,0,,,NS3:168A:AL_6a,glecaprevir
NS3:168A:AL_6a:paritaprevir,category_II,II,2,1,109,0,,,NS3:168A:AL_6a,paritaprevir
NS3:168A:AL_6a:voxilaprevir,category_III,III,3,1,11.25,0,,,NS3:168A:AL_6a,voxilaprevir
NS3:168C:AL_1a:grazoprevir,category_II,II,2,0,,1,0,1,NS3:168C:AL_1a,grazoprevir
NS3:168C:AL_4:grazoprevir,category_II,II,2,0,,1,0,1,NS3:168C:AL_4,grazoprevir
NS3:168E:AL_1a:grazoprevir,category_I,I,1,1,37,1,1,1,NS3:168E:AL_1a,grazoprevir
NS3:168E:AL_1a:paritaprevir,category_III,III,3,1,14,0,,,NS3:168E:AL_1a,paritaprevir
NS3:168E:AL_1b:grazoprevir,insignificant,-,4,1,3.2,0,,,NS3:168E:AL_1b,grazoprevir
NS3:168E:AL_1b:paritaprevir,insignificant,-,4,1,4,0,,,NS3:168E:AL_1b,paritaprevir
NS3:168E:AL_2a:glecaprevir,insignificant,-,4,1,3.3,0,,,NS3:168E:AL_2a,glecaprevir
NS3:168E:AL_2a:paritaprevir,category_III,III,3,1,6,0,,,NS3:168E:AL_2a,paritaprevir
NS3:168E:AL_2b:glecaprevir,insignificant,-,4,1,2.1,0,,,NS3:168E:AL_2b,glecaprevir
NS3:168E:AL_4:grazoprevir,category_I,I,1,0,,1,1,1,NS3:168E:AL_4,grazoprevir
NS3:168E:AL_4a:voxilaprevir,category_III,III,3,1,11.25,0,,,NS3:168E:AL_4a,voxilaprevir
NS3:168E:AL_5a:glecaprevir,insignificant,-,4,1,4.2,0,,,NS3:168E:AL_5a,glecaprevir
NS3:168E:AL_5a:paritaprevir,category_III,III,3,1,15,0,,,NS3:168E:AL_5a,paritaprevir
NS3:168E:AL_5a:voxilaprevir,category_II,II,2,0,,1,1,0,NS3:168E:AL_5a,voxilaprevir
NS3:168E:AL_6a:paritaprevir,insignificant,-,4,1,3,0,,,NS3:168E:AL_6a,paritaprevir
NS3:168F:AL_1a:voxilaprevir,category_III,III,3,1,11.25,0,,,NS3:168F:AL_1a,voxilaprevir
NS3:168G:AL_1a:grazoprevir,category_I,I,1,1,34,1,0,1,NS3:168G:AL_1a,grazoprevir
NS3:168G:AL_1b:grazoprevir,category_III,III,3,1,11,0,,,NS3:168G:AL_1b,grazoprevir
NS3:168G:AL_2a:paritaprevir,category_III,III,3,1,5,0,,,NS3:168G:AL_2a,paritaprevir
NS3:168G:AL_4:grazoprevir,category_I,I,1,1,10,1,0,1,NS3:168G:AL_4,grazoprevir
NS3:168G:AL_6a:paritaprevir,category_III,III,3,1,22,0,,,NS3:168G:AL_6a,paritaprevir
NS3:168H+179T:AL_6a:glecaprevir,category_II,II,2,1,153,0,,,NS3:168H+179T:AL_6a,glecaprevir
NS3:168H+41R:AL_6a:voxilaprevir,category_II,II,2,1,60,0,,,NS3:168H+41R:AL_6a,voxilaprevir
NS3:168H:AL_1a:paritaprevir,category_II,II,2,1,62,0,,,NS3:168H:AL_1a,paritaprevir
NS3:168H:AL_1b:paritaprevir,category_II,II,2,1,76,0,,,NS3:168H:AL_1b,paritaprevir
NS3:168H:AL_2a:paritaprevir,category_III,III,3,1,23,0,,,NS3:168H:AL_2a,paritaprevir
NS3:168H:AL_3a:paritaprevir,insignificant,-,4,1,2,0,,,NS3:168H:AL_3a,paritaprevir
NS3:168H:AL_4:paritaprevir,category_II,II,2,0,,1,0,1,NS3:168H:AL_4,paritaprevir
NS3:168H:AL_4a:glecaprevir,category_III,III,3,1,22,0,,,NS3:168H:AL_4a,glecaprevir
NS3:168H:AL_5a:glecaprevir,category_III,III,3,1,38,0,,,NS3:168H:AL_5a,glecaprevir
NS3:168H:AL_5a:paritaprevir,category_II,II,2,1,114,0,,,NS3:168H:AL_5a,paritaprevir
NS3:168H:AL_5a:voxilaprevir,category_III,III,3,1,11.25,0,,,NS3:168H:AL_5a,voxilaprevir
NS3:168H:AL_6a:glecaprevir,category_II,II,2,1,146,0,,,NS3:168H:AL_6a,glecaprevir
NS3:168H:AL_6a:voxilaprevir,category_III,III,3,1,11.25,0,,,NS3:168H:AL_6a,voxilaprevir
NS3:168I:AL_1a:voxilaprevir,category_III,III,3,1,11.25,0,,,NS3:168I:AL_1a,voxilaprevir
NS3:168K:AL_1a:voxilaprevir,category_II,II,2,1,60,0,,,NS3:168K:AL_1a,voxilaprevir
NS3:168K:AL_1b:grazoprevir,category_II,II,2,1,120,0,,,NS3:168K:AL_1b,grazoprevir
NS3:168K:AL_5a:voxilaprevir,category_III,III,3,1,11.25,0,,,NS3:168K:AL_5a,voxilaprevir
NS3:168L:AL_1a:voxilaprevir,category_II,II,2,1,60,0,,,NS3:168L:AL_1a,voxilaprevir
NS3:168L:AL_3:glecaprevir,category_II,II,2,0,,1,0,1,NS3:168L:AL_3,glecaprevir
NS3:168L:AL_3a:glecaprevir,category_III,III,3,1,13,0,,,NS3:168L:AL_3a,glecaprevir
NS3:168N:AL_1a:grazoprevir,category_I,I,1,1,2.3,1,1,1,NS3:168N:AL_1a,grazoprevir
NS3:168N:AL_1a:paritaprevir,category_III,III,3,1,13,0,,,NS3:168N:AL_1a,paritaprevir
NS3:168N:AL_2a:paritaprevir,insignificant,-,4,1,3,0,,,NS3:168N:AL_2a,paritaprevir
NS3:168N:AL_4:grazoprevir,category_II,II,2,0,,1,0,1,NS3:168N:AL_4,grazoprevir
NS3:168N:AL_5a:paritaprevir,insignificant,-,4,1,4,0,,,NS3:168N:AL_5a,paritaprevir
NS3:168N:AL_6a:paritaprevir,insignificant,-,4,1,3,0,,,NS3:168N:AL_6a,paritaprevir
NS3:168R+170I:AL_3:grazoprevir,category_II,II,2,0,,1,1,0,NS3:168R+170I:AL_3,grazoprevir
NS3:168R:AL_1a:voxilaprevir,category_II,II,2,1,60,0,,,NS3:168R:AL_1a,voxilaprevir
NS3:168R:AL_3:glecaprevir,category_I,I,1,0,,1,1,1,NS3:168R:AL_3,glecaprevir
NS3:168R:AL_3a:glecaprevir,category_II,II,2,1,54,0,,,NS3:168R:AL_3a,glecaprevir
NS3:168R:AL_3a:paritaprevir,category_III,III,3,1,15.2,0,,,NS3:168R:AL_3a,paritaprevir
NS3:168R:AL_5a:voxilaprevir,category_III,III,3,1,11.25,0,,,NS3:168R:AL_5a,voxilaprevir
NS3:168T:AL_1a:voxilaprevir,category_III,III,3,1,11.25,0,,,NS3:168T:AL_1a,voxilaprevir
NS3:168T:AL_1b:paritaprevir,category_III,III,3,1,49,0,,,NS3:168T:AL_1b,paritaprevir
NS3:168T:AL_4a:voxilaprevir,category_III,III,3,1,11.25,0,,,NS3:168T:AL_4a,voxilaprevir
NS3:168V:AL_1a:glecaprevir,insignificant,-,4,1,4.4,0,,,NS3:168V:AL_1a,glecaprevir
NS3:168V:AL_1a:grazoprevir,category_I,I,1,1,153,1,0,1,NS3:168V:AL_1a,grazoprevir
NS3:168V:AL_1a:paritaprevir,category_I,I,1,1,96,1,0,1,NS3:168V:AL_1a,paritaprevir
NS3:168V:AL_1a:voxilaprevir,insignificant,-,4,1,4.2,0,,,NS3:168V:AL_1a,voxilaprevir
NS3:168V:AL_1b:glecaprevir,insignificant,-,4,1,3.2,0,,,NS3:168V:AL_1b,glecaprevir
NS3:168V:AL_1b:paritaprevir,category_I,I,1,1,159,1,0,1,NS3:168V:AL_1b,paritaprevir
NS3:168V:AL_1b:voxilaprevir,insignificant,-,4,1,2.6,0,,,NS3:168V:AL_1b,voxilaprevir
NS3:168V:AL_2:paritaprevir,category_II,II,2,0,,1,0,1,NS3:168V:AL_2,paritaprevir
NS3:168V:AL_2a:glecaprevir,insignificant,-,4,1,2,0,,,NS3:168V:AL_2a,glecaprevir
NS3:168V:AL_2a:paritaprevir,category_I,I,1,1,29,1,0,1,NS3:168V:AL_2a,paritaprevir
NS3:168V:AL_2b:glecaprevir,insignificant,-,4,1,2.9,0,,,NS3:168V:AL_2b,glecaprevir
NS3:168V:AL_3a:paritaprevir,insignificant,-,4,1,4,0,,,NS3:168V:AL_3a,paritaprevir
NS3:168V:AL_4:grazoprevir,category_I,I,1,1,47,1,0,1,NS3:168V:AL_4,grazoprevir
NS3:168V:AL_4:paritaprevir,category_I,I,1,1,100,1,0,1,NS3:168V:AL_4,paritaprevir
NS3:168V:AL_4a:glecaprevir,category_III,III,3,1,9.7,0,,,NS3:168V:AL_4a,glecaprevir
NS3:168V:AL_4a:paritaprevir,category_II,II,2,1,313,0,,,NS3:168V:AL_4a,paritaprevir
NS3:168V:AL_4a:voxilaprevir,category_III,III,3,1,11.25,0,,,NS3:168V:AL_4a,voxilaprevir
NS3:168V:AL_4d:paritaprevir,category_I,I,1,1,313,1,0,1,NS3:168V:AL_4d,paritaprevir
NS3:168V:AL_5a:paritaprevir,category_II,II,2,1,254,0,,,NS3:168V:AL_5a,paritaprevir
NS3:168V:AL_6a:glecaprevir,category_III,III,3,1,38,0,,,NS3:168V:AL_6a,glecaprevir
NS3:168V:AL_6a:paritaprevir,category_II,II,2,1,165,0,,,NS3:168V:AL_6a,paritaprevir
NS3:168Y+41R:AL_6a:voxilaprevir,category_III,III,3,1,11.25,0,,,NS3:168Y+41R:AL_6a,voxilaprevir
NS3:168Y:AL_1a:grazoprevir,category_I,I,1,1,27,1,0,1,NS3:168Y:AL_1a,grazoprevir
NS3:168Y:AL_1a:paritaprevir,category_I,I,1,1,219,1,0,1,NS3:168Y:AL_1a,paritaprevir
NS3:168Y:AL_1b:paritaprevir,category_II,II,2,1,337,0,,,NS3:168Y:AL_1b,paritaprevir
NS3:168Y:AL_1b:voxilaprevir,category_III,III,3,1,11.25,0,,,NS3:168Y:AL_1b,voxilaprevir
NS3:168Y:AL_2:paritaprevir,category_II,II,2,0,,1,0,1,NS3:168Y:AL_2,paritaprevir
NS3:168Y:AL_4:grazoprevir,category_II,II,2,0,,1,0,1,NS3:168Y:AL_4,grazoprevir
NS3:168Y:AL_5a:voxilaprevir,category_III,III,3,1,11.25,0,,,NS3:168Y:AL_5a,voxilaprevir
NS3:170A:AL_1b:voxilaprevir,category_III,III,3,1,5.7,0,,,NS3:170A:AL_1b,voxilaprevir
NS3:170I:AL_4:grazoprevir,category_II,II,2,0,,1,0,1,NS3:170I:AL_4,grazoprevir
NS3:170T:AL_1a:grazoprevir,insignificant,-,4,1,2.3,0,,,NS3:170T:AL_1a,grazoprevir
NS3:170T:AL_1b:grazoprevir,insignificant,-,4,1,1,0,,,NS3:170T:AL_1b,grazoprevir
NS3:170V:AL_1a:grazoprevir,category_II,II,2,0,,1,1,0,NS3:170V:AL_1a,grazoprevir
NS3:175M:AL_3a:voxilaprevir,category_III,III,3,1,11.25,0,,,NS3:175M:AL_3a,voxilaprevir
NS3:177V:AL_2a:paritaprevir,insignificant,-,4,1,2,0,,,NS3:177V:AL_2a,paritaprevir
NS3:18V+155K:AL_5a:paritaprevir,category_III,III,3,1,14.1,0,,,NS3:18V+155K:AL_5a,paritaprevir
NS3:30V+156S:AL_5a:paritaprevir,category_III,III,3,1,5.7,0,,,NS3:30V+156S:AL_5a,paritaprevir
NS3:36A+155G+168G:AL_1a:grazoprevir,category_II,II,2,0,,1,0,1,NS3:36A+155G+168G:AL_1a,grazoprevir
NS3:36A+155K:AL_1a:paritaprevir,category_II,II,2,0,,1,0,1,NS3:36A+155K:AL_1a,paritaprevir
NS3:36A+156T:AL_3:grazoprevir,category_II,II,2,0,,1,1,0,NS3:36A+156T:AL_3,grazoprevir
NS3:36A+168A:AL_6a:voxilaprevir,category_III,III,3,1,11.25,0,,,NS3:36A+168A:AL_6a,voxilaprevir
NS3:36A+41R:AL_6a:voxilaprevir,category_III,III,3,1,11.25,0,,,NS3:36A+41R:AL_6a,voxilaprevir
NS3:36A+80R+155K:AL_1a:grazoprevir,category_II,II,2,0,,1,1,0,NS3:36A+80R+155K:AL_1a,grazoprevir
NS3:36A:AL_1a:grazoprevir,insignificant,-,4,1,1.7,0,,,NS3:36A:AL_1a,grazoprevir
NS3:36A:AL_1a:paritaprevir,insignificant,-,4,1,3,0,,,NS3:36A:AL_1a,paritaprevir
NS3:36A:AL_1a:voxilaprevir,insignificant,-,4,1,2,0,,,NS3:36A:AL_1a,voxilaprevir
NS3:36A:AL_1b:grazoprevir,insignificant,-,4,1,2,0,,,NS3:36A:AL_1b,grazoprevir
NS3:36A:AL_1b:voxilaprevir,insignificant,-,4,1,4.3,0,,,NS3:36A:AL_1b,voxilaprevir
NS3:36A:AL_6a:paritaprevir,insignificant,-,4,1,3,0,,,NS3:36A:AL_6a,paritaprevir
NS3:36G:AL_1a:voxilaprevir,category_III,III,3,1,11.25,0,,,NS3:36G:AL_1a,voxilaprevir
NS3:36L+155K+156T+158A+168N:AL_1a:grazoprevir,category_II,II,2,0,,1,0,1,NS3:36L+155K+156T+158A+168N:AL_1a,grazoprevir
NS3:36L+155K+156T+168N:AL_1a:grazoprevir,category_II,II,2,0,,1,0,1,NS3:36L+155K+156T+168N:AL_1a,grazoprevir
NS3:36L+155K:AL_1a:grazoprevir,category_I,I,1,0,,1,1,1,NS3:36L+155K:AL_1a,grazoprevir
NS3:36L+54S:AL_1a:voxilaprevir,category_III,III,3,1,11.25,0,,,NS3:36L+54S:AL_1a,voxilaprevir
NS3:36L+80K+122C:AL_1a:grazoprevir,category_II,II,2,0,,1,1,0,NS3:36L+80K+122C:AL_1a,grazoprevir
NS3:36L+80K+155S:AL_1a:grazoprevir,category_I,I,1,1,51,1,0,1,NS3:36L+80K+155S:AL_1a,grazoprevir
NS3:36L+80K+168A:AL_1a:grazoprevir,category_II,II,2,0,,1,0,1,NS3:36L+80K+168A:AL_1a,grazoprevir
NS3:36L+80K+168G:AL_1a:grazoprevir,category_II,II,2,0,,1,1,0,NS3:36L+80K+168G:AL_1a,grazoprevir
NS3:36L+80K:AL_1a:grazoprevir,category_II,II,2,1,1.8,1,1,0,NS3:36L+80K:AL_1a,grazoprevir
NS3:36L+80K:AL_1a:voxilaprevir,category_II,II,2,1,3.8,1,1,0,NS3:36L+80K:AL_1a,voxilaprevir
NS3:36L:AL_1a:grazoprevir,category_I,I,1,1,1.7,1,1,1,NS3:36L:AL_1a,grazoprevir
NS3:36L:AL_1a:paritaprevir,insignificant,-,4,1,2,0,,,NS3:36L:AL_1a,paritaprevir
NS3:36L:AL_1a:voxilaprevir,insignificant,-,4,1,2.1,0,,,NS3:36L:AL_1a,voxilaprevir
NS3:36L:AL_1b:grazoprevir,insignificant,-,4,1,1,0,,,NS3:36L:AL_1b,grazoprevir
NS3:36M+122N:AL_1a:voxilaprevir,category_III,III,3,1,11.25,0,,,NS3:36M+122N:AL_1a,voxilaprevir
NS3:36M+155G+168G:AL_1a:grazoprevir,category_II,II,2,0,,1,0,1,NS3:36M+155G+168G:AL_1a,grazoprevir
NS3:36M+155K+170V:AL_1a:voxilaprevir,insignificant,-,4,1,3.6,0,,,NS3:36M+155K+170V:AL_1a,voxilaprevir
NS3:36M+155K:AL_1a:glecaprevir,category_II,II,2,0,,1,1,0,NS3:36M+155K:AL_1a,glecaprevir
NS3:36M+155K:AL_1a:grazoprevir,category_III,III,3,1,8.8,0,,,NS3:36M+155K:AL_1a,grazoprevir
NS3:36M+155K:AL_1a:paritaprevir,category_I,I,1,1,79,1,0,1,NS3:36M+155K:AL_1a,paritaprevir
NS3:36M+156S:AL_1b:voxilaprevir,category_III,III,3,1,11.25,0,,,NS3:36M+156S:AL_1b,voxilaprevir
NS3:36M+41R+168G:AL_1a:voxilaprevir,category_III,III,3,1,11.25,0,,,NS3:36M+41R+168G:AL_1a,voxilaprevir
NS3:36M+41R:AL_1a:voxilaprevir,category_III,III,3,1,11.25,0,,,NS3:36M+41R:AL_1a,voxilaprevir
NS3:36M+80K+107I:AL_1a:grazoprevir,category_II,II,2,0,,1,0,1,NS3:36M+80K+107I:AL_1a,grazoprevir
NS3:36M+80K+122G+168A:AL_1a:grazoprevir,category_II,II,2,0,,1,0,1,NS3:36M+80K+122G+168A:AL_1a,grazoprevir
NS3:36M+80K:AL_1a:grazoprevir,category_II,II,2,0,,1,1,0,NS3:36M+80K:AL_1a,grazoprevir
NS3:36M+80K:AL_1a:voxilaprevir,category_III,III,3,1,11.25,0,,,NS3:36M+80K:AL_1a,voxilaprevir
NS3:36M:AL_1a:glecaprevir,category_II,II,2,0,,1,0,1,NS3:36M:AL_1a,glecaprevir
NS3:36M:AL_1a:grazoprevir,category_I,I,1,1,1,1,1,1,NS3:36M:AL_1a,grazoprevir
NS3:36M:AL_1a:paritaprevir,insignificant,-,4,1,2,0,,,NS3:36M:AL_1a,paritaprevir
NS3:36M:AL_1b:grazoprevir,insignificant,-,4,1,1.8,0,,,NS3:36M:AL_1b,grazoprevir
NS3:36M:AL_1b:voxilaprevir,insignificant,-,4,1,3.4,0,,,NS3:36M:AL_1b,voxilaprevir
NS3:41H+80K+122G:AL_1a:voxilaprevir,insignificant,-,4,1,2,0,,,NS3:41H+80K+122G:AL_1a,voxilaprevir
NS3:41K+43L+80K+168Y:AL_1a:voxilaprevir,category_II,II,2,1,232.7,0,,,NS3:41K+43L+80K+168Y:AL_1a,voxilaprevir
NS3:41K+80K:AL_1a:voxilaprevir,insignificant,-,4,1,2.8,0,,,NS3:41K+80K:AL_1a,voxilaprevir
NS3:41K:AL_3a:voxilaprevir,category_III,III,3,1,11.25,0,,,NS3:41K:AL_3a,voxilaprevir
NS3:41K:AL_6a:voxilaprevir,category_III,III,3,1,11.25,0,,,NS3:41K:AL_6a,voxilaprevir
NS3:41R+156T:AL_1a:voxilaprevir,category_II,II,2,1,100,0,,,NS3:41R+156T:AL_1a,voxilaprevir
NS3:41R+168A:AL_1a:voxilaprevir,category_II,II,2,1,60,0,,,NS3:41R+168A:AL_1a,voxilaprevir
NS3:41R+168A:AL_5a:voxilaprevir,category_II,II,2,1,60,0,,,NS3:41R+168A:AL_5a,voxilaprevir
NS3:41R+168A:AL_6a:voxilaprevir,category_III,III,3,1,11.25,0,,,NS3:41R+168A:AL_6a,voxilaprevir
NS3:41R+168G:AL_1a:voxilaprevir,category_III,III,3,1,11.25,0,,,NS3:41R+168G:AL_1a,voxilaprevir
NS3:41R+168H:AL_1a:voxilaprevir,category_III,III,3,1,11.25,0,,,NS3:41R+168H:AL_1a,voxilaprevir
NS3:41R+168H:AL_5a:voxilaprevir,category_II,II,2,1,60,0,,,NS3:41R+168H:AL_5a,voxilaprevir
NS3:41R+170I:AL_3a:voxilaprevir,category_III,III,3,1,11.25,0,,,NS3:41R+170I:AL_3a,voxilaprevir
NS3:41R+55I:AL_3a:voxilaprevir,category_III,III,3,1,11.25,0,,,NS3:41R+55I:AL_3a,voxilaprevir
NS3:41R:AL_1a:voxilaprevir,category_III,III,3,1,11.25,0,,,NS3:41R:AL_1a,voxilaprevir
NS3:41R:AL_3a:voxilaprevir,insignificant,-,4,1,2.5,0,,,NS3:41R:AL_3a,voxilaprevir
NS3:41R:AL_4a:voxilaprevir,category_III,III,3,1,11.25,0,,,NS3:41R:AL_4a,voxilaprevir
NS3:41R:AL_6a:voxilaprevir,category_III,III,3,1,11.25,0,,,NS3:41R:AL_6a,voxilaprevir
NS3:43C:AL_6a:paritaprevir,insignificant,-,4,1,2.5,0,,,NS3:43C:AL_6a,paritaprevir
NS3:43L+80K:AL_1a:voxilaprevir,insignificant,-,4,1,3.4,0,,,NS3:43L+80K:AL_1a,voxilaprevir
NS3:43L:AL_1a:paritaprevir,category_III,III,3,1,20,0,,,NS3:43L:AL_1a,paritaprevir
NS3:43S:AL_1a:voxilaprevir,category_III,III,3,1,5.1,0,,,NS3:43S:AL_1a,voxilaprevir
NS3:43S:AL_1b:grazoprevir,insignificant,-,4,1,2.6,0,,,NS3:43S:AL_1b,grazoprevir
NS3:43V:AL_2a:voxilaprevir,category_III,III,3,1,11.25,0,,,NS3:43V:AL_2a,voxilaprevir
NS3:54A+156S:AL_6a:paritaprevir,insignificant,-,4,1,2.7,0,,,NS3:54A+156S:AL_6a,paritaprevir
NS3:54A+158I:AL_6a:paritaprevir,insignificant,-,4,1,3.8,0,,,NS3:54A+158I:AL_6a,paritaprevir
NS3:54A:AL_1b:voxilaprevir,insignificant,-,4,1,2.4,0,,,NS3:54A:AL_1b,voxilaprevir
NS3:54S+122G+155K+180V:AL_1a:voxilaprevir,category_III,III,3,1,9.2,0,,,NS3:54S+122G+155K+180V:AL_1a,voxilaprevir
NS3:54S+155K:AL_5a:paritaprevir,category_III,III,3,1,14,0,,,NS3:54S+155K:AL_5a,paritaprevir
NS3:54S+155T+168N:AL_1a:voxilaprevir,category_III,III,3,1,11.25,0,,,NS3:54S+155T+168N:AL_1a,voxilaprevir
NS3:54S+156S+177V:AL_2a:paritaprevir,insignificant,-,4,1,3.7,0,,,NS3:54S+156S+177V:AL_2a,paritaprevir
NS3:54S+156S:AL_2a:paritaprevir,insignificant,-,4,1,2.3,0,,,NS3:54S+156S:AL_2a,paritaprevir
NS3:54S+156T:AL_1b:grazoprevir,category_II,II,2,0,,1,0,1,NS3:54S+156T:AL_1b,grazoprevir
NS3:54S+55I+122G+155K+170V:AL_1a:voxilaprevir,insignificant,-,4,1,4.1,0,,,NS3:54S+55I+122G+155K+170V:AL_1a,voxilaprevir
NS3:54S+55I+122G+155K:AL_1a:voxilaprevir,category_III,III,3,1,5.9,0,,,NS3:54S+55I+122G+155K:AL_1a,voxilaprevir
NS3:54S+55I+80L:AL_1a:voxilaprevir,category_III,III,3,1,7,0,,,NS3:54S+55I+80L:AL_1a,voxilaprevir
NS3:54S+56F+80L+156T+170I:AL_1b:grazoprevir,category_II,II,2,0,,1,0,1,NS3:54S+56F+80L+156T+170I:AL_1b,grazoprevir
NS3:54S+56H+170V:AL_1a:voxilaprevir,category_III,III,3,1,11.1,0,,,NS3:54S+56H+170V:AL_1a,voxilaprevir
NS3:54S+56H:AL_1a:voxilaprevir,category_III,III,3,1,11.25,0,,,NS3:54S+56H:AL_1a,voxilaprevir
NS3:54S:AL_1a:grazoprevir,insignificant,-,4,1,1.1,0,,,NS3:54S:AL_1a,grazoprevir
NS3:54S:AL_1b:grazoprevir,category_II,II,2,0,,1,1,0,NS3:54S:AL_1b,grazoprevir
NS3:54S:AL_1b:voxilaprevir,insignificant,-,4,1,2.5,0,,,NS3:54S:AL_1b,voxilaprevir
NS3:55A+168A:AL_1a:grazoprevir,category_II,II,2,0,,1,0,1,NS3:55A+168A:AL_1a,grazoprevir
NS3:55A+168E:AL_1a:grazoprevir,category_II,II,2,0,,1,0,1,NS3:55A+168E:AL_1a,grazoprevir
NS3:55A+80K+122N:AL_6a:voxilaprevir,insignificant,-,4,1,2,0,,,NS3:55A+80K+122N:AL_6a,voxilaprevir
NS3:55A+80R+168E+170V:AL_1a:voxilaprevir,insignificant,-,4,1,4.9,0,,,NS3:55A+80R+168E+170V:AL_1a,voxilaprevir
NS3:55A:AL_1a:grazoprevir,category_II,II,2,1,1.7,1,1,0,NS3:55A:AL_1a,grazoprevir
NS3:55A:AL_1a:voxilaprevir,category_II,II,2,0,,1,1,0,NS3:55A:AL_1a,voxilaprevir
NS3:55A:AL_1b:grazoprevir,insignificant,-,4,1,1.4,0,,,NS3:55A:AL_1b,grazoprevir
NS3:55I:AL_1a:grazoprevir,insignificant,-,4,1,0.5,0,,,NS3:55I:AL_1a,grazoprevir
NS3:56F+122N+170I:AL_1b:voxilaprevir,insignificant,-,4,1,3.3,0,,,NS3:56F+122N+170I:AL_1b,voxilaprevir
NS3:56F+122N:AL_1b:voxilaprevir,insignificant,-,4,1,3.4,0,,,NS3:56F+122N:AL_1b,voxilaprevir
NS3:56F+155W+156G+168N:AL_1b:grazoprevir,category_II,II,2,0,,1,0,1,NS3:56F+155W+156G+168N:AL_1b,grazoprevir
NS3:56F+168E+170I:AL_1b:grazoprevir,category_II,II,2,0,,1,0,1,NS3:56F+168E+170I:AL_1b,grazoprevir
NS3:56F+170I:AL_1b:grazoprevir,category_II,II,2,0,,1,1,0,NS3:56F+170I:AL_1b,grazoprevir
NS3:56F:AL_1a:grazoprevir,category_II,II,2,0,,1,0,1,NS3:56F:AL_1a,grazoprevir
NS3:56F:AL_1b:grazoprevir,category_II,II,2,0,,1,0,1,NS3:56F:AL_1b,grazoprevir
NS3:56H+156T+168N:AL_1a:grazoprevir,category_II,II,2,0,,1,0,1,NS3:56H+156T+168N:AL_1a,grazoprevir
NS3:56H+168A:AL_1a:glecaprevir,category_II,II,2,0,,1,1,0,NS3:56H+168A:AL_1a,glecaprevir
NS3:56H+168A:AL_1a:grazoprevir,category_I,I,1,1,1638,1,0,1,NS3:56H+168A:AL_1a,grazoprevir
NS3:56H+168A:AL_1b:grazoprevir,category_II,II,2,0,,1,0,1,NS3:56H+168A:AL_1b,grazoprevir
NS3:56H+168A:AL_1b:paritaprevir,category_I,I,1,1,700,1,0,1,NS3:56H+168A:AL_1b,paritaprevir
NS3:56H+168E:AL_1a:glecaprevir,category_II,II,2,0,,1,1,0,NS3:56H+168E:AL_1a,glecaprevir
NS3:56H+168E:AL_6a:voxilaprevir,category_II,II,2,1,60,0,,,NS3:56H+168E:AL_6a,voxilaprevir
NS3:56H+168K+170I:AL_3:grazoprevir,category_II,II,2,0,,1,0,1,NS3:56H+168K+170I:AL_3,grazoprevir
NS3:56H+168K:AL_3a:glecaprevir,category_II,II,2,0,,1,0,1,NS3:56H+168K:AL_3a,glecaprevir
NS3:56H+168L:AL_3a:glecaprevir,category_II,II,2,0,,1,0,1,NS3:56H+168L:AL_3a,glecaprevir
NS3:56H+168Q+170I:AL_3:grazoprevir,category_II,II,2,0,,1,0,1,NS3:56H+168Q+170I:AL_3,grazoprevir
NS3:56H+168R:AL_3a:glecaprevir,category_I,I,1,1,1387,1,0,1,NS3:56H+168R:AL_3a,glecaprevir
NS3:56H+168R:AL_3a:voxilaprevir,category_II,II,2,1,100,0,,,NS3:56H+168R:AL_3a,voxilaprevir
NS3:56H+168V:AL_1b:paritaprevir,category_II,II,2,1,2,1,0,1,NS3:56H+168V:AL_1b,paritaprevir
NS3:56H+168V:AL_4d:paritaprevir,category_I,I,1,1,12,1,0,1,NS3:56H+168V:AL_4d,paritaprevir
NS3:56H+168Y:AL_1a:paritaprevir,category_II,II,2,0,,1,0,1,NS3:56H+168Y:AL_1a,paritaprevir
NS3:56H+168Y:AL_1b:paritaprevir,category_II,II,2,0,,1,0,1,NS3:56H+168Y:AL_1b,paritaprevir
NS3:56H+80K+155I+168V:AL_1a:grazoprevir,category_II,II,2,0,,1,0,1,NS3:56H+80K+155I+168V:AL_1a,grazoprevir
NS3:56H+80K+155R+168V:AL_1a:grazoprevir,category_II,II,2,0,,1,0,1,NS3:56H+80K+155R+168V:AL_1a,grazoprevir
NS3:56H:AL_1a:glecaprevir,category_II,II,2,0,,1,0,1,NS3:56H:AL_1a,glecaprevir
NS3:56H:AL_1a:grazoprevir,category_I,I,1,1,46,1,0,1,NS3:56H:AL_1a,grazoprevir
NS3:56H:AL_1b:grazoprevir,category_II,II,2,0,,1,0,1,NS3:56H:AL_1b,grazoprevir
NS3:56H:AL_1b:paritaprevir,category_I,I,1,1,11,1,0,1,NS3:56H:AL_1b,paritaprevir
NS3:56H:AL_3:glecaprevir,category_II,II,2,0,,1,0,1,NS3:56H:AL_3,glecaprevir
NS3:56H:AL_4:paritaprevir,category_I,I,1,1,60,1,0,1,NS3:56H:AL_4,paritaprevir
NS3:56H:AL_4d:paritaprevir,category_III,III,3,1,8,0,,,NS3:56H:AL_4d,paritaprevir
NS3:56H:AL_6a:voxilaprevir,category_III,III,3,1,11.25,0,,,NS3:56H:AL_6a,voxilaprevir
NS3:56N:AL_3:glecaprevir,category_II,II,2,0,,1,0,1,NS3:56N:AL_3,glecaprevir
NS3:56Y+168K+170I:AL_3:grazoprevir,category_II,II,2,0,,1,0,1,NS3:56Y+168K+170I:AL_3,grazoprevir
NS3:56Y+168Q+170I:AL_3:grazoprevir,category_II,II,2,0,,1,0,1,NS3:56Y+168Q+170I:AL_3,grazoprevir
NS3:58S+62T+93H:AL_3:grazoprevir,category_II,II,2,0,,1,1,0,NS3:58S+62T+93H:AL_3,grazoprevir
NS3:71A+170V:AL_1a:glecaprevir,insignificant,-,4,1,3.3,0,,,NS3:71A+170V:AL_1a,glecaprevir
NS3:77S+80K+132I+156G:AL_1a:grazoprevir,category_II,II,2,0,,1,0,1,NS3:77S+80K+132I+156G:AL_1a,grazoprevir
NS3:80K+107I:AL_1a:grazoprevir,category_II,II,2,0,,1,0,1,NS3:80K+107I:AL_1a,grazoprevir
NS3:80K+122G+168Y:AL_1a:grazoprevir,category_II,II,2,0,,1,0,1,NS3:80K+122G+168Y:AL_1a,grazoprevir
NS3:80K+122G:AL_1a:grazoprevir,category_II,II,2,0,,1,1,0,NS3:80K+122G:AL_1a,grazoprevir
NS3:80K+132I:AL_1a:grazoprevir,category_II,II,2,0,,1,1,0,NS3:80K+132I:AL_1a,grazoprevir
NS3:80K+132V+156G:AL_1a:grazoprevir,category_II,II,2,0,,1,0,1,NS3:80K+132V+156G:AL_1a,grazoprevir
NS3:80K+132V:AL_1a:grazoprevir,category_II,II,2,0,,1,1,0,NS3:80K+132V:AL_1a,grazoprevir
NS3:80K+155K:AL_1a:paritaprevir,category_I,I,1,1,19,1,1,0,NS3:80K+155K:AL_1a,paritaprevir
NS3:80K+155T+156T+168N:AL_1a:grazoprevir,category_II,II,2,0,,1,0,1,NS3:80K+155T+156T+168N:AL_1a,grazoprevir
NS3:80K+155T+168N:AL_1a:grazoprevir,category_II,II,2,0,,1,1,0,NS3:80K+155T+168N:AL_1a,grazoprevir
NS3:80K+155T+168N:AL_1a:voxilaprevir,category_III,III,3,1,11.25,0,,,NS3:80K+155T+168N:AL_1a,voxilaprevir
NS3:80K+156A:AL_1a:grazoprevir,category_II,II,2,0,,1,0,1,NS3:80K+156A:AL_1a,grazoprevir
NS3:80K+156G+170I:AL_3:grazoprevir,category_II,II,2,0,,1,0,1,NS3:80K+156G+170I:AL_3,grazoprevir
NS3:80K+156G:AL_1a:grazoprevir,category_II,II,2,0,,1,0,1,NS3:80K+156G:AL_1a,grazoprevir
NS3:80K+156T+168A:AL_1a:grazoprevir,category_II,II,2,0,,1,0,1,NS3:80K+156T+168A:AL_1a,grazoprevir
NS3:80K+156V:AL_1a:grazoprevir,category_II,II,2,0,,1,0,1,NS3:80K+156V:AL_1a,grazoprevir
NS3:80K+168A:AL_1a:grazoprevir,category_II,II,2,0,,1,0,1,NS3:80K+168A:AL_1a,grazoprevir
NS3:80K+168D:AL_1a:grazoprevir,category_II,II,2,0,,1,0,1,NS3:80K+168D:AL_1a,grazoprevir
NS3:80K+168E+170V:AL_1a:voxilaprevir,category_III,III,3,1,8,0,,,NS3:80K+168E+170V:AL_1a,voxilaprevir
NS3:80K+168E:AL_1a:grazoprevir,category_II,II,2,0,,1,0,1,NS3:80K+168E:AL_1a,grazoprevir
NS3:80K+168E:AL_1a:voxilaprevir,category_III,III,3,1,11.25,0,,,NS3:80K+168E:AL_1a,voxilaprevir
NS3:80K+168N:AL_1a:grazoprevir,category_II,II,2,0,,1,0,1,NS3:80K+168N:AL_1a,grazoprevir
NS3:80K+168T:AL_1a:grazoprevir,category_II,II,2,0,,1,0,1,NS3:80K+168T:AL_1a,grazoprevir
NS3:80K+168Y:AL_1a:grazoprevir,category_II,II,2,0,,1,0,1,NS3:80K+168Y:AL_1a,grazoprevir
NS3:80K+168Y:AL_1a:voxilaprevir,category_II,II,2,1,116.5,0,,,NS3:80K+168Y:AL_1a,voxilaprevir
NS3:80K+170I:AL_3:grazoprevir,category_II,II,2,0,,1,0,1,NS3:80K+170I:AL_3,grazoprevir
NS3:80K:AL_1a:grazoprevir,category_II,II,2,1,1.7,1,1,0,NS3:80K:AL_1a,grazoprevir
NS3:80K:AL_1a:paritaprevir,category_II,II,2,1,3,1,1,0,NS3:80K:AL_1a,paritaprevir
NS3:80K:AL_1a:voxilaprevir,category_II,II,2,0,,1,1,0,NS3:80K:AL_1a,voxilaprevir
NS3:80K:AL_3:glecaprevir,category_II,II,2,0,,1,0,1,NS3:80K:AL_3,glecaprevir
NS3:80K:AL_3:grazoprevir,category_II,II,2,0,,1,0,1,NS3:80K:AL_3,grazoprevir
NS3:80K:AL_3a:paritaprevir,insignificant,-,4,1,3,0,,,NS3:80K:AL_3a,paritaprevir
NS3:80K:AL_3a:voxilaprevir,category_III,III,3,1,11.25,0,,,NS3:80K:AL_3a,voxilaprevir
NS3:80L+168E:AL_1a:voxilaprevir,category_III,III,3,1,10.8,0,,,NS3:80L+168E:AL_1a,voxilaprevir
NS3:80L:AL_1a:paritaprevir,insignificant,-,4,1,2,0,,,NS3:80L:AL_1a,paritaprevir
NS3:80L:AL_1a:voxilaprevir,category_II,II,2,0,,1,1,0,NS3:80L:AL_1a,voxilaprevir
NS3:80R+132I+170I:AL_3:grazoprevir,category_II,II,2,0,,1,0,1,NS3:80R+132I+170I:AL_3,grazoprevir
NS3:80R+155K+156T+168A:AL_1a:grazoprevir,category_II,II,2,0,,1,0,1,NS3:80R+155K+156T+168A:AL_1a,grazoprevir
NS3:80R+155K+156T+168E:AL_1a:grazoprevir,category_II,II,2,0,,1,0,1,NS3:80R+155K+156T+168E:AL_1a,grazoprevir
NS3:80R+155K+156T+168K:AL_1a:grazoprevir,category_II,II,2,0,,1,0,1,NS3:80R+155K+156T+168K:AL_1a,grazoprevir
NS3:80R+155S+156T+168A:AL_1a:grazoprevir,category_II,II,2,0,,1,0,1,NS3:80R+155S+156T+168A:AL_1a,grazoprevir
NS3:80R+155S+156T+168E:AL_1a:grazoprevir,category_II,II,2,0,,1,0,1,NS3:80R+155S+156T+168E:AL_1a,grazoprevir
NS3:80R+155S+156T+168K:AL_1a:grazoprevir,category_II,II,2,0,,1,0,1,NS3:80R+155S+156T+168K:AL_1a,grazoprevir
NS3:80R:AL_1a:grazoprevir,insignificant,-,4,1,1.3,0,,,NS3:80R:AL_1a,grazoprevir
NS3:80R:AL_1a:paritaprevir,insignificant,-,4,1,2,0,,,NS3:80R:AL_1a,paritaprevir
NS3:80R:AL_1b:grazoprevir,insignificant,-,4,1,2,0,,,NS3:80R:AL_1b,grazoprevir
NS3:80R:AL_1b:paritaprevir,insignificant,-,4,1,2,0,,,NS3:80R:AL_1b,paritaprevir
NS3:80R:AL_3:glecaprevir,category_I,I,1,0,,1,1,1,NS3:80R:AL_3,glecaprevir
NS3:80R:AL_3a:voxilaprevir,category_II,II,2,0,,1,0,1,NS3:80R:AL_3a,voxilaprevir
NS3:80R:AL_4a:paritaprevir,insignificant,-,4,1,2,0,,,NS3:80R:AL_4a,paritaprevir
NS3:89L+156T:AL_1b:glecaprevir,category_II,II,2,1,1674,0,,,NS3:89L+156T:AL_1b,glecaprevir
NS3:89L+156V:AL_1b:glecaprevir,category_II,II,2,1,4234,0,,,NS3:89L+156V:AL_1b,glecaprevir
NS3:89R+156T:AL_1a:glecaprevir,category_II,II,2,1,3585,0,,,NS3:89R+156T:AL_1a,glecaprevir
NS5A:23F+31F:AL_1b:daclatasvir,category_III,III,3,1,13,0,,,NS5A:23F+31F:AL_1b,daclatasvir
NS5A:23F+93H:AL_1b:daclatasvir,category_II,II,2,1,80,0,,,NS5A:23F+93H:AL_1b,daclatasvir
NS5A:24A:AL_2a:daclatasvir,category_III,III,3,1,41.5,0,,,NS5A:24A:AL_2a,daclatasvir
NS5A:24A:AL_2a:ombitasvir,category_III,III,3,1,38,0,,,NS5A:24A:AL_2a,ombitasvir
NS5A:24F+28K+30K:AL_3a:pibrentasvir,category_II,II,2,1,5000,0,,,NS5A:24F+28K+30K:AL_3a,pibrentasvir
NS5A:24F+28K:AL_3a:pibrentasvir,category_II,II,2,0,,1,0,1,NS5A:24F+28K:AL_3a,pibrentasvir
NS5A:24F+93H:AL_2b:daclatasvir,category_II,II,2,1,539.5,0,,,NS5A:24F+93H:AL_2b,daclatasvir
NS5A:24F+93H:AL_2b:elbasvir,category_II,II,2,1,539.5,0,,,NS5A:24F+93H:AL_2b,elbasvir
NS5A:24F+93H:AL_2b:velpatasvir,category_II,II,2,1,999,0,,,NS5A:24F+93H:AL_2b,velpatasvir
NS5A:24G:AL_1a:ledipasvir,category_III,III,3,1,43.3,0,,,NS5A:24G:AL_1a,ledipasvir
NS5A:24H:AL_6a:daclatasvir,category_III,III,3,1,41,0,,,NS5A:24H:AL_6a,daclatasvir
NS5A:24K+28I+30Q+31I+32L+54Y:AL_1b:daclatasvir,category_II,II,2,0,,1,0,1,NS5A:24K+28I+30Q+31I+32L+54Y:AL_1b,daclatasvir
NS5A:24K+28M+30H+92T:AL_1b:daclatasvir,category_II,II,2,0,,1,1,0,NS5A:24K+28M+30H+92T:AL_1b,daclatasvir
NS5A:24K+28M+30L:AL_1b:daclatasvir,category_II,II,2,0,,1,1,0,NS5A:24K+28M+30L:AL_1b,daclatasvir
NS5A:24K+28M+30Q+37V+54H:AL_1b:daclatasvir,category_II,II,2,0,,1,1,0,NS5A:24K+28M+30Q+37V+54H:AL_1b,daclatasvir
NS5A:24K+28M+30Q+92T:AL_1b:daclatasvir,category_II,II,2,0,,1,1,0,NS5A:24K+28M+30Q+92T:AL_1b,daclatasvir
NS5A:24K+28M+30Q:AL_1b:daclatasvir,category_II,II,2,0,,1,1,0,NS5A:24K+28M+30Q:AL_1b,daclatasvir
NS5A:24K+28M+92T:AL_1b:daclatasvir,category_II,II,2,0,,1,1,0,NS5A:24K+28M+92T:AL_1b,daclatasvir
NS5A:24K+28M:AL_1b:daclatasvir,category_II,II,2,0,,1,1,0,NS5A:24K+28M:AL_1b,daclatasvir
NS5A:24K+28V+30Q:AL_1b:daclatasvir,category_II,II,2,0,,1,1,0,NS5A:24K+28V+30Q:AL_1b,daclatasvir
NS5A:24K+28V+92T:AL_1b:daclatasvir,category_II,II,2,0,,1,1,0,NS5A:24K+28V+92T:AL_1b,daclatasvir
NS5A:24M+30R+81M:AL_1a:elbasvir,category_II,II,2,1,69,0,,,NS5A:24M+30R+81M:AL_1a,elbasvir
NS5A:24N:AL_1a:ledipasvir,category_III,III,3,1,27.6,0,,,NS5A:24N:AL_1a,ledipasvir
NS5A:24Q+28T+31M:AL_1a:elbasvir,category_III,III,3,1,9,0,,,NS5A:24Q+28T+31M:AL_1a,elbasvir
NS5A:24Q+93H:AL_1a:pibrentasvir,category_II,II,2,0,,1,1,0,NS5A:24Q+93H:AL_1a,pibrentasvir
NS5A:24R+30G:AL_7a:daclatasvir,category_II,II,2,1,539.5,0,,,NS5A:24R+30G:AL_7a,daclatasvir
NS5A:24R+30G:AL_7a:elbasvir,category_II,II,2,1,539.5,0,,,NS5A:24R+30G:AL_7a,elbasvir
NS5A:24R+30K:AL_1a:pibrentasvir,category_II,II,2,0,,1,0,1,NS5A:24R+30K:AL_1a,pibrentasvir
NS5A:24R+30Q+31M+37L+93H:AL_1b:daclatasvir,category_II,II,2,0,,1,0,1,NS5A:24R+30Q+31M+37L+93H:AL_1b,daclatasvir
NS5A:24R+30R:AL_1a:ledipasvir,category_II,II,2,1,2859.5,0,,,NS5A:24R+30R:AL_1a,ledipasvir
NS5A:24R+31F:AL_7a:daclatasvir,category_II,II,2,1,539.5,0,,,NS5A:24R+31F:AL_7a,daclatasvir
NS5A:24R+31F:AL_7a:elbasvir,category_II,II,2,1,539.5,0,,,NS5A:24R+31F:AL_7a,elbasvir
NS5A:24R+31F:AL_7a:velpatasvir,category_III,III,3,1,41.5,0,,,NS5A:24R+31F:AL_7a,velpatasvir
NS5A:24R+93H:AL_1a:ledipasvir,category_II,II,2,0,,1,0,1,NS5A:24R+93H:AL_1a,ledipasvir
NS5A:24R:AL_1a:ledipasvir,category_I,I,1,1,3.7,1,1,1,NS5A:24R:AL_1a,ledipasvir
NS5A:24R:AL_1a:velpatasvir,category_II,II,2,0,,1,1,0,NS5A:24R:AL_1a,velpatasvir
NS5A:24S+28G:AL_2a:daclatasvir,category_II,II,2,0,,1,0,1,NS5A:24S+28G:AL_2a,daclatasvir
NS5A:24S+31M:AL_2a:velpatasvir,category_II,II,2,0,,1,1,0,NS5A:24S+31M:AL_2a,velpatasvir
NS5A:24S+31M:AL_2d:velpatasvir,category_II,II,2,0,,1,1,0,NS5A:24S+31M:AL_2d,velpatasvir
NS5A:24S+31M:AL_2i:daclatasvir,category_II,II,2,0,,1,1,0,NS5A:24S+31M:AL_2i,daclatasvir
NS5A:24S+31M:AL_2j:velpatasvir,category_II,II,2,0,,1,1,0,NS5A:24S+31M:AL_2j,velpatasvir
NS5A:24S+92S:AL_2b:daclatasvir,category_II,II,2,0,,1,0,1,NS5A:24S+92S:AL_2b,daclatasvir
NS5A:24S:AL_2a:daclatasvir,category_III,III,3,1,41.5,0,,,NS5A:24S:AL_2a,daclatasvir
NS5A:24S:AL_2a:ombitasvir,category_II,II,2,0,,1,0,1,NS5A:24S:AL_2a,ombitasvir
NS5A:24T+28T+30R:AL_1a:elbasvir,category_II,II,2,1,7000,0,,,NS5A:24T+28T+30R:AL_1a,elbasvir
NS5A:24T+93H:AL_2b:daclatasvir,category_II,II,2,1,539.5,0,,,NS5A:24T+93H:AL_2b,daclatasvir
NS5A:24T+93H:AL_2b:elbasvir,category_II,II,2,1,539.5,0,,,NS5A:24T+93H:AL_2b,elbasvir
NS5A:24T+93H:AL_2b:velpatasvir,category_II,II,2,1,999,0,,,NS5A:24T+93H:AL_2b,velpatasvir
NS5A:28A+30H:AL_1a:ledipasvir,category_II,II,2,0,,1,0,1,NS5A:28A+30H:AL_1a,ledipasvir
NS5A:28A+30K:AL_1a:daclatasvir,category_II,II,2,0,,1,0,1,NS5A:28A+30K:AL_1a,daclatasvir
NS5A:28A+30R:AL_1a:daclatasvir,category_II,II,2,0,,1,0,1,NS5A:28A+30R:AL_1a,daclatasvir
NS5A:28A+30S:AL_6a:ombitasvir,category_II,II,2,1,1121,0,,,NS5A:28A+30S:AL_6a,ombitasvir
NS5A:28A+58D:AL_1a:pibrentasvir,category_II,II,2,0,,1,0,1,NS5A:28A+58D:AL_1a,pibrentasvir
NS5A:28A:AL_1a:daclatasvir,category_I,I,1,1,4591,1,0,1,NS5A:28A:AL_1a,daclatasvir
NS5A:28A:AL_1a:elbasvir,category_II,II,2,1,61,0,,,NS5A:28A:AL_1a,elbasvir
NS5A:28A:AL_1a:ledipasvir,category_I,I,1,1,1195.6,1,1,1,NS5A:28A:AL_1a,ledipasvir
NS5A:28A:AL_6a:ombitasvir,category_II,II,2,1,1720,0,,,NS5A:28A:AL_6a,ombitasvir
NS5A:28C+31M:AL_2a:daclatasvir,category_II,II,2,0,,1,1,0,NS5A:28C+31M:AL_2a,daclatasvir
NS5A:28C:AL_2a:daclatasvir,category_I,I,1,1,400,1,0,1,NS5A:28C:AL_2a,daclatasvir
NS5A:28F+31M:AL_2b:ombitasvir,category_II,II,2,1,247,0,,,NS5A:28F+31M:AL_2b,ombitasvir
NS5A:28F:AL_2:ombitasvir,category_II,II,2,0,,1,0,1,NS5A:28F:AL_2,ombitasvir
NS5A:28F:AL_2b:ombitasvir,category_III,III,3,1,47,0,,,NS5A:28F:AL_2b,ombitasvir
NS5A:28F:AL_6a:daclatasvir,category_III,III,3,1,41.5,0,,,NS5A:28F:AL_6a,daclatasvir
NS5A:28F:AL_6a:ombitasvir,category_III,III,3,1,13,0,,,NS5A:28F:AL_6a,ombitasvir
NS5A:28G:AL_1a:elbasvir,category_II,II,2,0,,1,0,1,NS5A:28G:AL_1a,elbasvir
NS5A:28G:AL_1a:ledipasvir,category_II,II,2,1,10368,0,,,NS5A:28G:AL_1a,ledipasvir
NS5A:28G:AL_1a:pibrentasvir,category_II,II,2,0,,1,0,1,NS5A:28G:AL_1a,pibrentasvir
NS5A:28G:AL_3:pibrentasvir,category_II,II,2,0,,1,0,1,NS5A:28G:AL_3,pibrentasvir
NS5A:28I+30Q:AL_1b:daclatasvir,category_II,II,2,0,,1,1,0,NS5A:28I+30Q:AL_1b,daclatasvir
NS5A:28I+30R+31M:AL_4r:elbasvir,category_II,II,2,0,,1,0,1,NS5A:28I+30R+31M:AL_4r,elbasvir
NS5A:28I+30R+31V:AL_4r:ledipasvir,category_II,II,2,0,,1,0,1,NS5A:28I+30R+31V:AL_4r,ledipasvir
NS5A:28I:AL_1a:ledipasvir,insignificant,-,4,1,0.3,0,,,NS5A:28I:AL_1a,ledipasvir
NS5A:28I:AL_1b:daclatasvir,category_II,II,2,0,,1,0,1,NS5A:28I:AL_1b,daclatasvir
NS5A:28I:AL_5a:ombitasvir,category_II,II,2,1,79,0,,,NS5A:28I:AL_5a,ombitasvir
NS5A:28K:AL_3a:pibrentasvir,category_II,II,2,0,,1,0,1,NS5A:28K:AL_3a,pibrentasvir
NS5A:28L+30H:AL_4a:daclatasvir,category_II,II,2,1,64,0,,,NS5A:28L+30H:AL_4a,daclatasvir
NS5A:28L+31M+92S:AL_2b:daclatasvir,category_II,II,2,1,9300,0,,,NS5A:28L+31M+92S:AL_2b,daclatasvir
NS5A:28L+31M:AL_2b:daclatasvir,category_I,I,1,1,650,1,1,0,NS5A:28L+31M:AL_2b,daclatasvir
NS5A:28L+93H:AL_2b:daclatasvir,category_II,II,2,1,1000,0,,,NS5A:28L+93H:AL_2b,daclatasvir
NS5A:28L:AL_2b:daclatasvir,category_II,II,2,0,,1,1,0,NS5A:28L:AL_2b,daclatasvir
NS5A:28M+30H:AL_4g:elbasvir,category_II,II,2,0,,1,1,0,NS5A:28M+30H:AL_4g,elbasvir
NS5A:28M+30Q+31M:AL_1l:daclatasvir,category_II,II,2,0,,1,1,0,NS5A:28M+30Q+31M:AL_1l,daclatasvir
NS5A:28M+30Q+92K:AL_1b:daclatasvir,category_II,II,2,0,,1,0,1,NS5A:28M+30Q+92K:AL_1b,daclatasvir
NS5A:28M+30Q+93H:AL_1b:ombitasvir,category_I,I,1,1,981,1,1,0,NS5A:28M+30Q+93H:AL_1b,ombitasvir
NS5A:28M+30Q:AL_1b:ombitasvir,insignificant,-,4,0,,1,0,0,NS5A:28M+30Q:AL_1b,ombitasvir
NS5A:28M+30R+31L+93H:AL_4r:ledipasvir,category_II,II,2,0,,1,0,1,NS5A:28M+30R+31L+93H:AL_4r,ledipasvir
NS5A:28M+30R+31L:AL_4r:ledipasvir,category_I,I,1,0,,1,1,1,NS5A:28M+30R+31L:AL_4r,ledipasvir
NS5A:28M+30R+31M:AL_1l:ledipasvir,category_I,I,1,0,,1,1,1,NS5A:28M+30R+31M:AL_1l,ledipasvir
NS5A:28M+30R+31M:AL_4r:daclatasvir,category_II,II,2,0,,1,0,1,NS5A:28M+30R+31M:AL_4r,daclatasvir
NS5A:28M+30R+31M:AL_4r:ledipasvir,category_I,I,1,0,,1,1,1,NS5A:28M+30R+31M:AL_4r,ledipasvir
NS5A:28M+31F:AL_1b:ombitasvir,category_II,II,2,1,569,0,,,NS5A:28M+31F:AL_1b,ombitasvir
NS5A:28M+32del:AL_1b:pibrentasvir,category_II,II,2,0,,1,1,0,NS5A:28M+32del:AL_1b,pibrentasvir
NS5A:28M+37L+58R:AL_1b:daclatasvir,category_II,II,2,0,,1,1,0,NS5A:28M+37L+58R:AL_1b,daclatasvir
NS5A:28M+58Y:AL_4a:elbasvir,category_II,II,2,0,,1,1,0,NS5A:28M+58Y:AL_4a,elbasvir
NS5A:28M+93H:AL_1b:ombitasvir,category_II,II,2,1,415,0,,,NS5A:28M+93H:AL_1b,ombitasvir
NS5A:28M+93H:AL_4a:elbasvir,category_II,II,2,0,,1,1,0,NS5A:28M+93H:AL_4a,elbasvir
NS5A:28M+93H:AL_4a:ombitasvir,category_II,II,2,0,,1,0,1,NS5A:28M+93H:AL_4a,ombitasvir
NS5A:28M+93N:AL_1b:daclatasvir,category_II,II,2,1,1000,0,,,NS5A:28M+93N:AL_1b,daclatasvir
NS5A:28M+93N:AL_1b:elbasvir,category_II,II,2,1,1000,0,,,NS5A:28M+93N:AL_1b,elbasvir
NS5A:28M+93N:AL_1b:velpatasvir,category_II,II,2,1,539.5,0,,,NS5A:28M+93N:AL_1b,velpatasvir
NS5A:28M:AL_1b:daclatasvir,category_I,I,1,1,41.5,1,1,1,NS5A:28M:AL_1b,daclatasvir
NS5A:28M:AL_1b:elbasvir,category_II,II,2,1,2,1,0,1,NS5A:28M:AL_1b,elbasvir
NS5A:28M:AL_1b:ombitasvir,insignificant,-,4,1,2,0,,,NS5A:28M:AL_1b,ombitasvir
NS5A:28M:AL_4:daclatasvir,category_I,I,1,0,,1,1,1,NS5A:28M:AL_4,daclatasvir
NS5A:28M:AL_4:ledipasvir,category_II,II,2,0,,1,0,1,NS5A:28M:AL_4,ledipasvir
NS5A:28M:AL_6a:ombitasvir,category_III,III,3,1,21,0,,,NS5A:28M:AL_6a,ombitasvir
NS5A:28S+31I:AL_2a:pibrentasvir,category_II,II,2,1,14448,0,,,NS5A:28S+31I:AL_2a,pibrentasvir
NS5A:28S+31I:AL_4:elbasvir,category_II,II,2,0,,1,0,1,NS5A:28S+31I:AL_4,elbasvir
NS5A:28S+31I:AL_4d:elbasvir,category_II,II,2,0,,1,0,1,NS5A:28S+31I:AL_4d,elbasvir
NS5A:28S+31I:AL_4d:ombitasvir,category_II,II,2,0,,1,0,1,NS5A:28S+31I:AL_4d,ombitasvir
NS5A:28S+31M:AL_2a:daclatasvir,category_II,II,2,1,154,0,,,NS5A:28S+31M:AL_2a,daclatasvir
NS5A:28S+93H:AL_2a:daclatasvir,category_II,II,2,1,1000,0,,,NS5A:28S+93H:AL_2a,daclatasvir
NS5A:28S+93H:AL_2a:elbasvir,category_II,II,2,1,1000,0,,,NS5A:28S+93H:AL_2a,elbasvir
NS5A:28S+93H:AL_2a:velpatasvir,category_II,II,2,1,999,0,,,NS5A:28S+93H:AL_2a,velpatasvir
NS5A:28S:AL_1a:elbasvir,category_II,II,2,0,,1,0,1,NS5A:28S:AL_1a,elbasvir
NS5A:28S:AL_2a:daclatasvir,category_I,I,1,1,8434,1,0,1,NS5A:28S:AL_2a,daclatasvir
NS5A:28S:AL_2a:elbasvir,category_II,II,2,1,1000,0,,,NS5A:28S:AL_2a,elbasvir
NS5A:28S:AL_2a:ombitasvir,category_I,I,1,1,4710,1,0,1,NS5A:28S:AL_2a,ombitasvir
NS5A:28S:AL_2a:velpatasvir,category_II,II,2,1,999,0,,,NS5A:28S:AL_2a,velpatasvir
NS5A:28S:AL_4:daclatasvir,category_II,II,2,0,,1,0,1,NS5A:28S:AL_4,daclatasvir
NS5A:28S:AL_4d:elbasvir,category_II,II,2,0,,1,0,1,NS5A:28S:AL_4d,elbasvir
NS5A:28S:AL_6a:velpatasvir,category_II,II,2,1,58.1,0,,,NS5A:28S:AL_6a,velpatasvir
NS5A:28T+30H+31V:AL_1a:elbasvir,category_II,II,2,1,56000,0,,,NS5A:28T+30H+31V:AL_1a,elbasvir
NS5A:28T+30H+58D:AL_1a:elbasvir,category_II,II,2,0,,1,0,1,NS5A:28T+30H+58D:AL_1a,elbasvir
NS5A:28T+30H+93H:AL_1a:elbasvir,category_II,II,2,0,,1,0,1,NS5A:28T+30H+93H:AL_1a,elbasvir
NS5A:28T+30H:AL_1a:daclatasvir,category_II,II,2,1,103767,0,,,NS5A:28T+30H:AL_1a,daclatasvir
NS5A:28T+30H:AL_1a:elbasvir,category_II,II,2,1,2286,0,,,NS5A:28T+30H:AL_1a,elbasvir
NS5A:28T+30H:AL_4r:ledipasvir,category_II,II,2,0,,1,0,1,NS5A:28T+30H:AL_4r,ledipasvir
NS5A:28T+30R+31M:AL_1a:pibrentasvir,category_II,II,2,1,4.6,1,1,0,NS5A:28T+30R+31M:AL_1a,pibrentasvir
NS5A:28T+30R+31V+93H:AL_1a:elbasvir,category_II,II,2,1,714286,0,,,NS5A:28T+30R+31V+93H:AL_1a,elbasvir
NS5A:28T+30R+31V:AL_1a:elbasvir,category_II,II,2,1,89143,0,,,NS5A:28T+30R+31V:AL_1a,elbasvir
NS5A:28T+30R:AL_1a:daclatasvir,category_II,II,2,1,59400,0,,,NS5A:28T+30R:AL_1a,daclatasvir
NS5A:28T+30R:AL_1a:elbasvir,category_II,II,2,0,,1,0,1,NS5A:28T+30R:AL_1a,elbasvir
NS5A:28T+30R:AL_1a:ledipasvir,category_I,I,1,1,17764.1,1,0,1,NS5A:28T+30R:AL_1a,ledipasvir
NS5A:28T+30R:AL_1a:ombitasvir,category_II,II,2,0,,1,0,1,NS5A:28T+30R:AL_1a,ombitasvir
NS5A:28T+30S:AL_6a:ombitasvir,category_II,II,2,1,1746,0,,,NS5A:28T+30S:AL_6a,ombitasvir
NS5A:28T+31I:AL_6a:ombitasvir,category_II,II,2,1,5000,0,,,NS5A:28T+31I:AL_6a,ombitasvir
NS5A:28T+58P:AL_1a:ombitasvir,category_II,II,2,0,,1,0,1,NS5A:28T+58P:AL_1a,ombitasvir
NS5A:28T+68R:AL_1a:daclatasvir,category_II,II,2,1,7229,0,,,NS5A:28T+68R:AL_1a,daclatasvir
NS5A:28T+93C:AL_1a:pibrentasvir,insignificant,-,4,1,3.1,0,,,NS5A:28T+93C:AL_1a,pibrentasvir
NS5A:28T+93H:AL_1b:daclatasvir,category_II,II,2,0,,1,0,1,NS5A:28T+93H:AL_1b,daclatasvir
NS5A:28T+93S:AL_1a:elbasvir,category_II,II,2,0,,1,0,1,NS5A:28T+93S:AL_1a,elbasvir
NS5A:28T:AL_1a:daclatasvir,category_I,I,1,1,683,1,1,1,NS5A:28T:AL_1a,daclatasvir
NS5A:28T:AL_1a:elbasvir,category_I,I,1,1,15,1,1,1,NS5A:28T:AL_1a,elbasvir
NS5A:28T:AL_1a:ledipasvir,category_I,I,1,1,60.8,1,1,1,NS5A:28T:AL_1a,ledipasvir
NS5A:28T:AL_1a:ombitasvir,category_I,I,1,1,8965,1,1,1,NS5A:28T:AL_1a,ombitasvir
NS5A:28T:AL_1a:pibrentasvir,insignificant,-,4,1,2.1,0,,,NS5A:28T:AL_1a,pibrentasvir
NS5A:28T:AL_1a:velpatasvir,category_III,III,3,1,7.5,0,,,NS5A:28T:AL_1a,velpatasvir
NS5A:28T:AL_1b:daclatasvir,category_III,III,3,1,20,0,,,NS5A:28T:AL_1b,daclatasvir
NS5A:28T:AL_1b:ombitasvir,category_II,II,2,1,661,0,,,NS5A:28T:AL_1b,ombitasvir
NS5A:28T:AL_3a:ombitasvir,category_II,II,2,1,659,0,,,NS5A:28T:AL_3a,ombitasvir
NS5A:28T:AL_4a:elbasvir,category_II,II,2,0,,1,0,1,NS5A:28T:AL_4a,elbasvir
NS5A:28T:AL_6a:ombitasvir,category_II,II,2,1,1483,0,,,NS5A:28T:AL_6a,ombitasvir
NS5A:28V+30H+31V:AL_1a:elbasvir,category_II,II,2,1,2429,0,,,NS5A:28V+30H+31V:AL_1a,elbasvir
NS5A:28V+30K:AL_1a:ombitasvir,category_II,II,2,0,,1,0,1,NS5A:28V+30K:AL_1a,ombitasvir
NS5A:28V+30Q:AL_1b:daclatasvir,category_II,II,2,0,,1,1,0,NS5A:28V+30Q:AL_1b,daclatasvir
NS5A:28V+30Q:AL_4:daclatasvir,category_II,II,2,0,,1,1,0,NS5A:28V+30Q:AL_4,daclatasvir
NS5A:28V+30R+31M+93H:AL_4r:ledipasvir,category_II,II,2,0,,1,0,1,NS5A:28V+30R+31M+93H:AL_4r,ledipasvir
NS5A:28V+30R+31M+93H:AL_4r:velpatasvir,category_II,II,2,0,,1,0,1,NS5A:28V+30R+31M+93H:AL_4r,velpatasvir
NS5A:28V+30R+31M:AL_1a:pibrentasvir,category_II,II,2,0,,1,1,0,NS5A:28V+30R+31M:AL_1a,pibrentasvir
NS5A:28V+30R+31M:AL_4r:daclatasvir,category_II,II,2,0,,1,1,0,NS5A:28V+30R+31M:AL_4r,daclatasvir
NS5A:28V+30R+31M:AL_4r:ledipasvir,category_I,I,1,0,,1,1,1,NS5A:28V+30R+31M:AL_4r,ledipasvir
NS5A:28V+30R+31V:AL_4r:ledipasvir,category_II,II,2,0,,1,0,1,NS5A:28V+30R+31V:AL_4r,ledipasvir
NS5A:28V+30R:AL_1a:daclatasvir,category_II,II,2,1,350,0,,,NS5A:28V+30R:AL_1a,daclatasvir
NS5A:28V+30R:AL_1a:ombitasvir,category_II,II,2,0,,1,1,0,NS5A:28V+30R:AL_1a,ombitasvir
NS5A:28V+30R:AL_1a:pibrentasvir,category_II,II,2,0,,1,1,0,NS5A:28V+30R:AL_1a,pibrentasvir
NS5A:28V+30R:AL_4r:ledipasvir,category_I,I,1,0,,1,1,1,NS5A:28V+30R:AL_4r,ledipasvir
NS5A:28V+30S+31M:AL_4r:daclatasvir,category_II,II,2,0,,1,0,1,NS5A:28V+30S+31M:AL_4r,daclatasvir
NS5A:28V+30S+93S:AL_6a:ombitasvir,category_II,II,2,1,174,0,,,NS5A:28V+30S+93S:AL_6a,ombitasvir
NS5A:28V+30S:AL_6a:ombitasvir,category_III,III,3,1,9.5,0,,,NS5A:28V+30S:AL_6a,ombitasvir
NS5A:28V+30T:AL_6a:ombitasvir,insignificant,-,4,1,2.9,0,,,NS5A:28V+30T:AL_6a,ombitasvir
NS5A:28V+31F:AL_1b:ombitasvir,category_II,II,2,1,2170,0,,,NS5A:28V+31F:AL_1b,ombitasvir
NS5A:28V+58S:AL_4d:ombitasvir,category_II,II,2,1,760,0,,,NS5A:28V+58S:AL_4d,ombitasvir
NS5A:28V+93H:AL_3a:daclatasvir,category_II,II,2,1,279,0,,,NS5A:28V+93H:AL_3a,daclatasvir
NS5A:28V:AL_1a:daclatasvir,category_II,II,2,0,,1,1,0,NS5A:28V:AL_1a,daclatasvir
NS5A:28V:AL_1a:elbasvir,category_II,II,2,1,1.5,1,1,0,NS5A:28V:AL_1a,elbasvir
NS5A:28V:AL_1a:ombitasvir,category_I,I,1,1,100,1,1,1,NS5A:28V:AL_1a,ombitasvir
NS5A:28V:AL_1b:daclatasvir,category_II,II,2,0,,1,1,0,NS5A:28V:AL_1b,daclatasvir
NS5A:28V:AL_4:ombitasvir,category_I,I,1,1,60,1,1,1,NS5A:28V:AL_4,ombitasvir
NS5A:28V:AL_4a:ombitasvir,category_III,III,3,1,23,0,,,NS5A:28V:AL_4a,ombitasvir
NS5A:28V:AL_4d:ombitasvir,category_I,I,1,1,310,1,0,1,NS5A:28V:AL_4d,ombitasvir
NS5A:28V:AL_6a:ombitasvir,category_II,II,2,1,81,0,,,NS5A:28V:AL_6a,ombitasvir
NS5A:29del:AL_1b:daclatasvir,category_II,II,2,0,,1,0,1,NS5A:29del:AL_1b,daclatasvir
NS5A:29R:AL_1a:pibrentasvir,category_II,II,2,0,,1,0,1,NS5A:29R:AL_1a,pibrentasvir
NS5A:29S+30G:AL_2a:pibrentasvir,insignificant,-,4,1,2.3,0,,,NS5A:29S+30G:AL_2a,pibrentasvir
NS5A:29S:AL_1b:daclatasvir,category_II,II,2,0,,1,0,1,NS5A:29S:AL_1b,daclatasvir
NS5A:30A:AL_4a:daclatasvir,category_II,II,2,1,505,0,,,NS5A:30A:AL_4a,daclatasvir
NS5A:30D+93N:AL_1a:elbasvir,category_II,II,2,1,21600,0,,,NS5A:30D+93N:AL_1a,elbasvir
NS5A:30D:AL_1a:daclatasvir,category_II,II,2,1,33333,0,,,NS5A:30D:AL_1a,daclatasvir
NS5A:30D:AL_1a:elbasvir,category_II,II,2,1,925,0,,,NS5A:30D:AL_1a,elbasvir
NS5A:30D:AL_1a:pibrentasvir,category_II,II,2,1,94,0,,,NS5A:30D:AL_1a,pibrentasvir
NS5A:30del+32L:AL_1b:daclatasvir,category_II,II,2,1,384615,0,,,NS5A:30del+32L:AL_1b,daclatasvir
NS5A:30del:AL_1a:pibrentasvir,category_II,II,2,1,3549,0,,,NS5A:30del:AL_1a,pibrentasvir
NS5A:30E+62Q:AL_1a:daclatasvir,category_II,II,2,0,,1,0,1,NS5A:30E+62Q:AL_1a,daclatasvir
NS5A:30E+92R:AL_2a:daclatasvir,category_II,II,2,1,440,0,,,NS5A:30E+92R:AL_2a,daclatasvir
NS5A:30E+93C:AL_1a:ledipasvir,category_II,II,2,0,,1,0,1,NS5A:30E+93C:AL_1a,ledipasvir
NS5A:30E+93H:AL_1a:daclatasvir,category_II,II,2,1,67267,0,,,NS5A:30E+93H:AL_1a,daclatasvir
NS5A:30E+93H:AL_1a:ledipasvir,category_II,II,2,0,,1,0,1,NS5A:30E+93H:AL_1a,ledipasvir
NS5A:30E+93N:AL_1b:daclatasvir,category_II,II,2,0,,1,0,1,NS5A:30E+93N:AL_1b,daclatasvir
NS5A:30E:AL_1a:daclatasvir,category_I,I,1,1,25205,1,1,1,NS5A:30E:AL_1a,daclatasvir
NS5A:30E:AL_1a:elbasvir,category_II,II,2,1,56,0,,,NS5A:30E:AL_1a,elbasvir
NS5A:30E:AL_1a:ledipasvir,category_I,I,1,1,5457.6,1,0,1,NS5A:30E:AL_1a,ledipasvir
NS5A:30E:AL_1a:ombitasvir,category_II,II,2,0,,1,1,0,NS5A:30E:AL_1a,ombitasvir
NS5A:30E:AL_1a:pibrentasvir,category_II,II,2,1,2.4,1,1,0,NS5A:30E:AL_1a,pibrentasvir
NS5A:30E:AL_1a:velpatasvir,category_III,III,3,1,37.3,0,,,NS5A:30E:AL_1a,velpatasvir
NS5A:30E:AL_1b:daclatasvir,category_I,I,1,1,6,1,0,1,NS5A:30E:AL_1b,daclatasvir
NS5A:30F:AL_4:elbasvir,category_III,III,3,1,15,0,,,NS5A:30F:AL_4,elbasvir
NS5A:30G+31I:AL_1b:daclatasvir,category_II,II,2,0,,1,0,1,NS5A:30G+31I:AL_1b,daclatasvir
NS5A:30G+93H:AL_3:elbasvir,category_II,II,2,0,,1,0,1,NS5A:30G+93H:AL_3,elbasvir
NS5A:30G:AL_1a:daclatasvir,category_II,II,2,1,8500,0,,,NS5A:30G:AL_1a,daclatasvir
NS5A:30G:AL_1a:elbasvir,category_II,II,2,1,84,0,,,NS5A:30G:AL_1a,elbasvir
NS5A:30G:AL_1a:ledipasvir,category_II,II,2,1,1567.5,0,,,NS5A:30G:AL_1a,ledipasvir
NS5A:30G:AL_1a:ombitasvir,category_II,II,2,0,,1,0,1,NS5A:30G:AL_1a,ombitasvir
NS5A:30G:AL_1a:pibrentasvir,category_II,II,2,0,,1,1,0,NS5A:30G:AL_1a,pibrentasvir
NS5A:30G:AL_1b:daclatasvir,category_I,I,1,0,,1,1,1,NS5A:30G:AL_1b,daclatasvir
NS5A:30G:AL_3:pibrentasvir,category_II,II,2,0,,1,0,1,NS5A:30G:AL_3,pibrentasvir
NS5A:30G:AL_4a:daclatasvir,category_II,II,2,1,2017,0,,,NS5A:30G:AL_4a,daclatasvir
NS5A:30G:AL_7a:daclatasvir,category_III,III,3,1,41.5,0,,,NS5A:30G:AL_7a,daclatasvir
NS5A:30H+31M:AL_1a:ledipasvir,category_I,I,1,1,14869.5,1,0,1,NS5A:30H+31M:AL_1a,ledipasvir
NS5A:30H+31M:AL_1a:velpatasvir,category_II,II,2,1,105.7,0,,,NS5A:30H+31M:AL_1a,velpatasvir
NS5A:30H+31M:AL_1b:daclatasvir,category_II,II,2,1,240,0,,,NS5A:30H+31M:AL_1b,daclatasvir
NS5A:30H+31V:AL_1a:elbasvir,category_II,II,2,1,1429,0,,,NS5A:30H+31V:AL_1a,elbasvir
NS5A:30H+68R:AL_1a:daclatasvir,category_II,II,2,1,1155.5,0,,,NS5A:30H+68R:AL_1a,daclatasvir
NS5A:30H+93H:AL_1a:daclatasvir,category_II,II,2,1,93136,0,,,NS5A:30H+93H:AL_1a,daclatasvir
NS5A:30H+93H:AL_1a:elbasvir,category_I,I,1,0,,1,1,1,NS5A:30H+93H:AL_1a,elbasvir
NS5A:30H+93H:AL_1a:ledipasvir,category_I,I,1,1,34960.9,1,1,1,NS5A:30H+93H:AL_1a,ledipasvir
NS5A:30H+93H:AL_1a:pibrentasvir,category_II,II,2,0,,1,1,0,NS5A:30H+93H:AL_1a,pibrentasvir
NS5A:30H+93H:AL_1a:velpatasvir,category_I,I,1,1,2835,1,1,0,NS5A:30H+93H:AL_1a,velpatasvir
NS5A:30H+93H:AL_1b:daclatasvir,category_II,II,2,0,,1,0,1,NS5A:30H+93H:AL_1b,daclatasvir
NS5A:30H:AL_1a:daclatasvir,category_I,I,1,1,1477,1,0,1,NS5A:30H:AL_1a,daclatasvir
NS5A:30H:AL_1a:elbasvir,category_I,I,1,1,41.5,1,1,0,NS5A:30H:AL_1a,elbasvir
NS5A:30H:AL_1a:ledipasvir,category_I,I,1,1,183.2,1,1,1,NS5A:30H:AL_1a,ledipasvir
NS5A:30H:AL_1a:ombitasvir,category_I,I,1,1,100,1,0,1,NS5A:30H:AL_1a,ombitasvir
NS5A:30H:AL_1a:velpatasvir,insignificant,-,4,1,2.3,0,,,NS5A:30H:AL_1a,velpatasvir
NS5A:30H:AL_1b:daclatasvir,category_I,I,1,0,,1,1,1,NS5A:30H:AL_1b,daclatasvir
NS5A:30H:AL_4a:daclatasvir,category_II,II,2,1,1215,0,,,NS5A:30H:AL_4a,daclatasvir
NS5A:30H:AL_4a:elbasvir,category_III,III,3,1,41.5,0,,,NS5A:30H:AL_4a,elbasvir
NS5A:30H:AL_6a:daclatasvir,category_III,III,3,1,41.5,0,,,NS5A:30H:AL_6a,daclatasvir
NS5A:30I+93R:AL_4a:daclatasvir,category_II,II,2,1,9100,0,,,NS5A:30I+93R:AL_4a,daclatasvir
NS5A:30K+31M+93H:AL_3a:daclatasvir,category_II,II,2,1,10000,0,,,NS5A:30K+31M+93H:AL_3a,daclatasvir
NS5A:30K+31M+93H:AL_3a:elbasvir,category_II,II,2,1,100000000,0,,,NS5A:30K+31M+93H:AL_3a,elbasvir
NS5A:30K+31M+93H:AL_3a:pibrentasvir,category_III,III,3,1,20,0,,,NS5A:30K+31M+93H:AL_3a,pibrentasvir
NS5A:30K+31M+93H:AL_3a:velpatasvir,category_II,II,2,1,10000,0,,,NS5A:30K+31M+93H:AL_3a,velpatasvir
NS5A:30K+31M:AL_3a:daclatasvir,category_II,II,2,1,10000,0,,,NS5A:30K+31M:AL_3a,daclatasvir
NS5A:30K+31M:AL_3a:elbasvir,category_II,II,2,1,100000000,0,,,NS5A:30K+31M:AL_3a,elbasvir
NS5A:30K+31M:AL_3a:pibrentasvir,category_III,III,3,1,20,0,,,NS5A:30K+31M:AL_3a,pibrentasvir
NS5A:30K+31M:AL_3a:velpatasvir,category_II,II,2,1,10000,0,,,NS5A:30K+31M:AL_3a,velpatasvir
NS5A:30K+58D:AL_1a:pibrentasvir,category_II,II,2,0,,1,0,1,NS5A:30K+58D:AL_1a,pibrentasvir
NS5A:30K+58S:AL_3:elbasvir,category_II,II,2,0,,1,0,1,NS5A:30K+58S:AL_3,elbasvir
NS5A:30K+93H:AL_3:elbasvir,category_II,II,2,0,,1,1,0,NS5A:30K+93H:AL_3,elbasvir
NS5A:30K+93H:AL_3a:daclatasvir,category_I,I,1,1,10000,1,0,1,NS5A:30K+93H:AL_3a,daclatasvir
NS5A:30K+93H:AL_3a:elbasvir,category_II,II,2,1,100000000,0,,,NS5A:30K+93H:AL_3a,elbasvir
NS5A:30K+93H:AL_3a:pibrentasvir,category_I,I,1,1,69,1,1,0,NS5A:30K+93H:AL_3a,pibrentasvir
NS5A:30K+93H:AL_3a:velpatasvir,category_II,II,2,1,10000,0,,,NS5A:30K+93H:AL_3a,velpatasvir
NS5A:30K:AL_1a:daclatasvir,category_I,I,1,1,24545,1,1,0,NS5A:30K:AL_1a,daclatasvir
NS5A:30K:AL_1a:elbasvir,category_I,I,1,1,41.5,1,0,1,NS5A:30K:AL_1a,elbasvir
NS5A:30K:AL_1a:ledipasvir,category_I,I,1,1,1550.7,1,0,1,NS5A:30K:AL_1a,ledipasvir
NS5A:30K:AL_1a:pibrentasvir,category_I,I,1,0,,1,1,1,NS5A:30K:AL_1a,pibrentasvir
NS5A:30K:AL_1a:velpatasvir,category_III,III,3,1,41.5,0,,,NS5A:30K:AL_1a,velpatasvir
NS5A:30K:AL_3:elbasvir,category_II,II,2,0,,1,1,0,NS5A:30K:AL_3,elbasvir
NS5A:30K:AL_3:pibrentasvir,category_I,I,1,0,,1,1,1,NS5A:30K:AL_3,pibrentasvir
NS5A:30K:AL_3a:daclatasvir,category_I,I,1,1,58.7,1,1,1,NS5A:30K:AL_3a,daclatasvir
NS5A:30K:AL_3a:elbasvir,category_II,II,2,1,50,0,,,NS5A:30K:AL_3a,elbasvir
NS5A:30K:AL_3a:pibrentasvir,category_II,II,2,0,,1,1,0,NS5A:30K:AL_3a,pibrentasvir
NS5A:30K:AL_3a:velpatasvir,category_I,I,1,1,50,1,1,0,NS5A:30K:AL_3a,velpatasvir
NS5A:30L+31M+93H:AL_1a:ledipasvir,category_II,II,2,0,,1,0,1,NS5A:30L+31M+93H:AL_1a,ledipasvir
NS5A:30L+93H:AL_1a:elbasvir,category_II,II,2,0,,1,1,0,NS5A:30L+93H:AL_1a,elbasvir
NS5A:30L+93H:AL_1a:ledipasvir,category_I,I,1,0,,1,1,1,NS5A:30L+93H:AL_1a,ledipasvir
NS5A:30L+93H:AL_1a:ombitasvir,category_II,II,2,1,416,0,,,NS5A:30L+93H:AL_1a,ombitasvir
NS5A:30L+93S:AL_1a:ombitasvir,category_II,II,2,1,218,0,,,NS5A:30L+93S:AL_1a,ombitasvir
NS5A:30L:AL_1a:daclatasvir,insignificant,-,4,1,3.7,0,,,NS5A:30L:AL_1a,daclatasvir
NS5A:30L:AL_1a:elbasvir,category_II,II,2,0,,1,1,0,NS5A:30L:AL_1a,elbasvir
NS5A:30L:AL_1a:ledipasvir,category_II,II,2,1,4.3,1,0,1,NS5A:30L:AL_1a,ledipasvir
NS5A:30L:AL_1b:daclatasvir,category_II,II,2,0,,1,1,0,NS5A:30L:AL_1b,daclatasvir
NS5A:30L:AL_3:elbasvir,category_II,II,2,0,,1,1,0,NS5A:30L:AL_3,elbasvir
NS5A:30Q+31F:AL_1b:daclatasvir,category_II,II,2,1,90,0,,,NS5A:30Q+31F:AL_1b,daclatasvir
NS5A:30Q+31M+93H:AL_1b:daclatasvir,category_II,II,2,1,34000,0,,,NS5A:30Q+31M+93H:AL_1b,daclatasvir
NS5A:30Q+31M:AL_1b:daclatasvir,category_III,III,3,1,11,0,,,NS5A:30Q+31M:AL_1b,daclatasvir
NS5A:30Q+54H+93H:AL_1b:ledipasvir,category_II,II,2,0,,1,1,0,NS5A:30Q+54H+93H:AL_1b,ledipasvir
NS5A:30Q+92R:AL_2a:daclatasvir,insignificant,-,4,1,0.4,0,,,NS5A:30Q+92R:AL_2a,daclatasvir
NS5A:30Q+93H:AL_1b:daclatasvir,category_II,II,2,0,,1,0,1,NS5A:30Q+93H:AL_1b,daclatasvir
NS5A:30Q+93H:AL_1b:ombitasvir,category_II,II,2,1,284,0,,,NS5A:30Q+93H:AL_1b,ombitasvir
NS5A:30Q:AL_1b:daclatasvir,category_I,I,1,0,,1,1,1,NS5A:30Q:AL_1b,daclatasvir
NS5A:30Q:AL_1b:elbasvir,insignificant,-,4,1,3,0,,,NS5A:30Q:AL_1b,elbasvir
NS5A:30Q:AL_1b:ombitasvir,category_II,II,2,0,,1,0,1,NS5A:30Q:AL_1b,ombitasvir
NS5A:30R+31M+58D:AL_1a:pibrentasvir,category_I,I,1,1,1704,1,0,1,NS5A:30R+31M+58D:AL_1a,pibrentasvir
NS5A:30R+31M+93C:AL_1a:pibrentasvir,category_III,III,3,1,42,0,,,NS5A:30R+31M+93C:AL_1a,pibrentasvir
NS5A:30R+31M:AL_1a:daclatasvir,category_II,II,2,0,,1,0,1,NS5A:30R+31M:AL_1a,daclatasvir
NS5A:30R+31M:AL_1a:elbasvir,category_II,II,2,0,,1,0,1,NS5A:30R+31M:AL_1a,elbasvir
NS5A:30R+31M:AL_1a:ledipasvir,category_I,I,1,1,23400,1,0,1,NS5A:30R+31M:AL_1a,ledipasvir
NS5A:30R+31M:AL_1a:pibrentasvir,category_II,II,2,1,2.4,1,1,0,NS5A:30R+31M:AL_1a,pibrentasvir
NS5A:30R+31M:AL_1a:velpatasvir,category_II,II,2,1,198.4,0,,,NS5A:30R+31M:AL_1a,velpatasvir
NS5A:30R+31M:AL_1b:daclatasvir,category_II,II,2,0,,1,0,1,NS5A:30R+31M:AL_1b,daclatasvir
NS5A:30R+31M:AL_1c:velpatasvir,category_II,II,2,0,,1,1,0,NS5A:30R+31M:AL_1c,velpatasvir
NS5A:30R+31M:AL_1h:velpatasvir,category_II,II,2,0,,1,1,0,NS5A:30R+31M:AL_1h,velpatasvir
NS5A:30R+31P:AL_1a:ledipasvir,category_II,II,2,0,,1,0,1,NS5A:30R+31P:AL_1a,ledipasvir
NS5A:30R+31V:AL_1a:elbasvir,category_II,II,2,1,7143,0,,,NS5A:30R+31V:AL_1a,elbasvir
NS5A:30R+58C:AL_1a:pibrentasvir,category_II,II,2,0,,1,1,0,NS5A:30R+58C:AL_1a,pibrentasvir
NS5A:30R+58D:AL_1a:daclatasvir,category_I,I,1,1,424318,1,0,1,NS5A:30R+58D:AL_1a,daclatasvir
NS5A:30R+58D:AL_1a:elbasvir,category_II,II,2,0,,1,0,1,NS5A:30R+58D:AL_1a,elbasvir
NS5A:30R+58D:AL_1a:pibrentasvir,category_I,I,1,1,108,1,1,1,NS5A:30R+58D:AL_1a,pibrentasvir
NS5A:30R+58D:AL_1a:velpatasvir,category_II,II,2,0,,1,0,1,NS5A:30R+58D:AL_1a,velpatasvir
NS5A:30R+58D:AL_1b:daclatasvir,category_II,II,2,0,,1,0,1,NS5A:30R+58D:AL_1b,daclatasvir
NS5A:30R+62D:AL_1a:daclatasvir,category_II,II,2,1,10928,0,,,NS5A:30R+62D:AL_1a,daclatasvir
NS5A:30R+75A:AL_1a:daclatasvir,category_II,II,2,1,850,0,,,NS5A:30R+75A:AL_1a,daclatasvir
NS5A:30R+93C:AL_1a:ledipasvir,category_II,II,2,0,,1,0,1,NS5A:30R+93C:AL_1a,ledipasvir
NS5A:30R+93C:AL_1a:pibrentasvir,insignificant,-,4,1,3.8,0,,,NS5A:30R+93C:AL_1a,pibrentasvir
NS5A:30R+93H:AL_1a:daclatasvir,category_I,I,1,1,56817,1,0,1,NS5A:30R+93H:AL_1a,daclatasvir
NS5A:30R+93H:AL_1a:elbasvir,category_II,II,2,0,,1,0,1,NS5A:30R+93H:AL_1a,elbasvir
NS5A:30R+93H:AL_1a:ledipasvir,category_I,I,1,1,33691,1,0,1,NS5A:30R+93H:AL_1a,ledipasvir
NS5A:30R+93H:AL_1a:pibrentasvir,category_II,II,2,1,260,0,,,NS5A:30R+93H:AL_1a,pibrentasvir
NS5A:30R+93H:AL_1a:velpatasvir,category_II,II,2,1,419,0,,,NS5A:30R+93H:AL_1a,velpatasvir
NS5A:30R+93H:AL_1b:daclatasvir,category_II,II,2,0,,1,0,1,NS5A:30R+93H:AL_1b,daclatasvir
NS5A:30R+93N:AL_1a:pibrentasvir,category_II,II,2,1,131,0,,,NS5A:30R+93N:AL_1a,pibrentasvir
NS5A:30R:AL_1a:daclatasvir,category_I,I,1,1,1227,1,1,1,NS5A:30R:AL_1a,daclatasvir
NS5A:30R:AL_1a:elbasvir,category_I,I,1,1,125,1,1,1,NS5A:30R:AL_1a,elbasvir
NS5A:30R:AL_1a:ledipasvir,category_I,I,1,1,631.9,1,1,1,NS5A:30R:AL_1a,ledipasvir
NS5A:30R:AL_1a:ombitasvir,category_I,I,1,1,800,1,1,1,NS5A:30R:AL_1a,ombitasvir
NS5A:30R:AL_1a:pibrentasvir,category_II,II,2,0,,1,0,1,NS5A:30R:AL_1a,pibrentasvir
NS5A:30R:AL_1a:velpatasvir,insignificant,-,4,1,2.2,0,,,NS5A:30R:AL_1a,velpatasvir
NS5A:30R:AL_4a:velpatasvir,insignificant,-,4,1,2.4,0,,,NS5A:30R:AL_4a,velpatasvir
NS5A:30S+31I+93H:AL_3:elbasvir,category_II,II,2,0,,1,0,1,NS5A:30S+31I+93H:AL_3,elbasvir
NS5A:30S:AL_1b:daclatasvir,category_II,II,2,0,,1,1,0,NS5A:30S:AL_1b,daclatasvir
NS5A:30S:AL_3:daclatasvir,category_II,II,2,0,,1,1,0,NS5A:30S:AL_3,daclatasvir
NS5A:30S:AL_4:daclatasvir,category_II,II,2,0,,1,0,1,NS5A:30S:AL_4,daclatasvir
NS5A:30S:AL_4:elbasvir,insignificant,-,4,1,4,0,,,NS5A:30S:AL_4,elbasvir
NS5A:30S:AL_4a:daclatasvir,category_II,II,2,1,539.5,0,,,NS5A:30S:AL_4a,daclatasvir
NS5A:30S:AL_4r:daclatasvir,category_II,II,2,0,,1,0,1,NS5A:30S:AL_4r,daclatasvir
NS5A:30T+93H:AL_3a:daclatasvir,category_II,II,2,0,,1,0,1,NS5A:30T+93H:AL_3a,daclatasvir
NS5A:30T:AL_1a:ledipasvir,insignificant,-,4,1,4.4,0,,,NS5A:30T:AL_1a,ledipasvir
NS5A:30T:AL_1a:velpatasvir,category_II,II,2,0,,1,1,0,NS5A:30T:AL_1a,velpatasvir
NS5A:30V+93H:AL_3a:daclatasvir,category_III,III,3,1,8,0,,,NS5A:30V+93H:AL_3a,daclatasvir
NS5A:30W:AL_1b:daclatasvir,category_II,II,2,0,,1,0,1,NS5A:30W:AL_1b,daclatasvir
NS5A:30Y+93H:AL_1a:ledipasvir,category_I,I,1,1,47335.9,1,1,1,NS5A:30Y+93H:AL_1a,ledipasvir
NS5A:30Y:AL_1a:ledipasvir,category_I,I,1,0,,1,1,1,NS5A:30Y:AL_1a,ledipasvir
NS5A:31F+129H:AL_5a:daclatasvir,category_II,II,2,1,539.5,0,,,NS5A:31F+129H:AL_5a,daclatasvir
NS5A:31F+129H:AL_5a:elbasvir,category_II,II,2,1,1000,0,,,NS5A:31F+129H:AL_5a,elbasvir
NS5A:31F+32del:AL_1b:daclatasvir,category_II,II,2,0,,1,0,1,NS5A:31F+32del:AL_1b,daclatasvir
NS5A:31F+56R:AL_5a:daclatasvir,category_II,II,2,1,8188,0,,,NS5A:31F+56R:AL_5a,daclatasvir
NS5A:31F+58L:AL_1b:ombitasvir,category_II,II,2,1,78,0,,,NS5A:31F+58L:AL_1b,ombitasvir
NS5A:31F+92E:AL_1b:ombitasvir,category_II,II,2,1,1022,0,,,NS5A:31F+92E:AL_1b,ombitasvir
NS5A:31F+93H:AL_1b:daclatasvir,category_I,I,1,1,5721,1,0,1,NS5A:31F+93H:AL_1b,daclatasvir
NS5A:31F+93H:AL_1b:ombitasvir,category_II,II,2,1,10272,0,,,NS5A:31F+93H:AL_1b,ombitasvir
NS5A:31F+93H:AL_3a:daclatasvir,category_II,II,2,1,1000,0,,,NS5A:31F+93H:AL_3a,daclatasvir
NS5A:31F+93H:AL_3a:elbasvir,category_II,II,2,1,1000,0,,,NS5A:31F+93H:AL_3a,elbasvir
NS5A:31F+93H:AL_3a:velpatasvir,category_II,II,2,1,999,0,,,NS5A:31F+93H:AL_3a,velpatasvir
NS5A:31F:AL_1a:elbasvir,category_II,II,2,1,96,0,,,NS5A:31F:AL_1a,elbasvir
NS5A:31F:AL_1a:ledipasvir,category_II,II,2,1,60.2,0,,,NS5A:31F:AL_1a,ledipasvir
NS5A:31F:AL_1b:daclatasvir,category_I,I,1,1,5,1,0,1,NS5A:31F:AL_1b,daclatasvir
NS5A:31F:AL_1b:elbasvir,category_III,III,3,1,16.7,0,,,NS5A:31F:AL_1b,elbasvir
NS5A:31F:AL_1b:ledipasvir,category_III,III,3,1,7.800000000000001,0,,,NS5A:31F:AL_1b,ledipasvir
NS5A:31F:AL_1b:ombitasvir,category_I,I,1,1,10,1,0,1,NS5A:31F:AL_1b,ombitasvir
NS5A:31F:AL_3:elbasvir,category_II,II,2,0,,1,0,1,NS5A:31F:AL_3,elbasvir
NS5A:31F:AL_3:pibrentasvir,category_II,II,2,0,,1,0,1,NS5A:31F:AL_3,pibrentasvir
NS5A:31F:AL_3a:daclatasvir,category_II,II,2,1,539.5,0,,,NS5A:31F:AL_3a,daclatasvir
NS5A:31F:AL_3a:elbasvir,category_II,II,2,1,539.5,0,,,NS5A:31F:AL_3a,elbasvir
NS5A:31F:AL_3a:ombitasvir,category_III,III,3,1,28,0,,,NS5A:31F:AL_3a,ombitasvir
NS5A:31F:AL_3a:pibrentasvir,category_II,II,2,0,,1,0,1,NS5A:31F:AL_3a,pibrentasvir
NS5A:31F:AL_3a:velpatasvir,category_III,III,3,1,41.5,0,,,NS5A:31F:AL_3a,velpatasvir
NS5A:31F:AL_5a:daclatasvir,category_II,II,2,1,1438,0,,,NS5A:31F:AL_5a,daclatasvir
NS5A:31F:AL_5a:elbasvir,category_II,II,2,1,1000,0,,,NS5A:31F:AL_5a,elbasvir
NS5A:31F:AL_5a:ombitasvir,category_II,II,2,1,289,0,,,NS5A:31F:AL_5a,ombitasvir
NS5A:31F:AL_5a:pibrentasvir,insignificant,-,4,1,2.1,0,,,NS5A:31F:AL_5a,pibrentasvir
NS5A:31F:AL_7a:daclatasvir,category_II,II,2,1,539.5,0,,,NS5A:31F:AL_7a,daclatasvir
NS5A:31F:AL_7a:elbasvir,category_II,II,2,1,539.5,0,,,NS5A:31F:AL_7a,elbasvir
NS5A:31I+54H+92K:AL_1b:daclatasvir,category_II,II,2,0,,1,0,1,NS5A:31I+54H+92K:AL_1b,daclatasvir
NS5A:31I+54H+92T:AL_1b:daclatasvir,category_II,II,2,0,,1,0,1,NS5A:31I+54H+92T:AL_1b,daclatasvir
NS5A:31I+92K:AL_1b:daclatasvir,category_II,II,2,0,,1,0,1,NS5A:31I+92K:AL_1b,daclatasvir
NS5A:31I+93H:AL_1b:daclatasvir,category_I,I,1,0,,1,1,1,NS5A:31I+93H:AL_1b,daclatasvir
NS5A:31I+93H:AL_1b:ledipasvir,category_II,II,2,1,94862.5,0,,,NS5A:31I+93H:AL_1b,ledipasvir
NS5A:31I+93H:AL_3a:pibrentasvir,category_II,II,2,0,,1,0,1,NS5A:31I+93H:AL_3a,pibrentasvir
NS5A:31I:AL_1a:ledipasvir,category_II,II,2,1,370,0,,,NS5A:31I:AL_1a,ledipasvir
NS5A:31I:AL_1a:velpatasvir,insignificant,-,4,1,4.4,0,,,NS5A:31I:AL_1a,velpatasvir
NS5A:31I:AL_1b:daclatasvir,category_II,II,2,0,,1,0,1,NS5A:31I:AL_1b,daclatasvir
NS5A:31I:AL_1b:elbasvir,category_II,II,2,0,,1,1,0,NS5A:31I:AL_1b,elbasvir
NS5A:31I:AL_1b:ledipasvir,category_I,I,1,1,29.4,1,0,1,NS5A:31I:AL_1b,ledipasvir
NS5A:31I:AL_4d:ombitasvir,insignificant,-,4,1,2.5,0,,,NS5A:31I:AL_4d,ombitasvir
NS5A:31I:AL_6a:ombitasvir,category_II,II,2,1,108,0,,,NS5A:31I:AL_6a,ombitasvir
NS5A:31M+30R:AL_1a:elbasvir,category_II,II,2,0,,1,0,1,NS5A:31M+30R:AL_1a,elbasvir
NS5A:31M+37M+93H:AL_1a:elbasvir,category_II,II,2,0,,1,0,1,NS5A:31M+37M+93H:AL_1a,elbasvir
NS5A:31M+54H+62E:AL_1b:ledipasvir,category_II,II,2,0,,1,1,0,NS5A:31M+54H+62E:AL_1b,ledipasvir
NS5A:31M+54H+93H:AL_1b:ledipasvir,category_II,II,2,0,,1,1,0,NS5A:31M+54H+93H:AL_1b,ledipasvir
NS5A:31M+54H:AL_1b:ledipasvir,category_II,II,2,0,,1,1,0,NS5A:31M+54H:AL_1b,ledipasvir
NS5A:31M+58D:AL_1a:elbasvir,category_II,II,2,0,,1,0,1,NS5A:31M+58D:AL_1a,elbasvir
NS5A:31M+58D:AL_1a:pibrentasvir,category_I,I,1,1,23,1,1,0,NS5A:31M+58D:AL_1a,pibrentasvir
NS5A:31M+93C:AL_1a:daclatasvir,category_II,II,2,0,,1,0,1,NS5A:31M+93C:AL_1a,daclatasvir
NS5A:31M+93C:AL_1a:pibrentasvir,category_III,III,3,1,6.1,0,,,NS5A:31M+93C:AL_1a,pibrentasvir
NS5A:31M+93C:AL_1b:daclatasvir,category_II,II,2,0,,1,0,1,NS5A:31M+93C:AL_1b,daclatasvir
NS5A:31M+93H:AL_1a:velpatasvir,category_II,II,2,0,,1,0,1,NS5A:31M+93H:AL_1a,velpatasvir
NS5A:31M+93H:AL_1b:daclatasvir,category_I,I,1,1,7105,1,1,1,NS5A:31M+93H:AL_1b,daclatasvir
NS5A:31M+93H:AL_1b:elbasvir,category_I,I,1,1,1000,1,0,1,NS5A:31M+93H:AL_1b,elbasvir
NS5A:31M+93H:AL_1b:ledipasvir,category_I,I,1,1,20270.4,1,0,1,NS5A:31M+93H:AL_1b,ledipasvir
NS5A:31M+93H:AL_1b:ombitasvir,category_I,I,1,1,142,1,1,0,NS5A:31M+93H:AL_1b,ombitasvir
NS5A:31M+93H:AL_1b:velpatasvir,category_I,I,1,1,539.5,1,1,0,NS5A:31M+93H:AL_1b,velpatasvir
NS5A:31M:AL_1a:daclatasvir,category_I,I,1,1,350,1,0,1,NS5A:31M:AL_1a,daclatasvir
NS5A:31M:AL_1a:elbasvir,category_I,I,1,1,10,1,1,1,NS5A:31M:AL_1a,elbasvir
NS5A:31M:AL_1a:ledipasvir,category_I,I,1,1,554.4,1,1,1,NS5A:31M:AL_1a,ledipasvir
NS5A:31M:AL_1a:ombitasvir,category_II,II,2,1,2,1,1,0,NS5A:31M:AL_1a,ombitasvir
NS5A:31M:AL_1a:velpatasvir,category_I,I,1,1,16,1,1,0,NS5A:31M:AL_1a,velpatasvir
NS5A:31M:AL_1b:daclatasvir,category_I,I,1,1,3,1,1,1,NS5A:31M:AL_1b,daclatasvir
NS5A:31M:AL_1b:elbasvir,category_I,I,1,0,,1,1,1,NS5A:31M:AL_1b,elbasvir
NS5A:31M:AL_1b:ledipasvir,category_II,II,2,1,3.4,1,0,1,NS5A:31M:AL_1b,ledipasvir
NS5A:31M:AL_1b:ombitasvir,category_II,II,2,0,,1,1,0,NS5A:31M:AL_1b,ombitasvir
NS5A:31M:AL_1b:velpatasvir,category_II,II,2,0,,1,0,1,NS5A:31M:AL_1b,velpatasvir
NS5A:31M:AL_2:daclatasvir,category_II,II,2,0,,1,1,0,NS5A:31M:AL_2,daclatasvir
NS5A:31M:AL_2a:daclatasvir,category_I,I,1,1,539.5,1,1,0,NS5A:31M:AL_2a,daclatasvir
NS5A:31M:AL_2a:elbasvir,category_II,II,2,1,539.5,0,,,NS5A:31M:AL_2a,elbasvir
NS5A:31M:AL_2a:ombitasvir,category_II,II,2,0,,1,1,0,NS5A:31M:AL_2a,ombitasvir
NS5A:31M:AL_2a:velpatasvir,category_III,III,3,1,41.5,0,,,NS5A:31M:AL_2a,velpatasvir
NS5A:31M:AL_2b:daclatasvir,category_I,I,1,1,3200,1,1,1,NS5A:31M:AL_2b,daclatasvir
NS5A:31M:AL_2b:velpatasvir,category_II,II,2,0,,1,1,0,NS5A:31M:AL_2b,velpatasvir
NS5A:31M:AL_3:pibrentasvir,category_II,II,2,0,,1,1,0,NS5A:31M:AL_3,pibrentasvir
NS5A:31M:AL_3a:daclatasvir,category_II,II,2,1,537,0,,,NS5A:31M:AL_3a,daclatasvir
NS5A:31M:AL_3a:velpatasvir,category_II,II,2,1,70.8,0,,,NS5A:31M:AL_3a,velpatasvir
NS5A:31M:AL_6a:daclatasvir,category_II,II,2,1,878,0,,,NS5A:31M:AL_6a,daclatasvir
NS5A:31M:AL_6a:elbasvir,category_III,III,3,1,41.5,0,,,NS5A:31M:AL_6a,elbasvir
NS5A:31M:AL_6a:ombitasvir,category_III,III,3,1,26,0,,,NS5A:31M:AL_6a,ombitasvir
NS5A:31M:AL_6a:velpatasvir,category_III,III,3,1,41.5,0,,,NS5A:31M:AL_6a,velpatasvir
NS5A:31P:AL_1a:ledipasvir,category_II,II,2,0,,1,0,1,NS5A:31P:AL_1a,ledipasvir
NS5A:31V+37L+93H:AL_1b:daclatasvir,category_II,II,2,0,,1,0,1,NS5A:31V+37L+93H:AL_1b,daclatasvir
NS5A:31V+54H+58S+93H:AL_1b:daclatasvir,category_II,II,2,0,,1,0,1,NS5A:31V+54H+58S+93H:AL_1b,daclatasvir
NS5A:31V+54H+93H:AL_1b:daclatasvir,category_I,I,1,1,19000,1,0,1,NS5A:31V+54H+93H:AL_1b,daclatasvir
NS5A:31V+56R:AL_5a:daclatasvir,category_II,II,2,1,6125,0,,,NS5A:31V+56R:AL_5a,daclatasvir
NS5A:31V+58S:AL_1b:daclatasvir,category_I,I,1,1,162,1,0,1,NS5A:31V+58S:AL_1b,daclatasvir
NS5A:31V+93H:AL_1a:daclatasvir,category_II,II,2,1,166667,0,,,NS5A:31V+93H:AL_1a,daclatasvir
NS5A:31V+93H:AL_1a:elbasvir,category_II,II,2,1,38857,0,,,NS5A:31V+93H:AL_1a,elbasvir
NS5A:31V+93H:AL_1a:pibrentasvir,category_II,II,2,1,94,0,,,NS5A:31V+93H:AL_1a,pibrentasvir
NS5A:31V+93H:AL_1b:daclatasvir,category_I,I,1,1,14789,1,1,1,NS5A:31V+93H:AL_1b,daclatasvir
NS5A:31V+93H:AL_1b:ombitasvir,category_II,II,2,1,12328,0,,,NS5A:31V+93H:AL_1b,ombitasvir
NS5A:31V+93H:AL_4d:elbasvir,category_II,II,2,0,,1,0,1,NS5A:31V+93H:AL_4d,elbasvir
NS5A:31V+93N:AL_1a:elbasvir,category_I,I,1,1,53571,1,1,0,NS5A:31V+93N:AL_1a,elbasvir
NS5A:31V:AL_1a:daclatasvir,category_I,I,1,1,3386,1,0,1,NS5A:31V:AL_1a,daclatasvir
NS5A:31V:AL_1a:elbasvir,category_II,II,2,1,1000,0,,,NS5A:31V:AL_1a,elbasvir
NS5A:31V:AL_1a:ledipasvir,category_II,II,2,1,683,0,,,NS5A:31V:AL_1a,ledipasvir
NS5A:31V:AL_1a:velpatasvir,category_II,II,2,1,999,0,,,NS5A:31V:AL_1a,velpatasvir
NS5A:31V:AL_1b:daclatasvir,category_I,I,1,1,41.5,1,1,1,NS5A:31V:AL_1b,daclatasvir
NS5A:31V:AL_1b:elbasvir,insignificant,-,4,1,4,0,,,NS5A:31V:AL_1b,elbasvir
NS5A:31V:AL_1b:ledipasvir,category_I,I,1,1,42.9,1,0,1,NS5A:31V:AL_1b,ledipasvir
NS5A:31V:AL_1b:ombitasvir,category_I,I,1,1,8,1,0,1,NS5A:31V:AL_1b,ombitasvir
NS5A:31V:AL_1b:velpatasvir,category_II,II,2,1,2.3,1,0,1,NS5A:31V:AL_1b,velpatasvir
NS5A:31V:AL_2a:daclatasvir,category_II,II,2,1,539.5,0,,,NS5A:31V:AL_2a,daclatasvir
NS5A:31V:AL_2a:elbasvir,category_II,II,2,1,539.5,0,,,NS5A:31V:AL_2a,elbasvir
NS5A:31V:AL_2a:velpatasvir,category_III,III,3,1,41.5,0,,,NS5A:31V:AL_2a,velpatasvir
NS5A:31V:AL_2b:ombitasvir,category_II,II,2,1,511,0,,,NS5A:31V:AL_2b,ombitasvir
NS5A:31V:AL_3a:daclatasvir,category_II,II,2,1,1181,0,,,NS5A:31V:AL_3a,daclatasvir
NS5A:31V:AL_3a:elbasvir,category_II,II,2,1,1000,0,,,NS5A:31V:AL_3a,elbasvir
NS5A:31V:AL_3a:velpatasvir,category_II,II,2,1,999,0,,,NS5A:31V:AL_3a,velpatasvir
NS5A:31V:AL_4:elbasvir,insignificant,-,4,1,2.5,0,,,NS5A:31V:AL_4,elbasvir
NS5A:31V:AL_4a:daclatasvir,category_II,II,2,1,505,0,,,NS5A:31V:AL_4a,daclatasvir
NS5A:31V:AL_5a:daclatasvir,category_II,II,2,1,584,0,,,NS5A:31V:AL_5a,daclatasvir
NS5A:31V:AL_5a:elbasvir,category_III,III,3,1,41.5,0,,,NS5A:31V:AL_5a,elbasvir
NS5A:31V:AL_5a:ombitasvir,category_II,II,2,1,243,0,,,NS5A:31V:AL_5a,ombitasvir
NS5A:31V:AL_6a:daclatasvir,category_II,II,2,1,1000,0,,,NS5A:31V:AL_6a,daclatasvir
NS5A:31V:AL_6a:elbasvir,category_II,II,2,1,539.5,0,,,NS5A:31V:AL_6a,elbasvir
NS5A:31V:AL_6a:ombitasvir,category_II,II,2,1,68,0,,,NS5A:31V:AL_6a,ombitasvir
NS5A:31V:AL_6a:velpatasvir,category_II,II,2,1,2725,0,,,NS5A:31V:AL_6a,velpatasvir
NS5A:32del:AL_1a:daclatasvir,category_II,II,2,1,1000,0,,,NS5A:32del:AL_1a,daclatasvir
NS5A:32del:AL_1a:elbasvir,category_II,II,2,1,1000,0,,,NS5A:32del:AL_1a,elbasvir
NS5A:32del:AL_1a:velpatasvir,category_II,II,2,1,999,0,,,NS5A:32del:AL_1a,velpatasvir
NS5A:32del:AL_1b:daclatasvir,category_I,I,1,1,1000,1,0,1,NS5A:32del:AL_1b,daclatasvir
NS5A:32del:AL_1b:elbasvir,category_II,II,2,1,1000,0,,,NS5A:32del:AL_1b,elbasvir
NS5A:32del:AL_1b:ledipasvir,category_II,II,2,0,,1,0,1,NS5A:32del:AL_1b,ledipasvir
NS5A:32del:AL_1b:velpatasvir,category_II,II,2,1,999,0,,,NS5A:32del:AL_1b,velpatasvir
NS5A:32L:AL_1a:daclatasvir,category_II,II,2,1,233,0,,,NS5A:32L:AL_1a,daclatasvir
NS5A:32L:AL_1a:ledipasvir,category_II,II,2,1,348.6,0,,,NS5A:32L:AL_1a,ledipasvir
NS5A:32L:AL_1a:velpatasvir,category_III,III,3,1,28.4,0,,,NS5A:32L:AL_1a,velpatasvir
NS5A:32L:AL_1b:daclatasvir,category_I,I,1,1,17,1,0,1,NS5A:32L:AL_1b,daclatasvir
NS5A:32L:AL_1b:ledipasvir,category_III,III,3,1,8,0,,,NS5A:32L:AL_1b,ledipasvir
NS5A:32L:AL_6a:daclatasvir,category_II,II,2,1,5000,0,,,NS5A:32L:AL_6a,daclatasvir
NS5A:32S:AL_6a:daclatasvir,category_II,II,2,1,382,0,,,NS5A:32S:AL_6a,daclatasvir
NS5A:37I:AL_1b:daclatasvir,category_II,II,2,0,,1,1,0,NS5A:37I:AL_1b,daclatasvir
NS5A:37L+54H:AL_1b:daclatasvir,category_II,II,2,0,,1,1,0,NS5A:37L+54H:AL_1b,daclatasvir
NS5A:37L+54L+92T:AL_1b:daclatasvir,category_II,II,2,0,,1,1,0,NS5A:37L+54L+92T:AL_1b,daclatasvir
NS5A:37L+54Y:AL_1b:daclatasvir,category_II,II,2,0,,1,1,0,NS5A:37L+54Y:AL_1b,daclatasvir
NS5A:37L+93H:AL_1b:daclatasvir,category_III,III,3,1,19,0,,,NS5A:37L+93H:AL_1b,daclatasvir
NS5A:37L:AL_1b:daclatasvir,category_II,II,2,0,,1,1,0,NS5A:37L:AL_1b,daclatasvir
NS5A:37Y+54H:AL_1b:daclatasvir,category_II,II,2,0,,1,1,0,NS5A:37Y+54H:AL_1b,daclatasvir
NS5A:38F+93H:AL_1a:ledipasvir,category_II,II,2,0,,1,0,1,NS5A:38F+93H:AL_1a,ledipasvir
NS5A:38F:AL_1a:ledipasvir,category_I,I,1,1,54.400000000000006,1,0,1,NS5A:38F:AL_1a,ledipasvir
NS5A:54H+58A+62E+93H:AL_1b:ledipasvir,category_II,II,2,0,,1,1,0,NS5A:54H+58A+62E+93H:AL_1b,ledipasvir
NS5A:54H+93H:AL_1b:daclatasvir,category_III,III,3,1,10,0,,,NS5A:54H+93H:AL_1b,daclatasvir
NS5A:54L:AL_1b:daclatasvir,category_I,I,1,0,,1,1,1,NS5A:54L:AL_1b,daclatasvir
NS5A:56R:AL_5a:daclatasvir,insignificant,-,4,1,3,0,,,NS5A:56R:AL_5a,daclatasvir
NS5A:58A+93H:AL_1b:ombitasvir,category_II,II,2,1,1226,0,,,NS5A:58A+93H:AL_1b,ombitasvir
NS5A:58A:AL_6a:daclatasvir,category_III,III,3,1,47,0,,,NS5A:58A:AL_6a,daclatasvir
NS5A:58A:AL_6a:ombitasvir,category_II,II,2,1,74,0,,,NS5A:58A:AL_6a,ombitasvir
NS5A:58D+30R:AL_1a:elbasvir,category_II,II,2,0,,1,0,1,NS5A:58D+30R:AL_1a,elbasvir
NS5A:58D+93C:AL_1a:velpatasvir,category_II,II,2,0,,1,0,1,NS5A:58D+93C:AL_1a,velpatasvir
NS5A:58D+93H:AL_1a:pibrentasvir,category_II,II,2,1,2238,0,,,NS5A:58D+93H:AL_1a,pibrentasvir
NS5A:58D:AL_1a:daclatasvir,category_II,II,2,1,500,0,,,NS5A:58D:AL_1a,daclatasvir
NS5A:58D:AL_1a:elbasvir,category_I,I,1,1,6,1,1,1,NS5A:58D:AL_1a,elbasvir
NS5A:58D:AL_1a:ledipasvir,category_II,II,2,1,1127.4,0,,,NS5A:58D:AL_1a,ledipasvir
NS5A:58D:AL_1a:ombitasvir,category_I,I,1,1,243,1,1,0,NS5A:58D:AL_1a,ombitasvir
NS5A:58D:AL_1a:pibrentasvir,category_II,II,2,0,,1,0,1,NS5A:58D:AL_1a,pibrentasvir
NS5A:58D:AL_1a:velpatasvir,category_III,III,3,1,7.3,0,,,NS5A:58D:AL_1a,velpatasvir
NS5A:58D:AL_1b:ledipasvir,category_II,II,2,1,238.3,0,,,NS5A:58D:AL_1b,ledipasvir
NS5A:58D:AL_4a:elbasvir,category_II,II,2,0,,1,0,1,NS5A:58D:AL_4a,elbasvir
NS5A:58L+93H:AL_1b:ombitasvir,category_II,II,2,1,135,0,,,NS5A:58L+93H:AL_1b,ombitasvir
NS5A:58L:AL_4a:daclatasvir,category_III,III,3,1,41.5,0,,,NS5A:58L:AL_4a,daclatasvir
NS5A:58L:AL_4a:ombitasvir,category_II,II,2,0,,1,1,0,NS5A:58L:AL_4a,ombitasvir
NS5A:58N:AL_6a:daclatasvir,category_II,II,2,1,532,0,,,NS5A:58N:AL_6a,daclatasvir
NS5A:58N:AL_6a:ombitasvir,category_II,II,2,1,101,0,,,NS5A:58N:AL_6a,ombitasvir
NS5A:58P:AL_4:elbasvir,category_II,II,2,0,,1,1,0,NS5A:58P:AL_4,elbasvir
NS5A:58P:AL_4d:ombitasvir,category_II,II,2,0,,1,1,0,NS5A:58P:AL_4d,ombitasvir
NS5A:58Q+93N:AL_1b:daclatasvir,category_II,II,2,0,,1,0,1,NS5A:58Q+93N:AL_1b,daclatasvir
NS5A:58S+62T+93H:AL_3:elbasvir,category_II,II,2,0,,1,1,0,NS5A:58S+62T+93H:AL_3,elbasvir
NS5A:58S+93H:AL_1b:ombitasvir,category_I,I,1,1,1401,1,1,0,NS5A:58S+93H:AL_1b,ombitasvir
NS5A:58S+93H:AL_3a:daclatasvir,category_II,II,2,1,3430,0,,,NS5A:58S+93H:AL_3a,daclatasvir
NS5A:58S:AL_1b:daclatasvir,category_II,II,2,0,,1,1,0,NS5A:58S:AL_1b,daclatasvir
NS5A:58S:AL_1b:ombitasvir,category_II,II,2,0,,1,0,1,NS5A:58S:AL_1b,ombitasvir
NS5A:58S:AL_2b:velpatasvir,insignificant,-,4,1,2.5,0,,,NS5A:58S:AL_2b,velpatasvir
NS5A:58S:AL_4d:ombitasvir,category_II,II,2,0,,1,1,0,NS5A:58S:AL_4d,ombitasvir
NS5A:58S:AL_6a:daclatasvir,category_III,III,3,1,48,0,,,NS5A:58S:AL_6a,daclatasvir
NS5A:58S:AL_6a:ombitasvir,category_III,III,3,1,44,0,,,NS5A:58S:AL_6a,ombitasvir
NS5A:58T:AL_3:pibrentasvir,category_II,II,2,0,,1,0,1,NS5A:58T:AL_3,pibrentasvir
NS5A:58T:AL_4d:elbasvir,category_II,II,2,0,,1,1,0,NS5A:58T:AL_4d,elbasvir
NS5A:62A+93H:AL_3a:daclatasvir,category_II,II,2,1,2783,0,,,NS5A:62A+93H:AL_3a,daclatasvir
NS5A:62A:AL_1a:pibrentasvir,category_II,II,2,0,,1,1,0,NS5A:62A:AL_1a,pibrentasvir
NS5A:62D+93H:AL_2a:daclatasvir,category_II,II,2,1,539.5,0,,,NS5A:62D+93H:AL_2a,daclatasvir
NS5A:62D+93H:AL_2a:elbasvir,category_III,III,3,1,41.5,0,,,NS5A:62D+93H:AL_2a,elbasvir
NS5A:62D+93H:AL_2a:velpatasvir,category_II,II,2,1,999,0,,,NS5A:62D+93H:AL_2a,velpatasvir
NS5A:62L:AL_3a:daclatasvir,insignificant,-,4,1,2,0,,,NS5A:62L:AL_3a,daclatasvir
NS5A:62T+93H:AL_3a:daclatasvir,category_II,II,2,1,2606,0,,,NS5A:62T+93H:AL_3a,daclatasvir
NS5A:8A+30H:AL_4a:daclatasvir,category_II,II,2,1,539.5,0,,,NS5A:8A+30H:AL_4a,daclatasvir
NS5A:8A+58L:AL_4a:daclatasvir,category_III,III,3,1,41.5,0,,,NS5A:8A+58L:AL_4a,daclatasvir
NS5A:8A+58L:AL_4a:elbasvir,category_III,III,3,1,41.5,0,,,NS5A:8A+58L:AL_4a,elbasvir
NS5A:92A+93H:AL_3a:daclatasvir,category_II,II,2,1,292,0,,,NS5A:92A+93H:AL_3a,daclatasvir
NS5A:92E+93H:AL_1b:ombitasvir,category_II,II,2,0,,1,1,0,NS5A:92E+93H:AL_1b,ombitasvir
NS5A:92E:AL_1b:ledipasvir,insignificant,-,4,1,0.3,0,,,NS5A:92E:AL_1b,ledipasvir
NS5A:92K:AL_1a:ledipasvir,category_II,II,2,1,8333,0,,,NS5A:92K:AL_1a,ledipasvir
NS5A:92K:AL_1b:daclatasvir,category_II,II,2,0,,1,0,1,NS5A:92K:AL_1b,daclatasvir
NS5A:92K:AL_1b:ledipasvir,category_II,II,2,1,10000,0,,,NS5A:92K:AL_1b,ledipasvir
NS5A:92M+93H:AL_1b:ombitasvir,category_II,II,2,0,,1,1,0,NS5A:92M+93H:AL_1b,ombitasvir
NS5A:92R:AL_2a:daclatasvir,category_II,II,2,1,115.5,0,,,NS5A:92R:AL_2a,daclatasvir
NS5A:92R:AL_2b:daclatasvir,category_III,III,3,1,41.5,0,,,NS5A:92R:AL_2b,daclatasvir
NS5A:92S:AL_2a:daclatasvir,category_III,III,3,1,41.5,0,,,NS5A:92S:AL_2a,daclatasvir
NS5A:92T+93H:AL_1b:ombitasvir,category_II,II,2,0,,1,1,0,NS5A:92T+93H:AL_1b,ombitasvir
NS5A:92T:AL_1a:ledipasvir,category_III,III,3,1,15.2,0,,,NS5A:92T:AL_1a,ledipasvir
NS5A:92V+93H:AL_1b:ombitasvir,category_II,II,2,0,,1,1,0,NS5A:92V+93H:AL_1b,ombitasvir
NS5A:93C:AL_1a:daclatasvir,category_I,I,1,1,1864,1,0,1,NS5A:93C:AL_1a,daclatasvir
NS5A:93C:AL_1a:elbasvir,category_II,II,2,1,1000,0,,,NS5A:93C:AL_1a,elbasvir
NS5A:93C:AL_1a:ledipasvir,category_I,I,1,1,1601.5,1,1,1,NS5A:93C:AL_1a,ledipasvir
NS5A:93C:AL_1a:ombitasvir,category_II,II,2,1,1675,0,,,NS5A:93C:AL_1a,ombitasvir
NS5A:93C:AL_1a:velpatasvir,category_II,II,2,1,999,0,,,NS5A:93C:AL_1a,velpatasvir
NS5A:93C:AL_1b:ledipasvir,category_III,III,3,1,5.3,0,,,NS5A:93C:AL_1b,ledipasvir
NS5A:93C:AL_1b:ombitasvir,category_II,II,2,0,,1,0,1,NS5A:93C:AL_1b,ombitasvir
NS5A:93C:AL_4:daclatasvir,category_II,II,2,0,,1,0,1,NS5A:93C:AL_4,daclatasvir
NS5A:93C:AL_4:ledipasvir,category_II,II,2,0,,1,0,1,NS5A:93C:AL_4,ledipasvir
NS5A:93C:AL_4:ombitasvir,category_II,II,2,0,,1,1,0,NS5A:93C:AL_4,ombitasvir
NS5A:93C:AL_4g:elbasvir,category_II,II,2,0,,1,0,1,NS5A:93C:AL_4g,elbasvir
NS5A:93F:AL_1a:ledipasvir,category_I,I,1,1,7.1,1,1,0,NS5A:93F:AL_1a,ledipasvir
NS5A:93F:AL_1a:velpatasvir,insignificant,-,4,1,2.5,0,,,NS5A:93F:AL_1a,velpatasvir
NS5A:93H+99A:AL_3a:daclatasvir,category_II,II,2,1,1000,0,,,NS5A:93H+99A:AL_3a,daclatasvir
NS5A:93H+99A:AL_3a:elbasvir,category_II,II,2,1,539.5,0,,,NS5A:93H+99A:AL_3a,elbasvir
NS5A:93H+99A:AL_3a:velpatasvir,category_II,II,2,1,539.5,0,,,NS5A:93H+99A:AL_3a,velpatasvir
NS5A:93H:AL_1a:daclatasvir,category_I,I,1,1,5432,1,0,1,NS5A:93H:AL_1a,daclatasvir
NS5A:93H:AL_1a:elbasvir,category_I,I,1,1,1000,1,1,0,NS5A:93H:AL_1a,elbasvir
NS5A:93H:AL_1a:ledipasvir,category_I,I,1,1,1676.7,1,1,1,NS5A:93H:AL_1a,ledipasvir
NS5A:93H:AL_1a:ombitasvir,category_II,II,2,1,41383,0,,,NS5A:93H:AL_1a,ombitasvir
NS5A:93H:AL_1a:pibrentasvir,category_I,I,1,1,6.7,1,0,1,NS5A:93H:AL_1a,pibrentasvir
NS5A:93H:AL_1a:velpatasvir,category_I,I,1,1,609.1,1,0,1,NS5A:93H:AL_1a,velpatasvir
NS5A:93H:AL_1b:daclatasvir,category_I,I,1,1,539.5,1,1,1,NS5A:93H:AL_1b,daclatasvir
NS5A:93H:AL_1b:elbasvir,category_I,I,1,1,41.5,1,1,1,NS5A:93H:AL_1b,elbasvir
NS5A:93H:AL_1b:ledipasvir,category_I,I,1,1,1807.2999999999997,1,1,1,NS5A:93H:AL_1b,ledipasvir
NS5A:93H:AL_1b:ombitasvir,category_I,I,1,1,77,1,1,1,NS5A:93H:AL_1b,ombitasvir
NS5A:93H:AL_1b:velpatasvir,category_I,I,1,1,3.3,1,1,1,NS5A:93H:AL_1b,velpatasvir
NS5A:93H:AL_1c:velpatasvir,category_I,I,1,1,763,1,0,1,NS5A:93H:AL_1c,velpatasvir
NS5A:93H:AL_1h:velpatasvir,category_I,I,1,1,763,1,0,1,NS5A:93H:AL_1h,velpatasvir
NS5A:93H:AL_2a:daclatasvir,category_II,II,2,1,1750,0,,,NS5A:93H:AL_2a,daclatasvir
NS5A:93H:AL_2a:elbasvir,category_III,III,3,1,41.5,0,,,NS5A:93H:AL_2a,elbasvir
NS5A:93H:AL_2a:velpatasvir,category_I,I,1,1,999,1,0,1,NS5A:93H:AL_2a,velpatasvir
NS5A:93H:AL_2b:daclatasvir,category_II,II,2,1,539.5,0,,,NS5A:93H:AL_2b,daclatasvir
NS5A:93H:AL_2b:elbasvir,category_III,III,3,1,41.5,0,,,NS5A:93H:AL_2b,elbasvir
NS5A:93H:AL_2b:velpatasvir,category_II,II,2,1,999,0,,,NS5A:93H:AL_2b,velpatasvir
NS5A:93H:AL_2d:velpatasvir,category_II,II,2,0,,1,0,1,NS5A:93H:AL_2d,velpatasvir
NS5A:93H:AL_2j:velpatasvir,category_II,II,2,0,,1,0,1,NS5A:93H:AL_2j,velpatasvir
NS5A:93H:AL_3:daclatasvir,category_I,I,1,0,,1,1,1,NS5A:93H:AL_3,daclatasvir
NS5A:93H:AL_3:elbasvir,category_II,II,2,0,,1,0,1,NS5A:93H:AL_3,elbasvir
NS5A:93H:AL_3:pibrentasvir,category_I,I,1,0,,1,1,1,NS5A:93H:AL_3,pibrentasvir
NS5A:93H:AL_3:velpatasvir,category_II,II,2,0,,1,0,1,NS5A:93H:AL_3,velpatasvir
NS5A:93H:AL_3a:daclatasvir,category_I,I,1,1,2745,1,1,1,NS5A:93H:AL_3a,daclatasvir
NS5A:93H:AL_3a:elbasvir,category_II,II,2,1,1000,0,,,NS5A:93H:AL_3a,elbasvir
NS5A:93H:AL_3a:ombitasvir,category_II,II,2,1,6728,0,,,NS5A:93H:AL_3a,ombitasvir
NS5A:93H:AL_3a:pibrentasvir,category_I,I,1,1,2.3,1,1,1,NS5A:93H:AL_3a,pibrentasvir
NS5A:93H:AL_3a:velpatasvir,category_I,I,1,1,35154,1,1,1,NS5A:93H:AL_3a,velpatasvir
NS5A:93H:AL_4:daclatasvir,category_II,II,2,0,,1,0,1,NS5A:93H:AL_4,daclatasvir
NS5A:93H:AL_4:elbasvir,category_III,III,3,1,7.5,0,,,NS5A:93H:AL_4,elbasvir
NS5A:93H:AL_4:ledipasvir,category_II,II,2,0,,1,0,1,NS5A:93H:AL_4,ledipasvir
NS5A:93H:AL_4:ombitasvir,category_II,II,2,1,60,0,,,NS5A:93H:AL_4,ombitasvir
NS5A:93H:AL_4a:daclatasvir,category_II,II,2,1,505,0,,,NS5A:93H:AL_4a,daclatasvir
NS5A:93H:AL_4a:velpatasvir,insignificant,-,4,1,2.9,0,,,NS5A:93H:AL_4a,velpatasvir
NS5A:93H:AL_4d:velpatasvir,category_II,II,2,0,,1,0,1,NS5A:93H:AL_4d,velpatasvir
NS5A:93I:AL_6a:ombitasvir,category_III,III,3,1,29,0,,,NS5A:93I:AL_6a,ombitasvir
NS5A:93L:AL_1a:ombitasvir,category_II,II,2,0,,1,1,0,NS5A:93L:AL_1a,ombitasvir
NS5A:93N:AL_1a:daclatasvir,category_I,I,1,1,47477,1,1,1,NS5A:93N:AL_1a,daclatasvir
NS5A:93N:AL_1a:elbasvir,category_I,I,1,1,1464.5,1,1,1,NS5A:93N:AL_1a,elbasvir
NS5A:93N:AL_1a:ledipasvir,category_I,I,1,1,6677.4,1,1,1,NS5A:93N:AL_1a,ledipasvir
NS5A:93N:AL_1a:ombitasvir,category_I,I,1,1,66740,1,1,0,NS5A:93N:AL_1a,ombitasvir
NS5A:93N:AL_1a:pibrentasvir,category_I,I,1,1,7.1,1,1,0,NS5A:93N:AL_1a,pibrentasvir
NS5A:93N:AL_1a:velpatasvir,category_I,I,1,1,2758,1,1,1,NS5A:93N:AL_1a,velpatasvir
NS5A:93N:AL_1b:daclatasvir,category_I,I,1,1,539.5,1,0,1,NS5A:93N:AL_1b,daclatasvir
NS5A:93N:AL_1b:elbasvir,category_III,III,3,1,41.5,0,,,NS5A:93N:AL_1b,elbasvir
NS5A:93N:AL_1b:ledipasvir,category_II,II,2,1,110.4,0,,,NS5A:93N:AL_1b,ledipasvir
NS5A:93N:AL_1b:velpatasvir,category_III,III,3,1,41.5,0,,,NS5A:93N:AL_1b,velpatasvir
NS5A:93N:AL_2a:daclatasvir,category_III,III,3,1,41.5,0,,,NS5A:93N:AL_2a,daclatasvir
NS5A:93N:AL_4a:velpatasvir,category_III,III,3,1,12.7,0,,,NS5A:93N:AL_4a,velpatasvir
NS5A:93R:AL_1a:velpatasvir,category_II,II,2,1,497.2,0,,,NS5A:93R:AL_1a,velpatasvir
NS5A:93R:AL_4a:daclatasvir,category_II,II,2,1,454,0,,,NS5A:93R:AL_4a,daclatasvir
NS5A:93S:AL_1a:elbasvir,category_II,II,2,0,,1,1,0,NS5A:93S:AL_1a,elbasvir
NS5A:93S:AL_1a:ledipasvir,category_II,II,2,1,1626.1,0,,,NS5A:93S:AL_1a,ledipasvir
NS5A:93S:AL_1a:ombitasvir,category_II,II,2,1,1013,0,,,NS5A:93S:AL_1a,ombitasvir
NS5A:93S:AL_1a:velpatasvir,category_II,II,2,1,63.9,0,,,NS5A:93S:AL_1a,velpatasvir
NS5A:93S:AL_1b:ledipasvir,category_II,II,2,1,141.6,0,,,NS5A:93S:AL_1b,ledipasvir
NS5A:93S:AL_1b:ombitasvir,category_III,III,3,1,12,0,,,NS5A:93S:AL_1b,ombitasvir
NS5A:93S:AL_4a:daclatasvir,category_II,II,2,1,505,0,,,NS5A:93S:AL_4a,daclatasvir
NS5A:93S:AL_6a:ombitasvir,category_III,III,3,1,46,0,,,NS5A:93S:AL_6a,ombitasvir
NS5A:93W:AL_1a:velpatasvir,category_II,II,2,1,998.9,0,,,NS5A:93W:AL_1a,velpatasvir
NS5A:93W:AL_4a:daclatasvir,category_II,II,2,1,1000,0,,,NS5A:93W:AL_4a,daclatasvir
NS5B:100R+188D:AL_3a:sofosbuvir,category_III,III,3,1,31.8,0,,,NS5B:100R+188D:AL_3a,sofosbuvir
NS5B:100R:AL_3a:sofosbuvir,insignificant,-,4,1,2,0,,,NS5B:100R:AL_3a,sofosbuvir
NS5B:150V+206E:AL_3a:sofosbuvir,category_III,III,3,1,35.8,0,,,NS5B:150V+206E:AL_3a,sofosbuvir
NS5B:150V:AL_3a:sofosbuvir,category_I,I,1,1,7.8,1,1,0,NS5B:150V:AL_3a,sofosbuvir
NS5B:159F+282T+320F:AL_1b:sofosbuvir,category_III,III,3,1,23,0,,,NS5B:159F+282T+320F:AL_1b,sofosbuvir
NS5B:159F+282T:AL_1a:sofosbuvir,category_III,III,3,1,30,0,,,NS5B:159F+282T:AL_1a,sofosbuvir
NS5B:159F+282T:AL_1b:sofosbuvir,category_III,III,3,1,11,0,,,NS5B:159F+282T:AL_1b,sofosbuvir
NS5B:159F+316H:AL_1b:sofosbuvir,category_II,II,2,0,,1,0,1,NS5B:159F+316H:AL_1b,sofosbuvir
NS5B:159F+316N:AL_1b:dasabuvir,category_II,II,2,0,,1,1,0,NS5B:159F+316N:AL_1b,dasabuvir
NS5B:159F+316N:AL_1b:sofosbuvir,category_I,I,1,0,,1,1,1,NS5B:159F+316N:AL_1b,sofosbuvir
NS5B:159F+316N:AL_3:sofosbuvir,category_II,II,2,0,,1,1,0,NS5B:159F+316N:AL_3,sofosbuvir
NS5B:159F+320F:AL_1a:sofosbuvir,insignificant,-,4,1,4.3,0,,,NS5B:159F+320F:AL_1a,sofosbuvir
NS5B:159F+320F:AL_1b:sofosbuvir,insignificant,-,4,1,2.6,0,,,NS5B:159F+320F:AL_1b,sofosbuvir
NS5B:159F+321A:AL_1b:sofosbuvir,category_II,II,2,0,,1,0,1,NS5B:159F+321A:AL_1b,sofosbuvir
NS5B:159F:AL_1:sofosbuvir,category_II,II,2,0,,1,0,1,NS5B:159F:AL_1,sofosbuvir
NS5B:159F:AL_1a:sofosbuvir,category_II,II,2,0,,1,0,1,NS5B:159F:AL_1a,sofosbuvir
NS5B:159F:AL_1b:dasabuvir,category_III,III,3,1,11,0,,,NS5B:159F:AL_1b,dasabuvir
NS5B:159F:AL_1b:sofosbuvir,category_I,I,1,0,,1,1,1,NS5B:159F:AL_1b,sofosbuvir
NS5B:159F:AL_2:sofosbuvir,category_II,II,2,0,,1,0,1,NS5B:159F:AL_2,sofosbuvir
NS5B:159F:AL_3:sofosbuvir,category_I,I,1,0,,1,1,1,NS5B:159F:AL_3,sofosbuvir
NS5B:159F:AL_3a:sofosbuvir,category_II,II,2,1,2,1,0,1,NS5B:159F:AL_3a,sofosbuvir
NS5B:179A+282T+289L+293L+434T:AL_2a:sofosbuvir,category_III,III,3,1,10.6,0,,,NS5B:179A+282T+289L+293L+434T:AL_2a,sofosbuvir
NS5B:179A+282T+289L+293L+479P:AL_2a:sofosbuvir,category_III,III,3,1,11.8,0,,,NS5B:179A+282T+289L+293L+479P:AL_2a,sofosbuvir
NS5B:179A+282T+289L+293L:AL_2a:sofosbuvir,category_III,III,3,1,9.5,0,,,NS5B:179A+282T+289L+293L:AL_2a,sofosbuvir
NS5B:179A+282T+289L+479P:AL_2a:sofosbuvir,category_III,III,3,1,11.4,0,,,NS5B:179A+282T+289L+479P:AL_2a,sofosbuvir
NS5B:179A+282T+293L+479P:AL_2a:sofosbuvir,category_III,III,3,1,9,0,,,NS5B:179A+282T+293L+479P:AL_2a,sofosbuvir
NS5B:179A+282T+293L:AL_2a:sofosbuvir,category_III,III,3,1,8.3,0,,,NS5B:179A+282T+293L:AL_2a,sofosbuvir
NS5B:179A:AL_1b:sofosbuvir,insignificant,-,4,1,2,0,,,NS5B:179A:AL_1b,sofosbuvir
NS5B:188D:AL_3a:sofosbuvir,category_III,III,3,1,10.9,0,,,NS5B:188D:AL_3a,sofosbuvir
NS5B:206E:AL_3a:sofosbuvir,category_III,III,3,1,8.3,0,,,NS5B:206E:AL_3a,sofosbuvir
NS5B:237G:AL_1a:sofosbuvir,category_II,II,2,0,,1,0,1,NS5B:237G:AL_1a,sofosbuvir
NS5B:244I:AL_3a:sofosbuvir,category_III,III,3,1,16.4,0,,,NS5B:244I:AL_3a,sofosbuvir
NS5B:282T+159F:AL_1a:sofosbuvir,category_II,II,2,0,,1,0,1,NS5B:282T+159F:AL_1a,sofosbuvir
NS5B:282T+289L+293L+434T:AL_2a:sofosbuvir,category_III,III,3,1,7.1,0,,,NS5B:282T+289L+293L+434T:AL_2a,sofosbuvir
NS5B:282T+289L+293L+479P:AL_2a:sofosbuvir,category_III,III,3,1,8.4,0,,,NS5B:282T+289L+293L+479P:AL_2a,sofosbuvir
NS5B:282T+289L+479P:AL_2a:sofosbuvir,category_III,III,3,1,7.4,0,,,NS5B:282T+289L+479P:AL_2a,sofosbuvir
NS5B:282T+289L:AL_1b:sofosbuvir,category_III,III,3,1,10.8,0,,,NS5B:282T+289L:AL_1b,sofosbuvir
NS5B:282T+289L:AL_2a:sofosbuvir,category_III,III,3,1,5.65,0,,,NS5B:282T+289L:AL_2a,sofosbuvir
NS5B:282T+320F:AL_1a:sofosbuvir,category_III,III,3,1,41,0,,,NS5B:282T+320F:AL_1a,sofosbuvir
NS5B:282T+320F:AL_1b:sofosbuvir,category_III,III,3,1,13,0,,,NS5B:282T+320F:AL_1b,sofosbuvir
NS5B:282T+321I:AL_4:sofosbuvir,insignificant,-,4,1,3,0,,,NS5B:282T+321I:AL_4,sofosbuvir
NS5B:282T:AL_1a:sofosbuvir,category_I,I,1,1,17,1,0,1,NS5B:282T:AL_1a,sofosbuvir
NS5B:282T:AL_1b:sofosbuvir,category_I,I,1,1,8.8,1,0,1,NS5B:282T:AL_1b,sofosbuvir
NS5B:282T:AL_2a:sofosbuvir,category_II,II,2,1,3.6,1,0,1,NS5B:282T:AL_2a,sofosbuvir
NS5B:282T:AL_2b:sofosbuvir,category_I,I,1,1,16.2,1,0,1,NS5B:282T:AL_2b,sofosbuvir
NS5B:282T:AL_2d:sofosbuvir,category_II,II,2,0,,1,0,1,NS5B:282T:AL_2d,sofosbuvir
NS5B:282T:AL_2j:sofosbuvir,category_II,II,2,0,,1,0,1,NS5B:282T:AL_2j,sofosbuvir
NS5B:282T:AL_3:sofosbuvir,category_II,II,2,0,,1,0,1,NS5B:282T:AL_3,sofosbuvir
NS5B:282T:AL_3a:sofosbuvir,category_I,I,1,1,71.7,1,0,1,NS5B:282T:AL_3a,sofosbuvir
NS5B:282T:AL_4:sofosbuvir,category_I,I,1,1,6.1,1,0,1,NS5B:282T:AL_4,sofosbuvir
NS5B:282T:AL_4a:sofosbuvir,category_II,II,2,0,,1,0,1,NS5B:282T:AL_4a,sofosbuvir
NS5B:282T:AL_4r:sofosbuvir,category_II,II,2,0,,1,0,1,NS5B:282T:AL_4r,sofosbuvir
NS5B:282T:AL_6a:sofosbuvir,category_III,III,3,1,8,0,,,NS5B:282T:AL_6a,sofosbuvir
NS5B:282T:AL_6l:sofosbuvir,category_II,II,2,0,,1,0,1,NS5B:282T:AL_6l,sofosbuvir
NS5B:289I:AL_3:sofosbuvir,category_II,II,2,0,,1,1,0,NS5B:289I:AL_3,sofosbuvir
NS5B:289L:AL_1b:sofosbuvir,insignificant,-,4,1,2,0,,,NS5B:289L:AL_1b,sofosbuvir
NS5B:289L:AL_2a:sofosbuvir,insignificant,-,4,1,2.9,0,,,NS5B:289L:AL_2a,sofosbuvir
NS5B:316H+321I:AL_2:sofosbuvir,category_II,II,2,0,,1,1,0,NS5B:316H+321I:AL_2,sofosbuvir
NS5B:316H:AL_1b:sofosbuvir,category_II,II,2,0,,1,0,1,NS5B:316H:AL_1b,sofosbuvir
NS5B:316N+556G:AL_1b:dasabuvir,category_I,I,1,0,,1,1,1,NS5B:316N+556G:AL_1b,dasabuvir
NS5B:316N:AL_1b:dasabuvir,category_I,I,1,1,11,1,0,1,NS5B:316N:AL_1b,dasabuvir
NS5B:316N:AL_1b:sofosbuvir,category_I,I,1,0,,1,1,1,NS5B:316N:AL_1b,sofosbuvir
NS5B:316Y+556G:AL_1a:dasabuvir,category_II,II,2,0,,1,1,0,NS5B:316Y+556G:AL_1a,dasabuvir
NS5B:316Y:AL_1a:dasabuvir,category_II,II,2,1,1472,0,,,NS5B:316Y:AL_1a,dasabuvir
NS5B:316Y:AL_1b:dasabuvir,category_II,II,2,1,1569,0,,,NS5B:316Y:AL_1b,dasabuvir
NS5B:320F:AL_1a:sofosbuvir,insignificant,-,4,1,2.7,0,,,NS5B:320F:AL_1a,sofosbuvir
NS5B:321A:AL_1a:sofosbuvir,category_II,II,2,0,,1,0,1,NS5B:321A:AL_1a,sofosbuvir
NS5B:321A:AL_3:sofosbuvir,category_II,II,2,0,,1,0,1,NS5B:321A:AL_3,sofosbuvir
NS5B:321A:AL_3a:sofosbuvir,category_III,III,3,1,5,0,,,NS5B:321A:AL_3a,sofosbuvir
NS5B:321I:AL_1b:sofosbuvir,category_II,II,2,0,,1,1,0,NS5B:321I:AL_1b,sofosbuvir
NS5B:321I:AL_4r:sofosbuvir,category_II,II,2,0,,1,1,0,NS5B:321I:AL_4r,sofosbuvir
NS5B:368T:AL_1b:dasabuvir,category_II,II,2,1,139,0,,,NS5B:368T:AL_1b,dasabuvir
NS5B:395G:AL_1a:dasabuvir,category_III,III,3,1,10,0,,,NS5B:395G:AL_1a,dasabuvir
NS5B:411S:AL_1b:dasabuvir,category_II,II,2,1,84,0,,,NS5B:411S:AL_1b,dasabuvir
NS5B:414I:AL_1a:dasabuvir,category_II,II,2,0,,1,1,0,NS5B:414I:AL_1a,dasabuvir
NS5B:414T+556G:AL_1a:dasabuvir,category_II,II,2,0,,1,0,1,NS5B:414T+556G:AL_1a,dasabuvir
NS5B:414T:AL_1a:dasabuvir,category_III,III,3,1,32,0,,,NS5B:414T:AL_1a,dasabuvir
NS5B:414T:AL_1b:dasabuvir,category_III,III,3,1,47,0,,,NS5B:414T:AL_1b,dasabuvir
NS5B:444K:AL_1a:dasabuvir,category_III,III,3,1,23,0,,,NS5B:444K:AL_1a,dasabuvir
NS5B:445F:AL_1b:dasabuvir,category_III,III,3,1,16,0,,,NS5B:445F:AL_1b,dasabuvir
NS5B:448C:AL_1a:dasabuvir,category_II,II,2,1,940,0,,,NS5B:448C:AL_1a,dasabuvir
NS5B:448C:AL_1b:dasabuvir,category_II,II,2,1,414,0,,,NS5B:448C:AL_1b,dasabuvir
NS5B:448H:AL_1a:dasabuvir,category_II,II,2,1,975,0,,,NS5B:448H:AL_1a,dasabuvir
NS5B:448H:AL_1b:dasabuvir,category_III,III,3,1,46,0,,,NS5B:448H:AL_1b,dasabuvir
NS5B:451S:AL_1b:dasabuvir,category_III,III,3,1,16,0,,,NS5B:451S:AL_1b,dasabuvir
NS5B:495A:AL_1b:dasabuvir,insignificant,-,4,1,2.4,0,,,NS5B:495A:AL_1b,dasabuvir
NS5B:553T:AL_1a:dasabuvir,category_II,II,2,0,,1,0,1,NS5B:553T:AL_1a,dasabuvir
NS5B:553V:AL_1b:dasabuvir,category_II,II,2,1,120,0,,,NS5B:553V:AL_1b,dasabuvir
NS5B:554S+556G:AL_1a:dasabuvir,category_II,II,2,0,,1,0,1,NS5B:554S+556G:AL_1a,dasabuvir
NS5B:556G:AL_1a:dasabuvir,category_I,I,1,1,30,1,1,1,NS5B:556G:AL_1a,dasabuvir
NS5B:556G:AL_1b:dasabuvir,category_I,I,1,1,15,1,0,1,NS5B:556G:AL_1b,dasabuvir
NS5B:556N:AL_1a:dasabuvir,category_III,III,3,1,29,0,,,NS5B:556N:AL_1a,dasabuvir
NS5B:556R:AL_1a:dasabuvir,category_II,II,2,0,,1,1,0,NS5B:556R:AL_1a,dasabuvir
NS5B:558R:AL_1a:dasabuvir,category_II,II,2,0,,1,0,1,NS5B:558R:AL_1a,dasabuvir
NS5B:559G:AL_1a:dasabuvir,category_II,II,2,0,,1,0,1,NS5B:559G:AL_1a,dasabuvir
NS5B:565F:AL_1a:dasabuvir,category_III,III,3,1,17,0,,,NS5B:565F:AL_1a,dasabuvir
NS5B:585V:AL_1b:dasabuvir,category_III,III,3,1,16,0,,,NS5B:585V:AL_1b,dasabuvir