id,phdr_in_vivo_result_id,phdr_clinical_trial_id
DCV_141:ALLY-2,DCV_141,ALLY-2
DCV_142:ALLY-2,DCV_142,ALLY-2
DCV_143:ALLY-2,DCV_143,ALLY-2
DCV_144:ALLY-2,DCV_144,ALLY-2
DCV_145:ALLY-2,DCV_145,ALLY-2
DCV_146:ALLY-2,DCV_146,ALLY-2
DCV_147:NCT01628692,DCV_147,NCT01628692
DCV_148:NCT01628692,DCV_148,NCT01628692
DCV_149:NCT01628692,DCV_149,NCT01628692
DCV_150:NCT01628692,DCV_150,NCT01628692
DCV_151:NCT01628692,DCV_151,NCT01628692
DCV_152:NCT01628692,DCV_152,NCT01628692
DCV_153:NCT01628692,DCV_153,NCT01628692
DCV_154:NCT01628692,DCV_154,NCT01628692
DCV_155:NCT01628692,DCV_155,NCT01628692
DCV_156:NCT01628692,DCV_156,NCT01628692
DCV_157:ALLY-3,DCV_157,ALLY-3
DCV_170:NCT01995266,DCV_170,NCT01995266
DCV_171:NCT01995266,DCV_171,NCT01995266
DCV_172:NCT01995266,DCV_172,NCT01995266
DCV_173:NCT01995266,DCV_173,NCT01995266
DCV_174:NCT01995266,DCV_174,NCT01995266
DCV_175:Hallmark DUAL,DCV_175,Hallmark DUAL
DCV_176:Hallmark DUAL,DCV_176,Hallmark DUAL
DCV_177:Hallmark DUAL,DCV_177,Hallmark DUAL
DCV_178:Hallmark DUAL,DCV_178,Hallmark DUAL
DCV_179:Hallmark DUAL,DCV_179,Hallmark DUAL
DCV_180:Hallmark DUAL,DCV_180,Hallmark DUAL
DCV_181:Hallmark DUAL,DCV_181,Hallmark DUAL
DCV_182:Hallmark DUAL,DCV_182,Hallmark DUAL
DCV_183:Hallmark DUAL,DCV_183,Hallmark DUAL
DCV_184:Hallmark DUAL,DCV_184,Hallmark DUAL
DCV_185:Hallmark DUAL,DCV_185,Hallmark DUAL
DCV_186:Hallmark DUAL,DCV_186,Hallmark DUAL
DCV_187:Hallmark DUAL,DCV_187,Hallmark DUAL
DCV_188:Hallmark DUAL,DCV_188,Hallmark DUAL
DCV_188:NCT01012895,DCV_188,NCT01012895
DCV_188:NCT01051414,DCV_188,NCT01051414
DCV_188:NCT01497834,DCV_188,NCT01497834
DCV_188:NCT01718145,DCV_188,NCT01718145
DCV_188:NCT01995266,DCV_188,NCT01995266
DCV_188:UMIN000015627,DCV_188,UMIN000015627
DCV_189:Hallmark DUAL,DCV_189,Hallmark DUAL
DCV_189:NCT01012895,DCV_189,NCT01012895
DCV_189:NCT01051414,DCV_189,NCT01051414
DCV_189:NCT01497834,DCV_189,NCT01497834
DCV_189:NCT01718145,DCV_189,NCT01718145
DCV_189:NCT01995266,DCV_189,NCT01995266
DCV_189:UMIN000015627,DCV_189,UMIN000015627
DCV_191:NCT01257204,DCV_191,NCT01257204
DCV_191:NCT01359644,DCV_191,NCT01359644
DCV_191:NCT01616524,DCV_191,NCT01616524
DCV_191:NCT02032875,DCV_191,NCT02032875
DCV_191:NCT02032888,DCV_191,NCT02032888
DCV_192:NCT01257204,DCV_192,NCT01257204
DCV_192:NCT01359644,DCV_192,NCT01359644
DCV_192:NCT01616524,DCV_192,NCT01616524
DCV_192:NCT02032875,DCV_192,NCT02032875
DCV_192:NCT02032888,DCV_192,NCT02032888
DCV_193:NCT01257204,DCV_193,NCT01257204
DCV_193:NCT01359644,DCV_193,NCT01359644
DCV_193:NCT01616524,DCV_193,NCT01616524
DCV_193:NCT02032875,DCV_193,NCT02032875
DCV_193:NCT02032888,DCV_193,NCT02032888
DCV_194:NCT01257204,DCV_194,NCT01257204
DCV_194:NCT01359644,DCV_194,NCT01359644
DCV_194:NCT01616524,DCV_194,NCT01616524
DCV_194:NCT02032875,DCV_194,NCT02032875
DCV_194:NCT02032888,DCV_194,NCT02032888
DCV_195:NCT01257204,DCV_195,NCT01257204
DCV_195:NCT01359644,DCV_195,NCT01359644
DCV_195:NCT01616524,DCV_195,NCT01616524
DCV_195:NCT02032875,DCV_195,NCT02032875
DCV_195:NCT02032888,DCV_195,NCT02032888
DCV_196:NCT01257204,DCV_196,NCT01257204
DCV_196:NCT01359644,DCV_196,NCT01359644
DCV_196:NCT01616524,DCV_196,NCT01616524
DCV_196:NCT02032875,DCV_196,NCT02032875
DCV_196:NCT02032888,DCV_196,NCT02032888
DCV_197:NCT01257204,DCV_197,NCT01257204
DCV_197:NCT01359644,DCV_197,NCT01359644
DCV_197:NCT01616524,DCV_197,NCT01616524
DCV_197:NCT02032875,DCV_197,NCT02032875
DCV_197:NCT02032888,DCV_197,NCT02032888
DCV_198:NCT01257204,DCV_198,NCT01257204
DCV_198:NCT01359644,DCV_198,NCT01359644
DCV_198:NCT01616524,DCV_198,NCT01616524
DCV_198:NCT02032875,DCV_198,NCT02032875
DCV_198:NCT02032888,DCV_198,NCT02032888
DCV_199:NCT01257204,DCV_199,NCT01257204
DCV_199:NCT01359644,DCV_199,NCT01359644
DCV_199:NCT01616524,DCV_199,NCT01616524
DCV_199:NCT02032875,DCV_199,NCT02032875
DCV_199:NCT02032888,DCV_199,NCT02032888
DCV_200:NCT01257204,DCV_200,NCT01257204
DCV_200:NCT01359644,DCV_200,NCT01359644
DCV_200:NCT01616524,DCV_200,NCT01616524
DCV_200:NCT02032875,DCV_200,NCT02032875
DCV_200:NCT02032888,DCV_200,NCT02032888
DCV_201:NCT01257204,DCV_201,NCT01257204
DCV_201:NCT01359644,DCV_201,NCT01359644
DCV_201:NCT01616524,DCV_201,NCT01616524
DCV_201:NCT02032875,DCV_201,NCT02032875
DCV_201:NCT02032888,DCV_201,NCT02032888
DCV_202:NCT01257204,DCV_202,NCT01257204
DCV_202:NCT01359644,DCV_202,NCT01359644
DCV_202:NCT01616524,DCV_202,NCT01616524
DCV_202:NCT02032875,DCV_202,NCT02032875
DCV_202:NCT02032888,DCV_202,NCT02032888
DCV_210:HEPATHER,DCV_210,HEPATHER
DCV_211:HEPATHER,DCV_211,HEPATHER
DCV_212:HEPATHER,DCV_212,HEPATHER
DCV_213:HEPATHER,DCV_213,HEPATHER
DCV_214:HEPATHER,DCV_214,HEPATHER
DCV_215:NCT01492504,DCV_215,NCT01492504
DCV_216:NCT01492504,DCV_216,NCT01492504
DCV_217:NCT01492504,DCV_217,NCT01492504
DCV_218:NCT01492504,DCV_218,NCT01492504
DCV_219:NCT01492504,DCV_219,NCT01492504
DCV_220:NCT01492504,DCV_220,NCT01492504
DCV_221:NCT01492504,DCV_221,NCT01492504
DCV_222:NCT01492504,DCV_222,NCT01492504
DCV_223:NCT01492504,DCV_223,NCT01492504
DCV_224:NCT01492504,DCV_224,NCT01492504
DCV_225:NCT01492504,DCV_225,NCT01492504
DCV_226:NCT01492504,DCV_226,NCT01492504
DCV_227:NCT01492504,DCV_227,NCT01492504
DCV_228:NCT01492504,DCV_228,NCT01492504
DCV_295:DUAL,DCV_295,DUAL
DCV_296:DUAL,DCV_296,DUAL
DCV_297:DUAL,DCV_297,DUAL
DCV_340:NCT01012895,DCV_340,NCT01012895
DCV_341:NCT01012895,DCV_341,NCT01012895
DCV_342:NCT01012895,DCV_342,NCT01012895
DCV_343:NCT01012895,DCV_343,NCT01012895
DCV_344:NCT01012895,DCV_344,NCT01012895
DCV_345:NCT01012895,DCV_345,NCT01012895
DCV_346:NCT01012895,DCV_346,NCT01012895
DCV_347:NCT01012895,DCV_347,NCT01012895
DCV_348:NCT01012895,DCV_348,NCT01012895
DCV_349:NCT01012895,DCV_349,NCT01012895
DCV_350:NCT01012895,DCV_350,NCT01012895
DCV_351:NCT01012895,DCV_351,NCT01012895
DCV_352:NCT01012895,DCV_352,NCT01012895
DCV_353:NCT01012895,DCV_353,NCT01012895
DCV_354:NCT01012895,DCV_354,NCT01012895
DCV_355:NCT01012895,DCV_355,NCT01012895
DCV_356:NCT01012895,DCV_356,NCT01012895
DCV_357:NCT01012895,DCV_357,NCT01012895
DCV_358:NCT01012895,DCV_358,NCT01012895
DCV_359:NCT01012895,DCV_359,NCT01012895
DCV_360:ALLY-3,DCV_360,ALLY-3
DCV_361:ALLY-2,DCV_361,ALLY-2
DCV_362:ALLY-2,DCV_362,ALLY-2
DCV_363:ALLY-3,DCV_363,ALLY-3
DCV_364:ALLY-3,DCV_364,ALLY-3
DCV_365:ALLY-3,DCV_365,ALLY-3
DCV_88:NCT01012895,DCV_88,NCT01012895
DCV_89:NCT01012895,DCV_89,NCT01012895
DCV_90:NCT01012895,DCV_90,NCT01012895
DCV_91:NCT01012895,DCV_91,NCT01012895
DCV_92:NCT01012895,DCV_92,NCT01012895
DCV_93:NCT01012895,DCV_93,NCT01012895
DSV_10:AVIATOR,DSV_10,AVIATOR
DSV_11:AVIATOR,DSV_11,AVIATOR
DSV_12:GARNET,DSV_12,GARNET
DSV_13:PEARL-IV,DSV_13,PEARL-IV
DSV_13:SAPPHIRE-II,DSV_13,SAPPHIRE-II
DSV_13:TURQUOISE-II,DSV_13,TURQUOISE-II
DSV_14:SAPPHIRE-II,DSV_14,SAPPHIRE-II
DSV_15:SAPPHIRE-II,DSV_15,SAPPHIRE-II
DSV_16:TURQUOISE-I,DSV_16,TURQUOISE-I
DSV_3:PEARL-III,DSV_3,PEARL-III
DSV_3:PEARL-IV,DSV_3,PEARL-IV
DSV_4:AVIATOR,DSV_4,AVIATOR
DSV_5:AVIATOR,DSV_5,AVIATOR
DSV_6:AVIATOR,DSV_6,AVIATOR
DSV_7:AVIATOR,DSV_7,AVIATOR
DSV_8:AVIATOR,DSV_8,AVIATOR
DSV_9:AVIATOR,DSV_9,AVIATOR
EBR_100:C-EDGE CO-INFECTION,EBR_100,C-EDGE CO-INFECTION
EBR_100:C-EDGE TE,EBR_100,C-EDGE TE
EBR_100:C-EDGE TN,EBR_100,C-EDGE TN
EBR_100:C-SALVAGE,EBR_100,C-SALVAGE
EBR_100:C-SURFER,EBR_100,C-SURFER
EBR_100:C-WORTHY,EBR_100,C-WORTHY
EBR_101:C-EDGE CO-INFECTION,EBR_101,C-EDGE CO-INFECTION
EBR_101:C-EDGE TE,EBR_101,C-EDGE TE
EBR_101:C-EDGE TN,EBR_101,C-EDGE TN
EBR_101:C-SALVAGE,EBR_101,C-SALVAGE
EBR_101:C-SURFER,EBR_101,C-SURFER
EBR_101:C-WORTHY,EBR_101,C-WORTHY
EBR_102:C-EDGE CO-INFECTION,EBR_102,C-EDGE CO-INFECTION
EBR_102:C-EDGE TE,EBR_102,C-EDGE TE
EBR_102:C-EDGE TN,EBR_102,C-EDGE TN
EBR_102:C-SALVAGE,EBR_102,C-SALVAGE
EBR_102:C-SURFER,EBR_102,C-SURFER
EBR_102:C-WORTHY,EBR_102,C-WORTHY
EBR_103:C-EDGE CO-INFECTION,EBR_103,C-EDGE CO-INFECTION
EBR_103:C-EDGE TE,EBR_103,C-EDGE TE
EBR_103:C-EDGE TN,EBR_103,C-EDGE TN
EBR_103:C-SALVAGE,EBR_103,C-SALVAGE
EBR_103:C-SURFER,EBR_103,C-SURFER
EBR_103:C-WORTHY,EBR_103,C-WORTHY
EBR_104:C-EDGE CO-INFECTION,EBR_104,C-EDGE CO-INFECTION
EBR_104:C-EDGE TE,EBR_104,C-EDGE TE
EBR_104:C-EDGE TN,EBR_104,C-EDGE TN
EBR_104:C-SALVAGE,EBR_104,C-SALVAGE
EBR_104:C-SURFER,EBR_104,C-SURFER
EBR_104:C-WORTHY,EBR_104,C-WORTHY
EBR_105:C-EDGE CO-INFECTION,EBR_105,C-EDGE CO-INFECTION
EBR_105:C-EDGE TE,EBR_105,C-EDGE TE
EBR_105:C-EDGE TN,EBR_105,C-EDGE TN
EBR_105:C-SALVAGE,EBR_105,C-SALVAGE
EBR_105:C-SURFER,EBR_105,C-SURFER
EBR_105:C-WORTHY,EBR_105,C-WORTHY
EBR_106:C-EDGE CO-INFECTION,EBR_106,C-EDGE CO-INFECTION
EBR_106:C-EDGE TE,EBR_106,C-EDGE TE
EBR_106:C-EDGE TN,EBR_106,C-EDGE TN
EBR_106:C-SALVAGE,EBR_106,C-SALVAGE
EBR_106:C-SURFER,EBR_106,C-SURFER
EBR_106:C-WORTHY,EBR_106,C-WORTHY
EBR_107:C-EDGE CO-INFECTION,EBR_107,C-EDGE CO-INFECTION
EBR_107:C-EDGE TE,EBR_107,C-EDGE TE
EBR_107:C-EDGE TN,EBR_107,C-EDGE TN
EBR_107:C-SALVAGE,EBR_107,C-SALVAGE
EBR_107:C-SURFER,EBR_107,C-SURFER
EBR_107:C-WORTHY,EBR_107,C-WORTHY
EBR_108:C-WORTHY,EBR_108,C-WORTHY
EBR_109:C-WORTHY,EBR_109,C-WORTHY
EBR_10:C-WORTHY,EBR_10,C-WORTHY
EBR_110:C-WORTHY,EBR_110,C-WORTHY
EBR_111:C-WORTHY,EBR_111,C-WORTHY
EBR_112:C-WORTHY,EBR_112,C-WORTHY
EBR_113:C-WORTHY,EBR_113,C-WORTHY
EBR_114:C-WORTHY,EBR_114,C-WORTHY
EBR_115:C-WORTHY,EBR_115,C-WORTHY
EBR_116:C-WORTHY,EBR_116,C-WORTHY
EBR_117:C-WORTHY,EBR_117,C-WORTHY
EBR_118:C-WORTHY,EBR_118,C-WORTHY
EBR_11:C-WORTHY,EBR_11,C-WORTHY
EBR_123:C-SURFER,EBR_123,C-SURFER
EBR_124:C-SURFER,EBR_124,C-SURFER
EBR_125:C-SURFER,EBR_125,C-SURFER
EBR_126:C-SURFER,EBR_126,C-SURFER
EBR_127:C-SURFER,EBR_127,C-SURFER
EBR_128:C-WORTHY Part D,EBR_128,C-WORTHY Part D
EBR_129:C-WORTHY Part D,EBR_129,C-WORTHY Part D
EBR_130:C-WORTHY Part D,EBR_130,C-WORTHY Part D
EBR_131:C-WORTHY Part D,EBR_131,C-WORTHY Part D
EBR_132:C-WORTHY Part D,EBR_132,C-WORTHY Part D
EBR_133:C-WORTHY Part D,EBR_133,C-WORTHY Part D
EBR_134:C-WORTHY Part D,EBR_134,C-WORTHY Part D
EBR_135:C-WORTHY Part D,EBR_135,C-WORTHY Part D
EBR_176:C-ISLE,EBR_176,C-ISLE
EBR_177:Swiss HCVree,EBR_177,Swiss HCVree
EBR_178:Swiss HCVree,EBR_178,Swiss HCVree
EBR_179:C-CORAL,EBR_179,C-CORAL
EBR_179:C-EDGE CO-INFECTION,EBR_179,C-EDGE CO-INFECTION
EBR_179:C-EDGE CO-STAR,EBR_179,C-EDGE CO-STAR
EBR_179:C-EDGE Head-2-head,EBR_179,C-EDGE Head-2-head
EBR_179:C-EDGE IBLD,EBR_179,C-EDGE IBLD
EBR_179:C-EDGE TE,EBR_179,C-EDGE TE
EBR_179:C-EDGE TN,EBR_179,C-EDGE TN
EBR_179:C-SCAPE,EBR_179,C-SCAPE
EBR_180:C-CORAL,EBR_180,C-CORAL
EBR_180:C-EDGE CO-INFECTION,EBR_180,C-EDGE CO-INFECTION
EBR_180:C-EDGE CO-STAR,EBR_180,C-EDGE CO-STAR
EBR_180:C-EDGE Head-2-head,EBR_180,C-EDGE Head-2-head
EBR_180:C-EDGE IBLD,EBR_180,C-EDGE IBLD
EBR_180:C-EDGE TE,EBR_180,C-EDGE TE
EBR_180:C-EDGE TN,EBR_180,C-EDGE TN
EBR_180:C-SCAPE,EBR_180,C-SCAPE
EBR_181:C-CORAL,EBR_181,C-CORAL
EBR_181:C-EDGE CO-INFECTION,EBR_181,C-EDGE CO-INFECTION
EBR_181:C-EDGE CO-STAR,EBR_181,C-EDGE CO-STAR
EBR_181:C-EDGE Head-2-head,EBR_181,C-EDGE Head-2-head
EBR_181:C-EDGE IBLD,EBR_181,C-EDGE IBLD
EBR_181:C-EDGE TE,EBR_181,C-EDGE TE
EBR_181:C-EDGE TN,EBR_181,C-EDGE TN
EBR_181:C-SCAPE,EBR_181,C-SCAPE
EBR_182:C-CORAL,EBR_182,C-CORAL
EBR_182:C-EDGE CO-INFECTION,EBR_182,C-EDGE CO-INFECTION
EBR_182:C-EDGE CO-STAR,EBR_182,C-EDGE CO-STAR
EBR_182:C-EDGE Head-2-head,EBR_182,C-EDGE Head-2-head
EBR_182:C-EDGE IBLD,EBR_182,C-EDGE IBLD
EBR_182:C-EDGE TE,EBR_182,C-EDGE TE
EBR_182:C-EDGE TN,EBR_182,C-EDGE TN
EBR_182:C-SCAPE,EBR_182,C-SCAPE
EBR_183:C-EDGE CO-STAR,EBR_183,C-EDGE CO-STAR
EBR_1:C-WORTHY,EBR_1,C-WORTHY
EBR_2:C-WORTHY,EBR_2,C-WORTHY
EBR_32:C-SALVAGE,EBR_32,C-SALVAGE
EBR_33:C-SALVAGE,EBR_33,C-SALVAGE
EBR_34:C-SALVAGE,EBR_34,C-SALVAGE
EBR_35:C-SALVAGE,EBR_35,C-SALVAGE
EBR_36:C-SALVAGE,EBR_36,C-SALVAGE
EBR_3:C-WORTHY,EBR_3,C-WORTHY
EBR_4:C-WORTHY,EBR_4,C-WORTHY
EBR_59:C-EDGE CO-INFECTION,EBR_59,C-EDGE CO-INFECTION
EBR_59:C-EDGE TE,EBR_59,C-EDGE TE
EBR_59:C-EDGE TN,EBR_59,C-EDGE TN
EBR_59:C-SALVAGE,EBR_59,C-SALVAGE
EBR_59:C-SURFER,EBR_59,C-SURFER
EBR_59:C-WORTHY,EBR_59,C-WORTHY
EBR_5:C-WORTHY,EBR_5,C-WORTHY
EBR_61:C-EDGE CO-INFECTION,EBR_61,C-EDGE CO-INFECTION
EBR_61:C-EDGE TE,EBR_61,C-EDGE TE
EBR_61:C-EDGE TN,EBR_61,C-EDGE TN
EBR_61:C-SALVAGE,EBR_61,C-SALVAGE
EBR_61:C-SURFER,EBR_61,C-SURFER
EBR_61:C-WORTHY,EBR_61,C-WORTHY
EBR_63:C-EDGE CO-INFECTION,EBR_63,C-EDGE CO-INFECTION
EBR_63:C-EDGE TE,EBR_63,C-EDGE TE
EBR_63:C-EDGE TN,EBR_63,C-EDGE TN
EBR_63:C-SALVAGE,EBR_63,C-SALVAGE
EBR_63:C-SURFER,EBR_63,C-SURFER
EBR_63:C-WORTHY,EBR_63,C-WORTHY
EBR_64:C-EDGE CO-INFECTION,EBR_64,C-EDGE CO-INFECTION
EBR_64:C-EDGE TE,EBR_64,C-EDGE TE
EBR_64:C-EDGE TN,EBR_64,C-EDGE TN
EBR_64:C-SALVAGE,EBR_64,C-SALVAGE
EBR_64:C-SURFER,EBR_64,C-SURFER
EBR_64:C-WORTHY,EBR_64,C-WORTHY
EBR_66:C-EDGE CO-INFECTION,EBR_66,C-EDGE CO-INFECTION
EBR_66:C-EDGE TE,EBR_66,C-EDGE TE
EBR_66:C-EDGE TN,EBR_66,C-EDGE TN
EBR_66:C-SALVAGE,EBR_66,C-SALVAGE
EBR_66:C-SURFER,EBR_66,C-SURFER
EBR_66:C-WORTHY,EBR_66,C-WORTHY
EBR_68:C-EDGE CO-INFECTION,EBR_68,C-EDGE CO-INFECTION
EBR_68:C-EDGE TE,EBR_68,C-EDGE TE
EBR_68:C-EDGE TN,EBR_68,C-EDGE TN
EBR_68:C-SALVAGE,EBR_68,C-SALVAGE
EBR_68:C-SURFER,EBR_68,C-SURFER
EBR_68:C-WORTHY,EBR_68,C-WORTHY
EBR_6:C-WORTHY,EBR_6,C-WORTHY
EBR_72:C-EDGE CO-INFECTION,EBR_72,C-EDGE CO-INFECTION
EBR_72:C-EDGE TE,EBR_72,C-EDGE TE
EBR_72:C-EDGE TN,EBR_72,C-EDGE TN
EBR_72:C-SALVAGE,EBR_72,C-SALVAGE
EBR_72:C-SURFER,EBR_72,C-SURFER
EBR_72:C-WORTHY,EBR_72,C-WORTHY
EBR_73:C-EDGE CO-INFECTION,EBR_73,C-EDGE CO-INFECTION
EBR_74:C-EDGE CO-INFECTION,EBR_74,C-EDGE CO-INFECTION
EBR_75:C-EDGE CO-INFECTION,EBR_75,C-EDGE CO-INFECTION
EBR_76:C-EDGE TE,EBR_76,C-EDGE TE
EBR_77:C-EDGE TE,EBR_77,C-EDGE TE
EBR_78:C-EDGE TE,EBR_78,C-EDGE TE
EBR_79:C-EDGE TE,EBR_79,C-EDGE TE
EBR_7:C-WORTHY,EBR_7,C-WORTHY
EBR_80:C-EDGE TE,EBR_80,C-EDGE TE
EBR_81:C-EDGE TE,EBR_81,C-EDGE TE
EBR_82:C-EDGE TE,EBR_82,C-EDGE TE
EBR_83:C-EDGE TE,EBR_83,C-EDGE TE
EBR_84:C-EDGE TE,EBR_84,C-EDGE TE
EBR_85:C-EDGE TE,EBR_85,C-EDGE TE
EBR_86:NCT02203149,EBR_86,NCT02203149
EBR_87:NCT02203149,EBR_87,NCT02203149
EBR_88:NCT02203149,EBR_88,NCT02203149
EBR_89:NCT02203149,EBR_89,NCT02203149
EBR_8:C-WORTHY,EBR_8,C-WORTHY
EBR_90:C-EDGE CO-INFECTION,EBR_90,C-EDGE CO-INFECTION
EBR_90:C-EDGE TE,EBR_90,C-EDGE TE
EBR_90:C-EDGE TN,EBR_90,C-EDGE TN
EBR_90:C-SALVAGE,EBR_90,C-SALVAGE
EBR_90:C-SURFER,EBR_90,C-SURFER
EBR_90:C-WORTHY,EBR_90,C-WORTHY
EBR_91:C-EDGE CO-INFECTION,EBR_91,C-EDGE CO-INFECTION
EBR_91:C-EDGE TE,EBR_91,C-EDGE TE
EBR_91:C-EDGE TN,EBR_91,C-EDGE TN
EBR_91:C-SALVAGE,EBR_91,C-SALVAGE
EBR_91:C-SURFER,EBR_91,C-SURFER
EBR_91:C-WORTHY,EBR_91,C-WORTHY
EBR_92:C-EDGE CO-INFECTION,EBR_92,C-EDGE CO-INFECTION
EBR_92:C-EDGE TE,EBR_92,C-EDGE TE
EBR_92:C-EDGE TN,EBR_92,C-EDGE TN
EBR_92:C-SALVAGE,EBR_92,C-SALVAGE
EBR_92:C-SURFER,EBR_92,C-SURFER
EBR_92:C-WORTHY,EBR_92,C-WORTHY
EBR_93:C-EDGE CO-INFECTION,EBR_93,C-EDGE CO-INFECTION
EBR_93:C-EDGE TE,EBR_93,C-EDGE TE
EBR_93:C-EDGE TN,EBR_93,C-EDGE TN
EBR_93:C-SALVAGE,EBR_93,C-SALVAGE
EBR_93:C-SURFER,EBR_93,C-SURFER
EBR_93:C-WORTHY,EBR_93,C-WORTHY
EBR_94:C-EDGE CO-INFECTION,EBR_94,C-EDGE CO-INFECTION
EBR_94:C-EDGE TE,EBR_94,C-EDGE TE
EBR_94:C-EDGE TN,EBR_94,C-EDGE TN
EBR_94:C-SALVAGE,EBR_94,C-SALVAGE
EBR_94:C-SURFER,EBR_94,C-SURFER
EBR_94:C-WORTHY,EBR_94,C-WORTHY
EBR_95:C-EDGE CO-INFECTION,EBR_95,C-EDGE CO-INFECTION
EBR_95:C-EDGE TE,EBR_95,C-EDGE TE
EBR_95:C-EDGE TN,EBR_95,C-EDGE TN
EBR_95:C-SALVAGE,EBR_95,C-SALVAGE
EBR_95:C-SURFER,EBR_95,C-SURFER
EBR_95:C-WORTHY,EBR_95,C-WORTHY
EBR_96:C-EDGE CO-INFECTION,EBR_96,C-EDGE CO-INFECTION
EBR_96:C-EDGE TE,EBR_96,C-EDGE TE
EBR_96:C-EDGE TN,EBR_96,C-EDGE TN
EBR_96:C-SALVAGE,EBR_96,C-SALVAGE
EBR_96:C-SURFER,EBR_96,C-SURFER
EBR_96:C-WORTHY,EBR_96,C-WORTHY
EBR_97:C-EDGE CO-INFECTION,EBR_97,C-EDGE CO-INFECTION
EBR_97:C-EDGE TE,EBR_97,C-EDGE TE
EBR_97:C-EDGE TN,EBR_97,C-EDGE TN
EBR_97:C-SALVAGE,EBR_97,C-SALVAGE
EBR_97:C-SURFER,EBR_97,C-SURFER
EBR_97:C-WORTHY,EBR_97,C-WORTHY
EBR_98:C-EDGE CO-INFECTION,EBR_98,C-EDGE CO-INFECTION
EBR_98:C-EDGE TE,EBR_98,C-EDGE TE
EBR_98:C-EDGE TN,EBR_98,C-EDGE TN
EBR_98:C-SALVAGE,EBR_98,C-SALVAGE
EBR_98:C-SURFER,EBR_98,C-SURFER
EBR_98:C-WORTHY,EBR_98,C-WORTHY
EBR_99:C-EDGE CO-INFECTION,EBR_99,C-EDGE CO-INFECTION
EBR_99:C-EDGE TE,EBR_99,C-EDGE TE
EBR_99:C-EDGE TN,EBR_99,C-EDGE TN
EBR_99:C-SALVAGE,EBR_99,C-SALVAGE
EBR_99:C-SURFER,EBR_99,C-SURFER
EBR_99:C-WORTHY,EBR_99,C-WORTHY
EBR_9:C-WORTHY,EBR_9,C-WORTHY
GLE_11:Magellan-1_Part_2,GLE_11,Magellan-1_Part_2
GLE_16:Endurance-1,GLE_16,Endurance-1
GLE_16:Endurance-2,GLE_16,Endurance-2
GLE_16:Endurance-3,GLE_16,Endurance-3
GLE_16:Endurance-4,GLE_16,Endurance-4
GLE_16:Expedition-1,GLE_16,Expedition-1
GLE_16:Expedition-2,GLE_16,Expedition-2
GLE_16:Surveyor-1,GLE_16,Surveyor-1
GLE_16:Surveyor-2,GLE_16,Surveyor-2
GLE_17:Magellan-1_Part_1,GLE_17,Magellan-1_Part_1
GLE_18:Magellan-1_Part_2,GLE_18,Magellan-1_Part_2
GLE_20:Endurance-1,GLE_20,Endurance-1
GLE_20:Endurance-2,GLE_20,Endurance-2
GLE_20:Endurance-3,GLE_20,Endurance-3
GLE_20:Endurance-4,GLE_20,Endurance-4
GLE_20:Expedition-1,GLE_20,Expedition-1
GLE_20:Expedition-2,GLE_20,Expedition-2
GLE_20:Surveyor-1,GLE_20,Surveyor-1
GLE_20:Surveyor-2,GLE_20,Surveyor-2
GLE_21:Endurance-1,GLE_21,Endurance-1
GLE_21:Endurance-2,GLE_21,Endurance-2
GLE_21:Endurance-3,GLE_21,Endurance-3
GLE_21:Endurance-4,GLE_21,Endurance-4
GLE_21:Expedition-1,GLE_21,Expedition-1
GLE_21:Expedition-2,GLE_21,Expedition-2
GLE_21:Surveyor-1,GLE_21,Surveyor-1
GLE_21:Surveyor-2,GLE_21,Surveyor-2
GLE_23:Surveyor-1,GLE_23,Surveyor-1
GLE_23:Surveyor-2,GLE_23,Surveyor-2
GLE_26:Magellan-1_Part_1,GLE_26,Magellan-1_Part_1
GLE_27:Magellan-1_Part_2,GLE_27,Magellan-1_Part_2
GLE_2:Magellan-1_Part_2,GLE_2,Magellan-1_Part_2
GLE_35:Endurance-1,GLE_35,Endurance-1
GLE_35:Endurance-2,GLE_35,Endurance-2
GLE_35:Endurance-3,GLE_35,Endurance-3
GLE_35:Endurance-4,GLE_35,Endurance-4
GLE_35:Expedition-1,GLE_35,Expedition-1
GLE_35:Expedition-2,GLE_35,Expedition-2
GLE_35:Surveyor-1,GLE_35,Surveyor-1
GLE_35:Surveyor-2,GLE_35,Surveyor-2
GLE_38:Endurance-1,GLE_38,Endurance-1
GLE_38:Endurance-2,GLE_38,Endurance-2
GLE_38:Endurance-3,GLE_38,Endurance-3
GLE_38:Endurance-4,GLE_38,Endurance-4
GLE_38:Expedition-1,GLE_38,Expedition-1
GLE_38:Expedition-2,GLE_38,Expedition-2
GLE_38:Surveyor-1,GLE_38,Surveyor-1
GLE_38:Surveyor-2,GLE_38,Surveyor-2
GLE_45:Magellan-1_Part_2,GLE_45,Magellan-1_Part_2
GLE_46:Magellan-1_Part_2,GLE_46,Magellan-1_Part_2
GLE_47:Endurance-1,GLE_47,Endurance-1
GLE_47:Endurance-2,GLE_47,Endurance-2
GLE_47:Endurance-3,GLE_47,Endurance-3
GLE_47:Endurance-4,GLE_47,Endurance-4
GLE_47:Expedition-1,GLE_47,Expedition-1
GLE_47:Expedition-2,GLE_47,Expedition-2
GLE_47:Surveyor-1,GLE_47,Surveyor-1
GLE_47:Surveyor-2,GLE_47,Surveyor-2
GLE_48:Magellan-1_Part_1,GLE_48,Magellan-1_Part_1
GLE_49:Magellan-1_Part_2,GLE_49,Magellan-1_Part_2
GLE_4:Endurance-1,GLE_4,Endurance-1
GLE_4:Endurance-2,GLE_4,Endurance-2
GLE_4:Endurance-3,GLE_4,Endurance-3
GLE_4:Endurance-4,GLE_4,Endurance-4
GLE_4:Expedition-1,GLE_4,Expedition-1
GLE_4:Expedition-2,GLE_4,Expedition-2
GLE_4:Surveyor-1,GLE_4,Surveyor-1
GLE_4:Surveyor-2,GLE_4,Surveyor-2
GLE_50:Magellan-1_Part_2,GLE_50,Magellan-1_Part_2
GLE_51:Surveyor-1,GLE_51,Surveyor-1
GLE_51:Surveyor-2,GLE_51,Surveyor-2
GLE_52:Surveyor-1,GLE_52,Surveyor-1
GLE_52:Surveyor-2,GLE_52,Surveyor-2
GLE_54:Surveyor-1,GLE_54,Surveyor-1
GLE_54:Surveyor-2,GLE_54,Surveyor-2
GLE_55:Endurance-1,GLE_55,Endurance-1
GLE_55:Endurance-2,GLE_55,Endurance-2
GLE_55:Endurance-3,GLE_55,Endurance-3
GLE_55:Endurance-4,GLE_55,Endurance-4
GLE_55:Expedition-1,GLE_55,Expedition-1
GLE_55:Expedition-2,GLE_55,Expedition-2
GLE_55:Surveyor-1,GLE_55,Surveyor-1
GLE_55:Surveyor-2,GLE_55,Surveyor-2
GLE_57:Endurance-1,GLE_57,Endurance-1
GLE_57:Endurance-2,GLE_57,Endurance-2
GLE_57:Endurance-3,GLE_57,Endurance-3
GLE_57:Endurance-4,GLE_57,Endurance-4
GLE_57:Expedition-1,GLE_57,Expedition-1
GLE_57:Expedition-2,GLE_57,Expedition-2
GLE_57:Surveyor-1,GLE_57,Surveyor-1
GLE_57:Surveyor-2,GLE_57,Surveyor-2
GLE_58:Endurance-1,GLE_58,Endurance-1
GLE_58:Endurance-2,GLE_58,Endurance-2
GLE_58:Endurance-3,GLE_58,Endurance-3
GLE_58:Endurance-4,GLE_58,Endurance-4
GLE_58:Expedition-1,GLE_58,Expedition-1
GLE_58:Expedition-2,GLE_58,Expedition-2
GLE_58:Surveyor-1,GLE_58,Surveyor-1
GLE_58:Surveyor-2,GLE_58,Surveyor-2
GLE_5:Magellan-1_Part_2,GLE_5,Magellan-1_Part_2
GZR_100:C-EDGE CO-INFECTION,GZR_100,C-EDGE CO-INFECTION
GZR_100:C-EDGE TE,GZR_100,C-EDGE TE
GZR_100:C-EDGE TN,GZR_100,C-EDGE TN
GZR_100:C-SALVAGE,GZR_100,C-SALVAGE
GZR_100:C-SURFER,GZR_100,C-SURFER
GZR_100:C-WORTHY,GZR_100,C-WORTHY
GZR_101:C-EDGE CO-INFECTION,GZR_101,C-EDGE CO-INFECTION
GZR_101:C-EDGE TE,GZR_101,C-EDGE TE
GZR_101:C-EDGE TN,GZR_101,C-EDGE TN
GZR_101:C-SALVAGE,GZR_101,C-SALVAGE
GZR_101:C-SURFER,GZR_101,C-SURFER
GZR_101:C-WORTHY,GZR_101,C-WORTHY
GZR_102:C-EDGE CO-INFECTION,GZR_102,C-EDGE CO-INFECTION
GZR_102:C-EDGE TE,GZR_102,C-EDGE TE
GZR_102:C-EDGE TN,GZR_102,C-EDGE TN
GZR_102:C-SALVAGE,GZR_102,C-SALVAGE
GZR_102:C-SURFER,GZR_102,C-SURFER
GZR_102:C-WORTHY,GZR_102,C-WORTHY
GZR_103:C-EDGE CO-INFECTION,GZR_103,C-EDGE CO-INFECTION
GZR_103:C-EDGE TE,GZR_103,C-EDGE TE
GZR_103:C-EDGE TN,GZR_103,C-EDGE TN
GZR_103:C-SALVAGE,GZR_103,C-SALVAGE
GZR_103:C-SURFER,GZR_103,C-SURFER
GZR_103:C-WORTHY,GZR_103,C-WORTHY
GZR_104:C-EDGE CO-INFECTION,GZR_104,C-EDGE CO-INFECTION
GZR_104:C-EDGE TE,GZR_104,C-EDGE TE
GZR_104:C-EDGE TN,GZR_104,C-EDGE TN
GZR_104:C-SALVAGE,GZR_104,C-SALVAGE
GZR_104:C-SURFER,GZR_104,C-SURFER
GZR_104:C-WORTHY,GZR_104,C-WORTHY
GZR_105:C-EDGE CO-INFECTION,GZR_105,C-EDGE CO-INFECTION
GZR_105:C-EDGE TE,GZR_105,C-EDGE TE
GZR_105:C-EDGE TN,GZR_105,C-EDGE TN
GZR_105:C-SALVAGE,GZR_105,C-SALVAGE
GZR_105:C-SURFER,GZR_105,C-SURFER
GZR_105:C-WORTHY,GZR_105,C-WORTHY
GZR_106:C-EDGE CO-INFECTION,GZR_106,C-EDGE CO-INFECTION
GZR_106:C-EDGE TE,GZR_106,C-EDGE TE
GZR_106:C-EDGE TN,GZR_106,C-EDGE TN
GZR_106:C-SALVAGE,GZR_106,C-SALVAGE
GZR_106:C-SURFER,GZR_106,C-SURFER
GZR_106:C-WORTHY,GZR_106,C-WORTHY
GZR_107:C-EDGE CO-INFECTION,GZR_107,C-EDGE CO-INFECTION
GZR_107:C-EDGE TE,GZR_107,C-EDGE TE
GZR_107:C-EDGE TN,GZR_107,C-EDGE TN
GZR_107:C-SALVAGE,GZR_107,C-SALVAGE
GZR_107:C-SURFER,GZR_107,C-SURFER
GZR_107:C-WORTHY,GZR_107,C-WORTHY
GZR_108:C-EDGE CO-INFECTION,GZR_108,C-EDGE CO-INFECTION
GZR_108:C-EDGE TE,GZR_108,C-EDGE TE
GZR_108:C-EDGE TN,GZR_108,C-EDGE TN
GZR_108:C-SALVAGE,GZR_108,C-SALVAGE
GZR_108:C-SURFER,GZR_108,C-SURFER
GZR_108:C-WORTHY,GZR_108,C-WORTHY
GZR_109:C-EDGE CO-INFECTION,GZR_109,C-EDGE CO-INFECTION
GZR_109:C-EDGE TE,GZR_109,C-EDGE TE
GZR_109:C-EDGE TN,GZR_109,C-EDGE TN
GZR_109:C-SALVAGE,GZR_109,C-SALVAGE
GZR_109:C-SURFER,GZR_109,C-SURFER
GZR_109:C-WORTHY,GZR_109,C-WORTHY
GZR_10:C-EDGE TE,GZR_10,C-EDGE TE
GZR_110:C-EDGE CO-INFECTION,GZR_110,C-EDGE CO-INFECTION
GZR_110:C-EDGE TE,GZR_110,C-EDGE TE
GZR_110:C-EDGE TN,GZR_110,C-EDGE TN
GZR_110:C-SALVAGE,GZR_110,C-SALVAGE
GZR_110:C-SURFER,GZR_110,C-SURFER
GZR_110:C-WORTHY,GZR_110,C-WORTHY
GZR_111:C-EDGE CO-INFECTION,GZR_111,C-EDGE CO-INFECTION
GZR_111:C-EDGE TE,GZR_111,C-EDGE TE
GZR_111:C-EDGE TN,GZR_111,C-EDGE TN
GZR_111:C-SALVAGE,GZR_111,C-SALVAGE
GZR_111:C-SURFER,GZR_111,C-SURFER
GZR_111:C-WORTHY,GZR_111,C-WORTHY
GZR_112:C-EDGE CO-INFECTION,GZR_112,C-EDGE CO-INFECTION
GZR_112:C-EDGE TE,GZR_112,C-EDGE TE
GZR_112:C-EDGE TN,GZR_112,C-EDGE TN
GZR_112:C-SALVAGE,GZR_112,C-SALVAGE
GZR_112:C-SURFER,GZR_112,C-SURFER
GZR_112:C-WORTHY,GZR_112,C-WORTHY
GZR_113:C-EDGE CO-INFECTION,GZR_113,C-EDGE CO-INFECTION
GZR_113:C-EDGE TE,GZR_113,C-EDGE TE
GZR_113:C-EDGE TN,GZR_113,C-EDGE TN
GZR_113:C-SALVAGE,GZR_113,C-SALVAGE
GZR_113:C-SURFER,GZR_113,C-SURFER
GZR_113:C-WORTHY,GZR_113,C-WORTHY
GZR_114:C-EDGE CO-INFECTION,GZR_114,C-EDGE CO-INFECTION
GZR_114:C-EDGE TE,GZR_114,C-EDGE TE
GZR_114:C-EDGE TN,GZR_114,C-EDGE TN
GZR_114:C-SALVAGE,GZR_114,C-SALVAGE
GZR_114:C-SURFER,GZR_114,C-SURFER
GZR_114:C-WORTHY,GZR_114,C-WORTHY
GZR_115:C-EDGE CO-INFECTION,GZR_115,C-EDGE CO-INFECTION
GZR_115:C-EDGE TE,GZR_115,C-EDGE TE
GZR_115:C-EDGE TN,GZR_115,C-EDGE TN
GZR_115:C-SALVAGE,GZR_115,C-SALVAGE
GZR_115:C-SURFER,GZR_115,C-SURFER
GZR_115:C-WORTHY,GZR_115,C-WORTHY
GZR_116:C-EDGE CO-INFECTION,GZR_116,C-EDGE CO-INFECTION
GZR_116:C-EDGE TE,GZR_116,C-EDGE TE
GZR_116:C-EDGE TN,GZR_116,C-EDGE TN
GZR_116:C-SALVAGE,GZR_116,C-SALVAGE
GZR_116:C-SURFER,GZR_116,C-SURFER
GZR_116:C-WORTHY,GZR_116,C-WORTHY
GZR_117:C-EDGE CO-INFECTION,GZR_117,C-EDGE CO-INFECTION
GZR_117:C-EDGE TE,GZR_117,C-EDGE TE
GZR_117:C-EDGE TN,GZR_117,C-EDGE TN
GZR_117:C-SALVAGE,GZR_117,C-SALVAGE
GZR_117:C-SURFER,GZR_117,C-SURFER
GZR_117:C-WORTHY,GZR_117,C-WORTHY
GZR_118:C-EDGE CO-INFECTION,GZR_118,C-EDGE CO-INFECTION
GZR_118:C-EDGE TE,GZR_118,C-EDGE TE
GZR_118:C-EDGE TN,GZR_118,C-EDGE TN
GZR_118:C-SALVAGE,GZR_118,C-SALVAGE
GZR_118:C-SURFER,GZR_118,C-SURFER
GZR_118:C-WORTHY,GZR_118,C-WORTHY
GZR_119:C-EDGE CO-INFECTION,GZR_119,C-EDGE CO-INFECTION
GZR_119:C-EDGE TE,GZR_119,C-EDGE TE
GZR_119:C-EDGE TN,GZR_119,C-EDGE TN
GZR_119:C-SALVAGE,GZR_119,C-SALVAGE
GZR_119:C-SURFER,GZR_119,C-SURFER
GZR_119:C-WORTHY,GZR_119,C-WORTHY
GZR_11:C-EDGE TE,GZR_11,C-EDGE TE
GZR_120:C-EDGE CO-INFECTION,GZR_120,C-EDGE CO-INFECTION
GZR_120:C-EDGE TE,GZR_120,C-EDGE TE
GZR_120:C-EDGE TN,GZR_120,C-EDGE TN
GZR_120:C-SALVAGE,GZR_120,C-SALVAGE
GZR_120:C-SURFER,GZR_120,C-SURFER
GZR_120:C-WORTHY,GZR_120,C-WORTHY
GZR_121:C-EDGE CO-INFECTION,GZR_121,C-EDGE CO-INFECTION
GZR_121:C-EDGE TE,GZR_121,C-EDGE TE
GZR_121:C-EDGE TN,GZR_121,C-EDGE TN
GZR_121:C-SALVAGE,GZR_121,C-SALVAGE
GZR_121:C-SURFER,GZR_121,C-SURFER
GZR_121:C-WORTHY,GZR_121,C-WORTHY
GZR_122:C-EDGE CO-INFECTION,GZR_122,C-EDGE CO-INFECTION
GZR_122:C-EDGE TE,GZR_122,C-EDGE TE
GZR_122:C-EDGE TN,GZR_122,C-EDGE TN
GZR_122:C-SALVAGE,GZR_122,C-SALVAGE
GZR_122:C-SURFER,GZR_122,C-SURFER
GZR_122:C-WORTHY,GZR_122,C-WORTHY
GZR_123:C-EDGE CO-INFECTION,GZR_123,C-EDGE CO-INFECTION
GZR_123:C-EDGE TE,GZR_123,C-EDGE TE
GZR_123:C-EDGE TN,GZR_123,C-EDGE TN
GZR_123:C-SALVAGE,GZR_123,C-SALVAGE
GZR_123:C-SURFER,GZR_123,C-SURFER
GZR_123:C-WORTHY,GZR_123,C-WORTHY
GZR_124:C-EDGE CO-INFECTION,GZR_124,C-EDGE CO-INFECTION
GZR_124:C-EDGE TE,GZR_124,C-EDGE TE
GZR_124:C-EDGE TN,GZR_124,C-EDGE TN
GZR_124:C-SALVAGE,GZR_124,C-SALVAGE
GZR_124:C-SURFER,GZR_124,C-SURFER
GZR_124:C-WORTHY,GZR_124,C-WORTHY
GZR_125:C-EDGE CO-INFECTION,GZR_125,C-EDGE CO-INFECTION
GZR_125:C-EDGE TE,GZR_125,C-EDGE TE
GZR_125:C-EDGE TN,GZR_125,C-EDGE TN
GZR_125:C-SALVAGE,GZR_125,C-SALVAGE
GZR_125:C-SURFER,GZR_125,C-SURFER
GZR_125:C-WORTHY,GZR_125,C-WORTHY
GZR_126:C-EDGE CO-INFECTION,GZR_126,C-EDGE CO-INFECTION
GZR_126:C-EDGE TE,GZR_126,C-EDGE TE
GZR_126:C-EDGE TN,GZR_126,C-EDGE TN
GZR_126:C-SALVAGE,GZR_126,C-SALVAGE
GZR_126:C-SURFER,GZR_126,C-SURFER
GZR_126:C-WORTHY,GZR_126,C-WORTHY
GZR_127:C-EDGE CO-INFECTION,GZR_127,C-EDGE CO-INFECTION
GZR_127:C-EDGE TE,GZR_127,C-EDGE TE
GZR_127:C-EDGE TN,GZR_127,C-EDGE TN
GZR_127:C-SALVAGE,GZR_127,C-SALVAGE
GZR_127:C-SURFER,GZR_127,C-SURFER
GZR_127:C-WORTHY,GZR_127,C-WORTHY
GZR_128:C-EDGE CO-INFECTION,GZR_128,C-EDGE CO-INFECTION
GZR_128:C-EDGE TE,GZR_128,C-EDGE TE
GZR_128:C-EDGE TN,GZR_128,C-EDGE TN
GZR_128:C-SALVAGE,GZR_128,C-SALVAGE
GZR_128:C-SURFER,GZR_128,C-SURFER
GZR_128:C-WORTHY,GZR_128,C-WORTHY
GZR_129:C-EDGE CO-INFECTION,GZR_129,C-EDGE CO-INFECTION
GZR_129:C-EDGE TE,GZR_129,C-EDGE TE
GZR_129:C-EDGE TN,GZR_129,C-EDGE TN
GZR_129:C-SALVAGE,GZR_129,C-SALVAGE
GZR_129:C-SURFER,GZR_129,C-SURFER
GZR_129:C-WORTHY,GZR_129,C-WORTHY
GZR_12:C-EDGE TE,GZR_12,C-EDGE TE
GZR_130:C-EDGE CO-INFECTION,GZR_130,C-EDGE CO-INFECTION
GZR_130:C-EDGE TE,GZR_130,C-EDGE TE
GZR_130:C-EDGE TN,GZR_130,C-EDGE TN
GZR_130:C-SALVAGE,GZR_130,C-SALVAGE
GZR_130:C-SURFER,GZR_130,C-SURFER
GZR_130:C-WORTHY,GZR_130,C-WORTHY
GZR_131:C-EDGE CO-INFECTION,GZR_131,C-EDGE CO-INFECTION
GZR_131:C-EDGE TE,GZR_131,C-EDGE TE
GZR_131:C-EDGE TN,GZR_131,C-EDGE TN
GZR_131:C-SALVAGE,GZR_131,C-SALVAGE
GZR_131:C-SURFER,GZR_131,C-SURFER
GZR_131:C-WORTHY,GZR_131,C-WORTHY
GZR_132:C-EDGE CO-INFECTION,GZR_132,C-EDGE CO-INFECTION
GZR_132:C-EDGE TE,GZR_132,C-EDGE TE
GZR_132:C-EDGE TN,GZR_132,C-EDGE TN
GZR_132:C-SALVAGE,GZR_132,C-SALVAGE
GZR_132:C-SURFER,GZR_132,C-SURFER
GZR_132:C-WORTHY,GZR_132,C-WORTHY
GZR_133:C-EDGE CO-INFECTION,GZR_133,C-EDGE CO-INFECTION
GZR_133:C-EDGE TE,GZR_133,C-EDGE TE
GZR_133:C-EDGE TN,GZR_133,C-EDGE TN
GZR_133:C-SALVAGE,GZR_133,C-SALVAGE
GZR_133:C-SURFER,GZR_133,C-SURFER
GZR_133:C-WORTHY,GZR_133,C-WORTHY
GZR_134:C-EDGE CO-INFECTION,GZR_134,C-EDGE CO-INFECTION
GZR_134:C-EDGE TE,GZR_134,C-EDGE TE
GZR_134:C-EDGE TN,GZR_134,C-EDGE TN
GZR_134:C-SALVAGE,GZR_134,C-SALVAGE
GZR_134:C-SURFER,GZR_134,C-SURFER
GZR_134:C-WORTHY,GZR_134,C-WORTHY
GZR_135:C-EDGE CO-INFECTION,GZR_135,C-EDGE CO-INFECTION
GZR_135:C-EDGE TE,GZR_135,C-EDGE TE
GZR_135:C-EDGE TN,GZR_135,C-EDGE TN
GZR_135:C-SALVAGE,GZR_135,C-SALVAGE
GZR_135:C-SURFER,GZR_135,C-SURFER
GZR_135:C-WORTHY,GZR_135,C-WORTHY
GZR_136:C-EDGE CO-INFECTION,GZR_136,C-EDGE CO-INFECTION
GZR_136:C-EDGE TE,GZR_136,C-EDGE TE
GZR_136:C-EDGE TN,GZR_136,C-EDGE TN
GZR_136:C-SALVAGE,GZR_136,C-SALVAGE
GZR_136:C-SURFER,GZR_136,C-SURFER
GZR_136:C-WORTHY,GZR_136,C-WORTHY
GZR_137:C-EDGE CO-INFECTION,GZR_137,C-EDGE CO-INFECTION
GZR_137:C-EDGE TE,GZR_137,C-EDGE TE
GZR_137:C-EDGE TN,GZR_137,C-EDGE TN
GZR_137:C-SALVAGE,GZR_137,C-SALVAGE
GZR_137:C-SURFER,GZR_137,C-SURFER
GZR_137:C-WORTHY,GZR_137,C-WORTHY
GZR_138:C-EDGE CO-INFECTION,GZR_138,C-EDGE CO-INFECTION
GZR_138:C-EDGE TE,GZR_138,C-EDGE TE
GZR_138:C-EDGE TN,GZR_138,C-EDGE TN
GZR_138:C-SALVAGE,GZR_138,C-SALVAGE
GZR_138:C-SURFER,GZR_138,C-SURFER
GZR_138:C-WORTHY,GZR_138,C-WORTHY
GZR_139:C-EDGE CO-INFECTION,GZR_139,C-EDGE CO-INFECTION
GZR_139:C-EDGE TE,GZR_139,C-EDGE TE
GZR_139:C-EDGE TN,GZR_139,C-EDGE TN
GZR_139:C-SALVAGE,GZR_139,C-SALVAGE
GZR_139:C-SURFER,GZR_139,C-SURFER
GZR_139:C-WORTHY,GZR_139,C-WORTHY
GZR_13:C-EDGE TE,GZR_13,C-EDGE TE
GZR_140:C-EDGE CO-INFECTION,GZR_140,C-EDGE CO-INFECTION
GZR_140:C-EDGE TE,GZR_140,C-EDGE TE
GZR_140:C-EDGE TN,GZR_140,C-EDGE TN
GZR_140:C-SALVAGE,GZR_140,C-SALVAGE
GZR_140:C-SURFER,GZR_140,C-SURFER
GZR_140:C-WORTHY,GZR_140,C-WORTHY
GZR_141:C-EDGE CO-INFECTION,GZR_141,C-EDGE CO-INFECTION
GZR_141:C-EDGE TE,GZR_141,C-EDGE TE
GZR_141:C-EDGE TN,GZR_141,C-EDGE TN
GZR_141:C-SALVAGE,GZR_141,C-SALVAGE
GZR_141:C-SURFER,GZR_141,C-SURFER
GZR_141:C-WORTHY,GZR_141,C-WORTHY
GZR_142:C-EDGE CO-INFECTION,GZR_142,C-EDGE CO-INFECTION
GZR_142:C-EDGE TE,GZR_142,C-EDGE TE
GZR_142:C-EDGE TN,GZR_142,C-EDGE TN
GZR_142:C-SALVAGE,GZR_142,C-SALVAGE
GZR_142:C-SURFER,GZR_142,C-SURFER
GZR_142:C-WORTHY,GZR_142,C-WORTHY
GZR_143:C-EDGE CO-INFECTION,GZR_143,C-EDGE CO-INFECTION
GZR_143:C-EDGE TE,GZR_143,C-EDGE TE
GZR_143:C-EDGE TN,GZR_143,C-EDGE TN
GZR_143:C-SALVAGE,GZR_143,C-SALVAGE
GZR_143:C-SURFER,GZR_143,C-SURFER
GZR_143:C-WORTHY,GZR_143,C-WORTHY
GZR_144:C-EDGE CO-INFECTION,GZR_144,C-EDGE CO-INFECTION
GZR_144:C-EDGE TE,GZR_144,C-EDGE TE
GZR_144:C-EDGE TN,GZR_144,C-EDGE TN
GZR_144:C-SALVAGE,GZR_144,C-SALVAGE
GZR_144:C-SURFER,GZR_144,C-SURFER
GZR_144:C-WORTHY,GZR_144,C-WORTHY
GZR_145:C-EDGE CO-INFECTION,GZR_145,C-EDGE CO-INFECTION
GZR_145:C-EDGE TE,GZR_145,C-EDGE TE
GZR_145:C-EDGE TN,GZR_145,C-EDGE TN
GZR_145:C-SALVAGE,GZR_145,C-SALVAGE
GZR_145:C-SURFER,GZR_145,C-SURFER
GZR_145:C-WORTHY,GZR_145,C-WORTHY
GZR_146:C-EDGE CO-INFECTION,GZR_146,C-EDGE CO-INFECTION
GZR_146:C-EDGE TE,GZR_146,C-EDGE TE
GZR_146:C-EDGE TN,GZR_146,C-EDGE TN
GZR_146:C-SALVAGE,GZR_146,C-SALVAGE
GZR_146:C-SURFER,GZR_146,C-SURFER
GZR_146:C-WORTHY,GZR_146,C-WORTHY
GZR_147:C-EDGE CO-INFECTION,GZR_147,C-EDGE CO-INFECTION
GZR_147:C-EDGE TE,GZR_147,C-EDGE TE
GZR_147:C-EDGE TN,GZR_147,C-EDGE TN
GZR_147:C-SALVAGE,GZR_147,C-SALVAGE
GZR_147:C-SURFER,GZR_147,C-SURFER
GZR_147:C-WORTHY,GZR_147,C-WORTHY
GZR_148:C-EDGE CO-INFECTION,GZR_148,C-EDGE CO-INFECTION
GZR_148:C-EDGE TE,GZR_148,C-EDGE TE
GZR_148:C-EDGE TN,GZR_148,C-EDGE TN
GZR_148:C-SALVAGE,GZR_148,C-SALVAGE
GZR_148:C-SURFER,GZR_148,C-SURFER
GZR_148:C-WORTHY,GZR_148,C-WORTHY
GZR_149:C-EDGE CO-INFECTION,GZR_149,C-EDGE CO-INFECTION
GZR_149:C-EDGE TE,GZR_149,C-EDGE TE
GZR_149:C-EDGE TN,GZR_149,C-EDGE TN
GZR_149:C-SALVAGE,GZR_149,C-SALVAGE
GZR_149:C-SURFER,GZR_149,C-SURFER
GZR_149:C-WORTHY,GZR_149,C-WORTHY
GZR_14:C-EDGE TE,GZR_14,C-EDGE TE
GZR_150:C-EDGE CO-INFECTION,GZR_150,C-EDGE CO-INFECTION
GZR_150:C-EDGE TE,GZR_150,C-EDGE TE
GZR_150:C-EDGE TN,GZR_150,C-EDGE TN
GZR_150:C-SALVAGE,GZR_150,C-SALVAGE
GZR_150:C-SURFER,GZR_150,C-SURFER
GZR_150:C-WORTHY,GZR_150,C-WORTHY
GZR_151:C-EDGE CO-INFECTION,GZR_151,C-EDGE CO-INFECTION
GZR_151:C-EDGE TE,GZR_151,C-EDGE TE
GZR_151:C-EDGE TN,GZR_151,C-EDGE TN
GZR_151:C-SALVAGE,GZR_151,C-SALVAGE
GZR_151:C-SURFER,GZR_151,C-SURFER
GZR_151:C-WORTHY,GZR_151,C-WORTHY
GZR_152:C-EDGE CO-INFECTION,GZR_152,C-EDGE CO-INFECTION
GZR_152:C-EDGE TE,GZR_152,C-EDGE TE
GZR_152:C-EDGE TN,GZR_152,C-EDGE TN
GZR_152:C-SALVAGE,GZR_152,C-SALVAGE
GZR_152:C-SURFER,GZR_152,C-SURFER
GZR_152:C-WORTHY,GZR_152,C-WORTHY
GZR_153:C-EDGE CO-INFECTION,GZR_153,C-EDGE CO-INFECTION
GZR_153:C-EDGE TE,GZR_153,C-EDGE TE
GZR_153:C-EDGE TN,GZR_153,C-EDGE TN
GZR_153:C-SALVAGE,GZR_153,C-SALVAGE
GZR_153:C-SURFER,GZR_153,C-SURFER
GZR_153:C-WORTHY,GZR_153,C-WORTHY
GZR_154:C-EDGE CO-INFECTION,GZR_154,C-EDGE CO-INFECTION
GZR_154:C-EDGE TE,GZR_154,C-EDGE TE
GZR_154:C-EDGE TN,GZR_154,C-EDGE TN
GZR_154:C-SALVAGE,GZR_154,C-SALVAGE
GZR_154:C-SURFER,GZR_154,C-SURFER
GZR_154:C-WORTHY,GZR_154,C-WORTHY
GZR_155:C-EDGE CO-INFECTION,GZR_155,C-EDGE CO-INFECTION
GZR_155:C-EDGE TE,GZR_155,C-EDGE TE
GZR_155:C-EDGE TN,GZR_155,C-EDGE TN
GZR_155:C-SALVAGE,GZR_155,C-SALVAGE
GZR_155:C-SURFER,GZR_155,C-SURFER
GZR_155:C-WORTHY,GZR_155,C-WORTHY
GZR_156:C-EDGE CO-INFECTION,GZR_156,C-EDGE CO-INFECTION
GZR_156:C-EDGE TE,GZR_156,C-EDGE TE
GZR_156:C-EDGE TN,GZR_156,C-EDGE TN
GZR_156:C-SALVAGE,GZR_156,C-SALVAGE
GZR_156:C-SURFER,GZR_156,C-SURFER
GZR_156:C-WORTHY,GZR_156,C-WORTHY
GZR_157:C-EDGE CO-INFECTION,GZR_157,C-EDGE CO-INFECTION
GZR_157:C-EDGE TE,GZR_157,C-EDGE TE
GZR_157:C-EDGE TN,GZR_157,C-EDGE TN
GZR_157:C-SALVAGE,GZR_157,C-SALVAGE
GZR_157:C-SURFER,GZR_157,C-SURFER
GZR_157:C-WORTHY,GZR_157,C-WORTHY
GZR_158:C-EDGE CO-INFECTION,GZR_158,C-EDGE CO-INFECTION
GZR_158:C-EDGE TE,GZR_158,C-EDGE TE
GZR_158:C-EDGE TN,GZR_158,C-EDGE TN
GZR_158:C-SALVAGE,GZR_158,C-SALVAGE
GZR_158:C-SURFER,GZR_158,C-SURFER
GZR_158:C-WORTHY,GZR_158,C-WORTHY
GZR_159:C-EDGE CO-INFECTION,GZR_159,C-EDGE CO-INFECTION
GZR_159:C-EDGE TE,GZR_159,C-EDGE TE
GZR_159:C-EDGE TN,GZR_159,C-EDGE TN
GZR_159:C-SALVAGE,GZR_159,C-SALVAGE
GZR_159:C-SURFER,GZR_159,C-SURFER
GZR_159:C-WORTHY,GZR_159,C-WORTHY
GZR_15:C-EDGE TE,GZR_15,C-EDGE TE
GZR_160:C-CORAL,GZR_160,C-CORAL
GZR_160:C-EDGE CO-INFECTION,GZR_160,C-EDGE CO-INFECTION
GZR_160:C-EDGE CO-STAR,GZR_160,C-EDGE CO-STAR
GZR_160:C-EDGE Head-2-head,GZR_160,C-EDGE Head-2-head
GZR_160:C-EDGE IBLD,GZR_160,C-EDGE IBLD
GZR_160:C-EDGE TE,GZR_160,C-EDGE TE
GZR_160:C-EDGE TN,GZR_160,C-EDGE TN
GZR_160:C-SCAPE,GZR_160,C-SCAPE
GZR_161:C-CORAL,GZR_161,C-CORAL
GZR_161:C-EDGE CO-INFECTION,GZR_161,C-EDGE CO-INFECTION
GZR_161:C-EDGE CO-STAR,GZR_161,C-EDGE CO-STAR
GZR_161:C-EDGE Head-2-head,GZR_161,C-EDGE Head-2-head
GZR_161:C-EDGE IBLD,GZR_161,C-EDGE IBLD
GZR_161:C-EDGE TE,GZR_161,C-EDGE TE
GZR_161:C-EDGE TN,GZR_161,C-EDGE TN
GZR_161:C-SCAPE,GZR_161,C-SCAPE
GZR_162:C-CORAL,GZR_162,C-CORAL
GZR_162:C-EDGE CO-INFECTION,GZR_162,C-EDGE CO-INFECTION
GZR_162:C-EDGE CO-STAR,GZR_162,C-EDGE CO-STAR
GZR_162:C-EDGE Head-2-head,GZR_162,C-EDGE Head-2-head
GZR_162:C-EDGE IBLD,GZR_162,C-EDGE IBLD
GZR_162:C-EDGE TE,GZR_162,C-EDGE TE
GZR_162:C-EDGE TN,GZR_162,C-EDGE TN
GZR_162:C-SCAPE,GZR_162,C-SCAPE
GZR_163:C-CORAL,GZR_163,C-CORAL
GZR_163:C-EDGE CO-INFECTION,GZR_163,C-EDGE CO-INFECTION
GZR_163:C-EDGE CO-STAR,GZR_163,C-EDGE CO-STAR
GZR_163:C-EDGE Head-2-head,GZR_163,C-EDGE Head-2-head
GZR_163:C-EDGE IBLD,GZR_163,C-EDGE IBLD
GZR_163:C-EDGE TE,GZR_163,C-EDGE TE
GZR_163:C-EDGE TN,GZR_163,C-EDGE TN
GZR_163:C-SCAPE,GZR_163,C-SCAPE
GZR_164:C-CORAL,GZR_164,C-CORAL
GZR_164:C-EDGE CO-INFECTION,GZR_164,C-EDGE CO-INFECTION
GZR_164:C-EDGE CO-STAR,GZR_164,C-EDGE CO-STAR
GZR_164:C-EDGE Head-2-head,GZR_164,C-EDGE Head-2-head
GZR_164:C-EDGE IBLD,GZR_164,C-EDGE IBLD
GZR_164:C-EDGE TE,GZR_164,C-EDGE TE
GZR_164:C-EDGE TN,GZR_164,C-EDGE TN
GZR_164:C-SCAPE,GZR_164,C-SCAPE
GZR_165:C-CORAL,GZR_165,C-CORAL
GZR_165:C-EDGE CO-INFECTION,GZR_165,C-EDGE CO-INFECTION
GZR_165:C-EDGE CO-STAR,GZR_165,C-EDGE CO-STAR
GZR_165:C-EDGE Head-2-head,GZR_165,C-EDGE Head-2-head
GZR_165:C-EDGE IBLD,GZR_165,C-EDGE IBLD
GZR_165:C-EDGE TE,GZR_165,C-EDGE TE
GZR_165:C-EDGE TN,GZR_165,C-EDGE TN
GZR_165:C-SCAPE,GZR_165,C-SCAPE
GZR_16:C-EDGE TE,GZR_16,C-EDGE TE
GZR_17:C-EDGE TE,GZR_17,C-EDGE TE
GZR_187:NCT01353911,GZR_187,NCT01353911
GZR_188:NCT01353911,GZR_188,NCT01353911
GZR_189:NCT01353911,GZR_189,NCT01353911
GZR_18:C-EDGE TE,GZR_18,C-EDGE TE
GZR_190:NCT01353911,GZR_190,NCT01353911
GZR_191:NCT01353911,GZR_191,NCT01353911
GZR_192:NCT01353911,GZR_192,NCT01353911
GZR_193:NCT01353911,GZR_193,NCT01353911
GZR_194:NCT01353911,GZR_194,NCT01353911
GZR_195:NCT01353911,GZR_195,NCT01353911
GZR_196:NCT01353911,GZR_196,NCT01353911
GZR_197:NCT01353911,GZR_197,NCT01353911
GZR_198:NCT01353911,GZR_198,NCT01353911
GZR_199:NCT01353911,GZR_199,NCT01353911
GZR_19:C-EDGE TE,GZR_19,C-EDGE TE
GZR_200:NCT01353911,GZR_200,NCT01353911
GZR_201:NCT01353911,GZR_201,NCT01353911
GZR_202:NCT01353911,GZR_202,NCT01353911
GZR_203:NCT01353911,GZR_203,NCT01353911
GZR_204:NCT01353911,GZR_204,NCT01353911
GZR_205:NCT01353911,GZR_205,NCT01353911
GZR_20:C-EDGE TE,GZR_20,C-EDGE TE
GZR_21:C-EDGE TE,GZR_21,C-EDGE TE
GZR_22:C-ISLE,GZR_22,C-ISLE
GZR_23:C-SALVAGE,GZR_23,C-SALVAGE
GZR_24:C-SALVAGE,GZR_24,C-SALVAGE
GZR_25:C-SALVAGE,GZR_25,C-SALVAGE
GZR_26:C-SALVAGE,GZR_26,C-SALVAGE
GZR_27:C-SALVAGE,GZR_27,C-SALVAGE
GZR_28:C-SALVAGE,GZR_28,C-SALVAGE
GZR_29:C-WORTHY,GZR_29,C-WORTHY
GZR_30:C-WORTHY,GZR_30,C-WORTHY
GZR_31:C-WORTHY,GZR_31,C-WORTHY
GZR_32:C-WORTHY,GZR_32,C-WORTHY
GZR_33:C-WORTHY,GZR_33,C-WORTHY
GZR_34:C-WORTHY,GZR_34,C-WORTHY
GZR_35:C-WORTHY,GZR_35,C-WORTHY
GZR_36:C-WORTHY,GZR_36,C-WORTHY
GZR_37:C-WORTHY,GZR_37,C-WORTHY
GZR_38:C-WORTHY,GZR_38,C-WORTHY
GZR_39:C-WORTHY,GZR_39,C-WORTHY
GZR_40:C-WORTHY,GZR_40,C-WORTHY
GZR_41:C-WORTHY,GZR_41,C-WORTHY
GZR_42:C-WORTHY,GZR_42,C-WORTHY
GZR_43:C-WORTHY,GZR_43,C-WORTHY
GZR_44:C-WORTHY,GZR_44,C-WORTHY
GZR_45:C-WORTHY,GZR_45,C-WORTHY
GZR_46:C-WORTHY,GZR_46,C-WORTHY
GZR_47:C-WORTHY,GZR_47,C-WORTHY
GZR_48:C-WORTHY,GZR_48,C-WORTHY
GZR_49:C-WORTHY,GZR_49,C-WORTHY
GZR_4:C-EDGE CO-INFECTION,GZR_4,C-EDGE CO-INFECTION
GZR_50:C-WORTHY,GZR_50,C-WORTHY
GZR_51:C-WORTHY,GZR_51,C-WORTHY
GZR_52:C-WORTHY,GZR_52,C-WORTHY
GZR_53:EGALITE,GZR_53,EGALITE
GZR_5:C-EDGE CO-INFECTION,GZR_5,C-EDGE CO-INFECTION
GZR_69:NCT01716156,GZR_69,NCT01716156
GZR_6:C-EDGE CO-INFECTION,GZR_6,C-EDGE CO-INFECTION
GZR_70:NCT01716156,GZR_70,NCT01716156
GZR_71:NCT01716156,GZR_71,NCT01716156
GZR_72:NCT01710501,GZR_72,NCT01710501
GZR_72:NCT01716156,GZR_72,NCT01716156
GZR_73:NCT01710501,GZR_73,NCT01710501
GZR_73:NCT01716156,GZR_73,NCT01716156
GZR_74:NCT01710501,GZR_74,NCT01710501
GZR_74:NCT01716156,GZR_74,NCT01716156
GZR_75:NCT01710501,GZR_75,NCT01710501
GZR_75:NCT01716156,GZR_75,NCT01716156
GZR_76:NCT01710501,GZR_76,NCT01710501
GZR_76:NCT01716156,GZR_76,NCT01716156
GZR_77:NCT01710501,GZR_77,NCT01710501
GZR_77:NCT01716156,GZR_77,NCT01716156
GZR_78:NCT01710501,GZR_78,NCT01710501
GZR_78:NCT01716156,GZR_78,NCT01716156
GZR_79:NCT01710501,GZR_79,NCT01710501
GZR_79:NCT01716156,GZR_79,NCT01716156
GZR_7:C-EDGE CO-INFECTION,GZR_7,C-EDGE CO-INFECTION
GZR_80:NCT01710501,GZR_80,NCT01710501
GZR_80:NCT01716156,GZR_80,NCT01716156
GZR_81:NCT01710501,GZR_81,NCT01710501
GZR_81:NCT01716156,GZR_81,NCT01716156
GZR_82:NCT01710501,GZR_82,NCT01710501
GZR_82:NCT01716156,GZR_82,NCT01716156
GZR_83:NCT01710501,GZR_83,NCT01710501
GZR_83:NCT01716156,GZR_83,NCT01716156
GZR_84:NCT01710501,GZR_84,NCT01710501
GZR_84:NCT01716156,GZR_84,NCT01716156
GZR_85:NCT01710501,GZR_85,NCT01710501
GZR_85:NCT01716156,GZR_85,NCT01716156
GZR_86:NCT01710501,GZR_86,NCT01710501
GZR_86:NCT01716156,GZR_86,NCT01716156
GZR_87:NCT01710501,GZR_87,NCT01710501
GZR_87:NCT01716156,GZR_87,NCT01716156
GZR_88:NCT01710501,GZR_88,NCT01710501
GZR_88:NCT01716156,GZR_88,NCT01716156
GZR_89:NCT01710501,GZR_89,NCT01710501
GZR_89:NCT01716156,GZR_89,NCT01716156
GZR_8:C-EDGE CO-INFECTION,GZR_8,C-EDGE CO-INFECTION
GZR_90:NCT01710501,GZR_90,NCT01710501
GZR_90:NCT01716156,GZR_90,NCT01716156
GZR_91:NCT01710501,GZR_91,NCT01710501
GZR_91:NCT01716156,GZR_91,NCT01716156
GZR_92:NCT01710501,GZR_92,NCT01710501
GZR_92:NCT01716156,GZR_92,NCT01716156
GZR_93:NCT01710501,GZR_93,NCT01710501
GZR_93:NCT01716156,GZR_93,NCT01716156
GZR_94:NCT01710501,GZR_94,NCT01710501
GZR_94:NCT01716156,GZR_94,NCT01716156
GZR_95:C-EDGE CO-INFECTION,GZR_95,C-EDGE CO-INFECTION
GZR_95:C-EDGE TE,GZR_95,C-EDGE TE
GZR_95:C-EDGE TN,GZR_95,C-EDGE TN
GZR_95:C-SALVAGE,GZR_95,C-SALVAGE
GZR_95:C-SURFER,GZR_95,C-SURFER
GZR_95:C-WORTHY,GZR_95,C-WORTHY
GZR_96:C-EDGE CO-INFECTION,GZR_96,C-EDGE CO-INFECTION
GZR_96:C-EDGE TE,GZR_96,C-EDGE TE
GZR_96:C-EDGE TN,GZR_96,C-EDGE TN
GZR_96:C-SALVAGE,GZR_96,C-SALVAGE
GZR_96:C-SURFER,GZR_96,C-SURFER
GZR_96:C-WORTHY,GZR_96,C-WORTHY
GZR_97:C-EDGE CO-INFECTION,GZR_97,C-EDGE CO-INFECTION
GZR_97:C-EDGE TE,GZR_97,C-EDGE TE
GZR_97:C-EDGE TN,GZR_97,C-EDGE TN
GZR_97:C-SALVAGE,GZR_97,C-SALVAGE
GZR_97:C-SURFER,GZR_97,C-SURFER
GZR_97:C-WORTHY,GZR_97,C-WORTHY
GZR_98:C-EDGE CO-INFECTION,GZR_98,C-EDGE CO-INFECTION
GZR_98:C-EDGE TE,GZR_98,C-EDGE TE
GZR_98:C-EDGE TN,GZR_98,C-EDGE TN
GZR_98:C-SALVAGE,GZR_98,C-SALVAGE
GZR_98:C-SURFER,GZR_98,C-SURFER
GZR_98:C-WORTHY,GZR_98,C-WORTHY
GZR_99:C-EDGE CO-INFECTION,GZR_99,C-EDGE CO-INFECTION
GZR_99:C-EDGE TE,GZR_99,C-EDGE TE
GZR_99:C-EDGE TN,GZR_99,C-EDGE TN
GZR_99:C-SALVAGE,GZR_99,C-SALVAGE
GZR_99:C-SURFER,GZR_99,C-SURFER
GZR_99:C-WORTHY,GZR_99,C-WORTHY
GZR_9:C-EDGE TE,GZR_9,C-EDGE TE
LDV_100:RESCUE,LDV_100,RESCUE
LDV_101:RESCUE,LDV_101,RESCUE
LDV_102:RESCUE,LDV_102,RESCUE
LDV_103:RESCUE,LDV_103,RESCUE
LDV_104:RESCUE,LDV_104,RESCUE
LDV_105:RESCUE,LDV_105,RESCUE
LDV_106:RESCUE,LDV_106,RESCUE
LDV_10:ELECTRON,LDV_10,ELECTRON
LDV_10:ION-1,LDV_10,ION-1
LDV_10:ION-2,LDV_10,ION-2
LDV_10:ION-3,LDV_10,ION-3
LDV_10:LONESTAR,LDV_10,LONESTAR
LDV_11:ELECTRON,LDV_11,ELECTRON
LDV_11:ION-1,LDV_11,ION-1
LDV_11:ION-2,LDV_11,ION-2
LDV_11:ION-3,LDV_11,ION-3
LDV_11:LONESTAR,LDV_11,LONESTAR
LDV_12:ELECTRON,LDV_12,ELECTRON
LDV_12:ION-1,LDV_12,ION-1
LDV_12:ION-2,LDV_12,ION-2
LDV_12:ION-3,LDV_12,ION-3
LDV_12:LONESTAR,LDV_12,LONESTAR
LDV_13:ELECTRON,LDV_13,ELECTRON
LDV_13:ION-1,LDV_13,ION-1
LDV_13:ION-2,LDV_13,ION-2
LDV_13:ION-3,LDV_13,ION-3
LDV_13:LONESTAR,LDV_13,LONESTAR
LDV_14:ELECTRON,LDV_14,ELECTRON
LDV_14:ION-1,LDV_14,ION-1
LDV_14:ION-2,LDV_14,ION-2
LDV_14:ION-3,LDV_14,ION-3
LDV_14:LONESTAR,LDV_14,LONESTAR
LDV_15:ELECTRON,LDV_15,ELECTRON
LDV_15:ION-1,LDV_15,ION-1
LDV_15:ION-2,LDV_15,ION-2
LDV_15:ION-3,LDV_15,ION-3
LDV_15:LONESTAR,LDV_15,LONESTAR
LDV_16:ELECTRON,LDV_16,ELECTRON
LDV_16:ION-1,LDV_16,ION-1
LDV_16:ION-2,LDV_16,ION-2
LDV_16:ION-3,LDV_16,ION-3
LDV_16:LONESTAR,LDV_16,LONESTAR
LDV_17:ELECTRON,LDV_17,ELECTRON
LDV_17:ION-1,LDV_17,ION-1
LDV_17:ION-2,LDV_17,ION-2
LDV_17:ION-3,LDV_17,ION-3
LDV_17:LONESTAR,LDV_17,LONESTAR
LDV_18:ELECTRON,LDV_18,ELECTRON
LDV_18:ION-1,LDV_18,ION-1
LDV_18:ION-2,LDV_18,ION-2
LDV_18:ION-3,LDV_18,ION-3
LDV_18:LONESTAR,LDV_18,LONESTAR
LDV_19:ELECTRON,LDV_19,ELECTRON
LDV_19:ION-1,LDV_19,ION-1
LDV_19:ION-2,LDV_19,ION-2
LDV_19:ION-3,LDV_19,ION-3
LDV_19:LONESTAR,LDV_19,LONESTAR
LDV_1:ELECTRON,LDV_1,ELECTRON
LDV_1:ION-1,LDV_1,ION-1
LDV_1:ION-2,LDV_1,ION-2
LDV_1:ION-3,LDV_1,ION-3
LDV_1:LONESTAR,LDV_1,LONESTAR
LDV_20:ELECTRON,LDV_20,ELECTRON
LDV_20:ION-1,LDV_20,ION-1
LDV_20:ION-2,LDV_20,ION-2
LDV_20:ION-3,LDV_20,ION-3
LDV_20:LONESTAR,LDV_20,LONESTAR
LDV_21:ELECTRON,LDV_21,ELECTRON
LDV_21:ION-1,LDV_21,ION-1
LDV_21:ION-2,LDV_21,ION-2
LDV_21:ION-3,LDV_21,ION-3
LDV_21:LONESTAR,LDV_21,LONESTAR
LDV_22:ELECTRON,LDV_22,ELECTRON
LDV_22:ION-1,LDV_22,ION-1
LDV_22:ION-2,LDV_22,ION-2
LDV_22:ION-3,LDV_22,ION-3
LDV_22:LONESTAR,LDV_22,LONESTAR
LDV_23:ELECTRON,LDV_23,ELECTRON
LDV_23:ION-1,LDV_23,ION-1
LDV_23:ION-2,LDV_23,ION-2
LDV_23:ION-3,LDV_23,ION-3
LDV_23:LONESTAR,LDV_23,LONESTAR
LDV_24:ELECTRON,LDV_24,ELECTRON
LDV_24:ION-1,LDV_24,ION-1
LDV_24:ION-2,LDV_24,ION-2
LDV_24:ION-3,LDV_24,ION-3
LDV_24:LONESTAR,LDV_24,LONESTAR
LDV_25:ELECTRON,LDV_25,ELECTRON
LDV_25:ION-1,LDV_25,ION-1
LDV_25:ION-2,LDV_25,ION-2
LDV_25:ION-3,LDV_25,ION-3
LDV_25:LONESTAR,LDV_25,LONESTAR
LDV_26:ELECTRON,LDV_26,ELECTRON
LDV_26:ION-1,LDV_26,ION-1
LDV_26:ION-2,LDV_26,ION-2
LDV_26:ION-3,LDV_26,ION-3
LDV_26:LONESTAR,LDV_26,LONESTAR
LDV_27:ELECTRON,LDV_27,ELECTRON
LDV_27:ION-1,LDV_27,ION-1
LDV_27:ION-2,LDV_27,ION-2
LDV_27:ION-3,LDV_27,ION-3
LDV_27:LONESTAR,LDV_27,LONESTAR
LDV_28:ELECTRON,LDV_28,ELECTRON
LDV_28:ION-1,LDV_28,ION-1
LDV_28:ION-2,LDV_28,ION-2
LDV_28:ION-3,LDV_28,ION-3
LDV_28:LONESTAR,LDV_28,LONESTAR
LDV_29:ELECTRON,LDV_29,ELECTRON
LDV_29:ION-1,LDV_29,ION-1
LDV_29:ION-2,LDV_29,ION-2
LDV_29:ION-3,LDV_29,ION-3
LDV_29:LONESTAR,LDV_29,LONESTAR
LDV_2:ELECTRON,LDV_2,ELECTRON
LDV_2:ION-1,LDV_2,ION-1
LDV_2:ION-2,LDV_2,ION-2
LDV_2:ION-3,LDV_2,ION-3
LDV_2:LONESTAR,LDV_2,LONESTAR
LDV_30:ELECTRON,LDV_30,ELECTRON
LDV_30:ION-1,LDV_30,ION-1
LDV_30:ION-2,LDV_30,ION-2
LDV_30:ION-3,LDV_30,ION-3
LDV_30:LONESTAR,LDV_30,LONESTAR
LDV_31:ELECTRON,LDV_31,ELECTRON
LDV_31:ION-1,LDV_31,ION-1
LDV_31:ION-2,LDV_31,ION-2
LDV_31:ION-3,LDV_31,ION-3
LDV_31:LONESTAR,LDV_31,LONESTAR
LDV_32:ELECTRON,LDV_32,ELECTRON
LDV_32:ION-1,LDV_32,ION-1
LDV_32:ION-2,LDV_32,ION-2
LDV_32:ION-3,LDV_32,ION-3
LDV_32:LONESTAR,LDV_32,LONESTAR
LDV_33:ELECTRON,LDV_33,ELECTRON
LDV_33:ION-1,LDV_33,ION-1
LDV_33:ION-2,LDV_33,ION-2
LDV_33:ION-3,LDV_33,ION-3
LDV_33:LONESTAR,LDV_33,LONESTAR
LDV_34:ELECTRON,LDV_34,ELECTRON
LDV_34:ION-1,LDV_34,ION-1
LDV_34:ION-2,LDV_34,ION-2
LDV_34:ION-3,LDV_34,ION-3
LDV_34:LONESTAR,LDV_34,LONESTAR
LDV_35:ELECTRON,LDV_35,ELECTRON
LDV_35:ION-1,LDV_35,ION-1
LDV_35:ION-2,LDV_35,ION-2
LDV_35:ION-3,LDV_35,ION-3
LDV_35:LONESTAR,LDV_35,LONESTAR
LDV_36:ELECTRON,LDV_36,ELECTRON
LDV_36:ION-1,LDV_36,ION-1
LDV_36:ION-2,LDV_36,ION-2
LDV_36:ION-3,LDV_36,ION-3
LDV_36:LONESTAR,LDV_36,LONESTAR
LDV_37:ELECTRON,LDV_37,ELECTRON
LDV_37:ION-1,LDV_37,ION-1
LDV_37:ION-2,LDV_37,ION-2
LDV_37:ION-3,LDV_37,ION-3
LDV_37:LONESTAR,LDV_37,LONESTAR
LDV_3:ELECTRON,LDV_3,ELECTRON
LDV_3:ION-1,LDV_3,ION-1
LDV_3:ION-2,LDV_3,ION-2
LDV_3:ION-3,LDV_3,ION-3
LDV_3:LONESTAR,LDV_3,LONESTAR
LDV_4:ELECTRON,LDV_4,ELECTRON
LDV_4:ION-1,LDV_4,ION-1
LDV_4:ION-2,LDV_4,ION-2
LDV_4:ION-3,LDV_4,ION-3
LDV_4:LONESTAR,LDV_4,LONESTAR
LDV_5:ELECTRON,LDV_5,ELECTRON
LDV_5:ION-1,LDV_5,ION-1
LDV_5:ION-2,LDV_5,ION-2
LDV_5:ION-3,LDV_5,ION-3
LDV_5:LONESTAR,LDV_5,LONESTAR
LDV_6:ELECTRON,LDV_6,ELECTRON
LDV_6:ION-1,LDV_6,ION-1
LDV_6:ION-2,LDV_6,ION-2
LDV_6:ION-3,LDV_6,ION-3
LDV_6:LONESTAR,LDV_6,LONESTAR
LDV_7:ELECTRON,LDV_7,ELECTRON
LDV_7:ION-1,LDV_7,ION-1
LDV_7:ION-2,LDV_7,ION-2
LDV_7:ION-3,LDV_7,ION-3
LDV_7:LONESTAR,LDV_7,LONESTAR
LDV_8:ELECTRON,LDV_8,ELECTRON
LDV_8:ION-1,LDV_8,ION-1
LDV_8:ION-2,LDV_8,ION-2
LDV_8:ION-3,LDV_8,ION-3
LDV_8:LONESTAR,LDV_8,LONESTAR
LDV_99:RESCUE,LDV_99,RESCUE
LDV_9:ELECTRON,LDV_9,ELECTRON
LDV_9:ION-1,LDV_9,ION-1
LDV_9:ION-2,LDV_9,ION-2
LDV_9:ION-3,LDV_9,ION-3
LDV_9:LONESTAR,LDV_9,LONESTAR
OBV_100:GIFT-I,OBV_100,GIFT-I
OBV_100:M12-536,OBV_100,M12-536
OBV_113:GARNET,OBV_113,GARNET
OBV_114:GARNET,OBV_114,GARNET
OBV_115:PEARL-IV,OBV_115,PEARL-IV
OBV_115:SAPPHIRE-II,OBV_115,SAPPHIRE-II
OBV_115:TURQUOISE-II,OBV_115,TURQUOISE-II
OBV_116:PEARL-IV,OBV_116,PEARL-IV
OBV_116:SAPPHIRE-II,OBV_116,SAPPHIRE-II
OBV_116:TURQUOISE-II,OBV_116,TURQUOISE-II
OBV_117:PEARL-IV,OBV_117,PEARL-IV
OBV_117:SAPPHIRE-II,OBV_117,SAPPHIRE-II
OBV_117:TURQUOISE-II,OBV_117,TURQUOISE-II
OBV_118:PEARL-IV,OBV_118,PEARL-IV
OBV_118:SAPPHIRE-II,OBV_118,SAPPHIRE-II
OBV_118:TURQUOISE-II,OBV_118,TURQUOISE-II
OBV_119:PEARL-IV,OBV_119,PEARL-IV
OBV_119:SAPPHIRE-II,OBV_119,SAPPHIRE-II
OBV_119:TURQUOISE-II,OBV_119,TURQUOISE-II
OBV_120:PEARL-IV,OBV_120,PEARL-IV
OBV_120:SAPPHIRE-II,OBV_120,SAPPHIRE-II
OBV_120:TURQUOISE-II,OBV_120,TURQUOISE-II
OBV_121:PEARL-IV,OBV_121,PEARL-IV
OBV_121:SAPPHIRE-II,OBV_121,SAPPHIRE-II
OBV_121:TURQUOISE-II,OBV_121,TURQUOISE-II
OBV_122:PEARL-IV,OBV_122,PEARL-IV
OBV_122:SAPPHIRE-II,OBV_122,SAPPHIRE-II
OBV_122:TURQUOISE-II,OBV_122,TURQUOISE-II
OBV_123:AGATE-I,OBV_123,AGATE-I
OBV_124:AGATE-I,OBV_124,AGATE-I
OBV_125:SAPPHIRE-II,OBV_125,SAPPHIRE-II
OBV_126:TURQUOISE-I,OBV_126,TURQUOISE-I
OBV_127:TURQUOISE-I,OBV_127,TURQUOISE-I
OBV_128:M12-536,OBV_128,M12-536
OBV_129:M12-536,OBV_129,M12-536
OBV_144:PEARL-IV,OBV_144,PEARL-IV
OBV_24:PEARL-III,OBV_24,PEARL-III
OBV_24:PEARL-IV,OBV_24,PEARL-IV
OBV_25:PEARL-III,OBV_25,PEARL-III
OBV_25:PEARL-IV,OBV_25,PEARL-IV
OBV_68:AVIATOR,OBV_68,AVIATOR
OBV_69:AVIATOR,OBV_69,AVIATOR
OBV_70:AVIATOR,OBV_70,AVIATOR
OBV_71:AVIATOR,OBV_71,AVIATOR
OBV_72:AVIATOR,OBV_72,AVIATOR
OBV_73:AVIATOR,OBV_73,AVIATOR
OBV_74:AVIATOR,OBV_74,AVIATOR
OBV_75:AVIATOR,OBV_75,AVIATOR
OBV_76:PEARL-I,OBV_76,PEARL-I
OBV_77:PEARL-I,OBV_77,PEARL-I
OBV_78:PEARL-I,OBV_78,PEARL-I
OBV_83:PEARL-I,OBV_83,PEARL-I
OBV_84:PEARL-I,OBV_84,PEARL-I
OBV_85:PEARL-I,OBV_85,PEARL-I
OBV_86:PEARL-I,OBV_86,PEARL-I
OBV_87:GIFT-I,OBV_87,GIFT-I
OBV_87:M12-536,OBV_87,M12-536
OBV_88:GIFT-I,OBV_88,GIFT-I
OBV_88:M12-536,OBV_88,M12-536
OBV_89:GIFT-I,OBV_89,GIFT-I
OBV_89:M12-536,OBV_89,M12-536
OBV_90:GIFT-I,OBV_90,GIFT-I
OBV_90:M12-536,OBV_90,M12-536
OBV_91:GIFT-I,OBV_91,GIFT-I
OBV_91:M12-536,OBV_91,M12-536
OBV_92:GIFT-I,OBV_92,GIFT-I
OBV_92:M12-536,OBV_92,M12-536
OBV_93:GIFT-I,OBV_93,GIFT-I
OBV_93:M12-536,OBV_93,M12-536
OBV_94:GIFT-I,OBV_94,GIFT-I
OBV_94:M12-536,OBV_94,M12-536
OBV_95:GIFT-I,OBV_95,GIFT-I
OBV_95:M12-536,OBV_95,M12-536
OBV_96:GIFT-I,OBV_96,GIFT-I
OBV_96:M12-536,OBV_96,M12-536
OBV_97:GIFT-I,OBV_97,GIFT-I
OBV_97:M12-536,OBV_97,M12-536
OBV_98:GIFT-I,OBV_98,GIFT-I
OBV_98:M12-536,OBV_98,M12-536
OBV_99:GIFT-I,OBV_99,GIFT-I
OBV_99:M12-536,OBV_99,M12-536
PIB_10:Surveyor-1,PIB_10,Surveyor-1
PIB_10:Surveyor-2,PIB_10,Surveyor-2
PIB_11:Magellan-1_Part_2,PIB_11,Magellan-1_Part_2
PIB_15:Magellan-1_Part_2,PIB_15,Magellan-1_Part_2
PIB_17:Magellan-1_Part_2,PIB_17,Magellan-1_Part_2
PIB_18:Magellan-1_Part_2,PIB_18,Magellan-1_Part_2
PIB_19:Magellan-1_Part_2,PIB_19,Magellan-1_Part_2
PIB_1:NCT02068222,PIB_1,NCT02068222
PIB_24:Magellan-1_Part_2,PIB_24,Magellan-1_Part_2
PIB_25:Endurance-1,PIB_25,Endurance-1
PIB_25:Endurance-2,PIB_25,Endurance-2
PIB_25:Endurance-3,PIB_25,Endurance-3
PIB_25:Endurance-4,PIB_25,Endurance-4
PIB_25:Expedition-1,PIB_25,Expedition-1
PIB_25:Expedition-2,PIB_25,Expedition-2
PIB_25:Surveyor-1,PIB_25,Surveyor-1
PIB_25:Surveyor-2,PIB_25,Surveyor-2
PIB_26:Magellan-1_Part_2,PIB_26,Magellan-1_Part_2
PIB_27:Magellan-1_Part_2,PIB_27,Magellan-1_Part_2
PIB_28:Endurance-1,PIB_28,Endurance-1
PIB_28:Endurance-2,PIB_28,Endurance-2
PIB_28:Endurance-3,PIB_28,Endurance-3
PIB_28:Endurance-4,PIB_28,Endurance-4
PIB_28:Expedition-1,PIB_28,Expedition-1
PIB_28:Expedition-2,PIB_28,Expedition-2
PIB_28:Surveyor-1,PIB_28,Surveyor-1
PIB_28:Surveyor-2,PIB_28,Surveyor-2
PIB_29:Magellan-1_Part_2,PIB_29,Magellan-1_Part_2
PIB_2:Surveyor-1,PIB_2,Surveyor-1
PIB_2:Surveyor-2,PIB_2,Surveyor-2
PIB_30:Magellan-1_Part_2,PIB_30,Magellan-1_Part_2
PIB_31:NCT02068222,PIB_31,NCT02068222
PIB_32:Surveyor-1,PIB_32,Surveyor-1
PIB_32:Surveyor-2,PIB_32,Surveyor-2
PIB_33:Endurance-1,PIB_33,Endurance-1
PIB_33:Endurance-2,PIB_33,Endurance-2
PIB_33:Endurance-3,PIB_33,Endurance-3
PIB_33:Endurance-4,PIB_33,Endurance-4
PIB_33:Expedition-1,PIB_33,Expedition-1
PIB_33:Expedition-2,PIB_33,Expedition-2
PIB_33:Surveyor-1,PIB_33,Surveyor-1
PIB_33:Surveyor-2,PIB_33,Surveyor-2
PIB_35:Magellan-1_Part_1,PIB_35,Magellan-1_Part_1
PIB_37:Magellan-1_Part_2,PIB_37,Magellan-1_Part_2
PIB_38:Endurance-1,PIB_38,Endurance-1
PIB_38:Endurance-2,PIB_38,Endurance-2
PIB_38:Endurance-3,PIB_38,Endurance-3
PIB_38:Endurance-4,PIB_38,Endurance-4
PIB_38:Expedition-1,PIB_38,Expedition-1
PIB_38:Expedition-2,PIB_38,Expedition-2
PIB_38:Surveyor-1,PIB_38,Surveyor-1
PIB_38:Surveyor-2,PIB_38,Surveyor-2
PIB_41:Magellan-1_Part_1,PIB_41,Magellan-1_Part_1
PIB_43:Endurance-1,PIB_43,Endurance-1
PIB_43:Endurance-2,PIB_43,Endurance-2
PIB_43:Endurance-3,PIB_43,Endurance-3
PIB_43:Endurance-4,PIB_43,Endurance-4
PIB_43:Expedition-1,PIB_43,Expedition-1
PIB_43:Expedition-2,PIB_43,Expedition-2
PIB_43:Surveyor-1,PIB_43,Surveyor-1
PIB_43:Surveyor-2,PIB_43,Surveyor-2
PIB_44:Magellan-1_Part_2,PIB_44,Magellan-1_Part_2
PIB_49:Endurance-1,PIB_49,Endurance-1
PIB_49:Endurance-2,PIB_49,Endurance-2
PIB_49:Endurance-3,PIB_49,Endurance-3
PIB_49:Endurance-4,PIB_49,Endurance-4
PIB_49:Expedition-1,PIB_49,Expedition-1
PIB_49:Expedition-2,PIB_49,Expedition-2
PIB_49:Surveyor-1,PIB_49,Surveyor-1
PIB_49:Surveyor-2,PIB_49,Surveyor-2
PIB_4:Magellan-1_Part_2,PIB_4,Magellan-1_Part_2
PIB_50:Surveyor-1,PIB_50,Surveyor-1
PIB_50:Surveyor-2,PIB_50,Surveyor-2
PIB_51:Surveyor-1,PIB_51,Surveyor-1
PIB_51:Surveyor-2,PIB_51,Surveyor-2
PIB_52:Endurance-1,PIB_52,Endurance-1
PIB_52:Endurance-2,PIB_52,Endurance-2
PIB_52:Endurance-3,PIB_52,Endurance-3
PIB_52:Endurance-4,PIB_52,Endurance-4
PIB_52:Expedition-1,PIB_52,Expedition-1
PIB_52:Expedition-2,PIB_52,Expedition-2
PIB_52:Surveyor-1,PIB_52,Surveyor-1
PIB_52:Surveyor-2,PIB_52,Surveyor-2
PIB_54:Magellan-1_Part_1,PIB_54,Magellan-1_Part_1
PIB_57:Magellan-1_Part_2,PIB_57,Magellan-1_Part_2
PIB_59:Endurance-1,PIB_59,Endurance-1
PIB_59:Endurance-2,PIB_59,Endurance-2
PIB_59:Endurance-3,PIB_59,Endurance-3
PIB_59:Endurance-4,PIB_59,Endurance-4
PIB_59:Expedition-1,PIB_59,Expedition-1
PIB_59:Expedition-2,PIB_59,Expedition-2
PIB_59:Surveyor-1,PIB_59,Surveyor-1
PIB_59:Surveyor-2,PIB_59,Surveyor-2
PIB_5:Magellan-1_Part_2,PIB_5,Magellan-1_Part_2
PIB_60:Surveyor-1,PIB_60,Surveyor-1
PIB_60:Surveyor-2,PIB_60,Surveyor-2
PIB_63:Endurance-1,PIB_63,Endurance-1
PIB_63:Endurance-2,PIB_63,Endurance-2
PIB_63:Endurance-3,PIB_63,Endurance-3
PIB_63:Endurance-4,PIB_63,Endurance-4
PIB_63:Expedition-1,PIB_63,Expedition-1
PIB_63:Expedition-2,PIB_63,Expedition-2
PIB_63:Surveyor-1,PIB_63,Surveyor-1
PIB_63:Surveyor-2,PIB_63,Surveyor-2
PIB_64:Magellan-1_Part_2,PIB_64,Magellan-1_Part_2
PIB_65:Surveyor-1,PIB_65,Surveyor-1
PIB_65:Surveyor-2,PIB_65,Surveyor-2
PIB_66:Surveyor-1,PIB_66,Surveyor-1
PIB_66:Surveyor-2,PIB_66,Surveyor-2
PIB_68:Endurance-1,PIB_68,Endurance-1
PIB_68:Endurance-2,PIB_68,Endurance-2
PIB_68:Endurance-3,PIB_68,Endurance-3
PIB_68:Endurance-4,PIB_68,Endurance-4
PIB_68:Expedition-1,PIB_68,Expedition-1
PIB_68:Expedition-2,PIB_68,Expedition-2
PIB_68:Surveyor-1,PIB_68,Surveyor-1
PIB_68:Surveyor-2,PIB_68,Surveyor-2
PIB_6:Magellan-1_Part_2,PIB_6,Magellan-1_Part_2
PIB_7:Endurance-1,PIB_7,Endurance-1
PIB_7:Endurance-2,PIB_7,Endurance-2
PIB_7:Endurance-3,PIB_7,Endurance-3
PIB_7:Endurance-4,PIB_7,Endurance-4
PIB_7:Expedition-1,PIB_7,Expedition-1
PIB_7:Expedition-2,PIB_7,Expedition-2
PIB_7:Surveyor-1,PIB_7,Surveyor-1
PIB_7:Surveyor-2,PIB_7,Surveyor-2
PIB_8:Magellan-1_Part_1,PIB_8,Magellan-1_Part_1
PIB_9:Magellan-1_Part_2,PIB_9,Magellan-1_Part_2
PTV_10:AVIATOR,PTV_10,AVIATOR
PTV_111:NCT02068222,PTV_111,NCT02068222
PTV_11:AVIATOR,PTV_11,AVIATOR
PTV_12:AVIATOR,PTV_12,AVIATOR
PTV_13:PEARL-I,PTV_13,PEARL-I
PTV_14:PEARL-I,PTV_14,PEARL-I
PTV_19:PEARL-I,PTV_19,PEARL-I
PTV_20:PEARL-I,PTV_20,PEARL-I
PTV_21:GIFT-I,PTV_21,GIFT-I
PTV_21:M12-536,PTV_21,M12-536
PTV_22:GIFT-I,PTV_22,GIFT-I
PTV_22:M12-536,PTV_22,M12-536
PTV_28:PEARL-IV,PTV_28,PEARL-IV
PTV_28:SAPPHIRE-II,PTV_28,SAPPHIRE-II
PTV_28:TURQUOISE-II,PTV_28,TURQUOISE-II
PTV_29:PEARL-IV,PTV_29,PEARL-IV
PTV_29:SAPPHIRE-II,PTV_29,SAPPHIRE-II
PTV_29:TURQUOISE-II,PTV_29,TURQUOISE-II
PTV_30:TURQUOISE-II,PTV_30,TURQUOISE-II
PTV_31:SAPPHIRE-II,PTV_31,SAPPHIRE-II
PTV_32:SAPPHIRE-II,PTV_32,SAPPHIRE-II
PTV_33:TURQUOISE-I,PTV_33,TURQUOISE-I
PTV_34:TURQUOISE-I,PTV_34,TURQUOISE-I
PTV_35:M12-536,PTV_35,M12-536
PTV_36:M12-536,PTV_36,M12-536
PTV_37:M12-536,PTV_37,M12-536
PTV_4:PEARL-III,PTV_4,PEARL-III
PTV_4:PEARL-IV,PTV_4,PEARL-IV
PTV_5:AVIATOR,PTV_5,AVIATOR
PTV_6:AVIATOR,PTV_6,AVIATOR
PTV_7:AVIATOR,PTV_7,AVIATOR
PTV_8:AVIATOR,PTV_8,AVIATOR
PTV_9:AVIATOR,PTV_9,AVIATOR
SOF_104:BOSON,SOF_104,BOSON
SOF_10:ION-4,SOF_10,ION-4
SOF_11:ALLY-2,SOF_11,ALLY-2
SOF_12:PHOTON-2,SOF_12,PHOTON-2
SOF_13:PHOTON-2,SOF_13,PHOTON-2
SOF_15:ATOMIC,SOF_15,ATOMIC
SOF_15:ELECTRON,SOF_15,ELECTRON
SOF_15:FISSION,SOF_15,FISSION
SOF_15:FUSION,SOF_15,FUSION
SOF_15:NEUTRINO,SOF_15,NEUTRINO
SOF_15:P7977-0221,SOF_15,P7977-0221
SOF_15:POSITRON,SOF_15,POSITRON
SOF_15:PROTON,SOF_15,PROTON
SOF_15:QUANTUM,SOF_15,QUANTUM
SOF_16:ATOMIC,SOF_16,ATOMIC
SOF_16:ELECTRON,SOF_16,ELECTRON
SOF_16:FISSION,SOF_16,FISSION
SOF_16:FUSION,SOF_16,FUSION
SOF_16:NEUTRINO,SOF_16,NEUTRINO
SOF_16:P7977-0221,SOF_16,P7977-0221
SOF_16:POSITRON,SOF_16,POSITRON
SOF_16:PROTON,SOF_16,PROTON
SOF_16:QUANTUM,SOF_16,QUANTUM
SOF_17:VALENCE,SOF_17,VALENCE
SOF_26:ELECTRON,SOF_26,ELECTRON
SOF_26:FISSION,SOF_26,FISSION
SOF_26:FUSION,SOF_26,FUSION
SOF_26:ION-1,SOF_26,ION-1
SOF_26:ION-2,SOF_26,ION-2
SOF_26:ION-3,SOF_26,ION-3
SOF_26:LONESTAR,SOF_26,LONESTAR
SOF_26:NEUTRINO,SOF_26,NEUTRINO
SOF_26:P7977-2025,SOF_26,P7977-2025
SOF_26:PHOTON-1,SOF_26,PHOTON-1
SOF_26:PHOTON-2,SOF_26,PHOTON-2
SOF_26:POSITRON,SOF_26,POSITRON
SOF_26:VALENCE,SOF_26,VALENCE
SOF_27:GS-US-196-0123,SOF_27,GS-US-196-0123
SOF_27:GS-US-196-0140,SOF_27,GS-US-196-0140
SOF_27:GS-US-248-0120,SOF_27,GS-US-248-0120
SOF_27:GS-US-248-0121,SOF_27,GS-US-248-0121
SOF_27:GS-US-256-0124,SOF_27,GS-US-256-0124
SOF_27:GS-US-256-0148,SOF_27,GS-US-256-0148
SOF_28:ATOMIC,SOF_28,ATOMIC
SOF_28:ELECTRON,SOF_28,ELECTRON
SOF_28:FISSION,SOF_28,FISSION
SOF_28:FUSION,SOF_28,FUSION
SOF_28:NEUTRINO,SOF_28,NEUTRINO
SOF_28:P7977-0221,SOF_28,P7977-0221
SOF_28:POSITRON,SOF_28,POSITRON
SOF_28:PROTON,SOF_28,PROTON
SOF_28:QUANTUM,SOF_28,QUANTUM
SOF_33:ELECTRON,SOF_33,ELECTRON
SOF_33:FISSION,SOF_33,FISSION
SOF_33:FUSION,SOF_33,FUSION
SOF_33:ION-1,SOF_33,ION-1
SOF_33:ION-2,SOF_33,ION-2
SOF_33:ION-3,SOF_33,ION-3
SOF_33:LONESTAR,SOF_33,LONESTAR
SOF_33:NEUTRINO,SOF_33,NEUTRINO
SOF_33:P7977-2025,SOF_33,P7977-2025
SOF_33:PHOTON-1,SOF_33,PHOTON-1
SOF_33:PHOTON-2,SOF_33,PHOTON-2
SOF_33:POSITRON,SOF_33,POSITRON
SOF_33:VALENCE,SOF_33,VALENCE
SOF_37:ELECTRON,SOF_37,ELECTRON
SOF_37:ION-1,SOF_37,ION-1
SOF_37:ION-2,SOF_37,ION-2
SOF_37:ION-3,SOF_37,ION-3
SOF_37:LONESTAR,SOF_37,LONESTAR
SOF_44:GS-US-337-1119,SOF_44,GS-US-337-1119
SOF_44:GS-US-342-1138,SOF_44,GS-US-342-1138
SOF_55:POLARIS-4,SOF_55,POLARIS-4
SOF_56:POLARIS-4,SOF_56,POLARIS-4
SOF_57:POLARIS-4,SOF_57,POLARIS-4
SOF_58:ELECTRON,SOF_58,ELECTRON
SOF_58:ION-1,SOF_58,ION-1
SOF_58:ION-2,SOF_58,ION-2
SOF_58:ION-3,SOF_58,ION-3
SOF_58:LONESTAR,SOF_58,LONESTAR
SOF_5:ELECTRON,SOF_5,ELECTRON
SOF_5:FISSION,SOF_5,FISSION
SOF_5:FUSION,SOF_5,FUSION
SOF_5:ION-1,SOF_5,ION-1
SOF_5:ION-2,SOF_5,ION-2
SOF_5:ION-3,SOF_5,ION-3
SOF_5:LONESTAR,SOF_5,LONESTAR
SOF_5:NEUTRINO,SOF_5,NEUTRINO
SOF_5:P7977-2025,SOF_5,P7977-2025
SOF_5:PHOTON-1,SOF_5,PHOTON-1
SOF_5:PHOTON-2,SOF_5,PHOTON-2
SOF_5:POSITRON,SOF_5,POSITRON
SOF_5:VALENCE,SOF_5,VALENCE
SOF_63:GS-US-337-1119,SOF_63,GS-US-337-1119
SOF_67:NCT01805882,SOF_67,NCT01805882
SOF_6:ELECTRON,SOF_6,ELECTRON
SOF_6:FISSION,SOF_6,FISSION
SOF_6:FUSION,SOF_6,FUSION
SOF_6:ION-1,SOF_6,ION-1
SOF_6:ION-2,SOF_6,ION-2
SOF_6:ION-3,SOF_6,ION-3
SOF_6:LONESTAR,SOF_6,LONESTAR
SOF_6:NEUTRINO,SOF_6,NEUTRINO
SOF_6:P7977-2025,SOF_6,P7977-2025
SOF_6:PHOTON-1,SOF_6,PHOTON-1
SOF_6:PHOTON-2,SOF_6,PHOTON-2
SOF_6:POSITRON,SOF_6,POSITRON
SOF_6:VALENCE,SOF_6,VALENCE
SOF_7:ELECTRON,SOF_7,ELECTRON
SOF_7:FISSION,SOF_7,FISSION
SOF_7:FUSION,SOF_7,FUSION
SOF_7:ION-1,SOF_7,ION-1
SOF_7:ION-2,SOF_7,ION-2
SOF_7:ION-3,SOF_7,ION-3
SOF_7:LONESTAR,SOF_7,LONESTAR
SOF_7:NEUTRINO,SOF_7,NEUTRINO
SOF_7:P7977-2025,SOF_7,P7977-2025
SOF_7:PHOTON-1,SOF_7,PHOTON-1
SOF_7:PHOTON-2,SOF_7,PHOTON-2
SOF_7:POSITRON,SOF_7,POSITRON
SOF_7:VALENCE,SOF_7,VALENCE
SOF_80:ATOMIC,SOF_80,ATOMIC
SOF_80:ELECTRON,SOF_80,ELECTRON
SOF_80:FISSION,SOF_80,FISSION
SOF_80:FUSION,SOF_80,FUSION
SOF_80:NEUTRINO,SOF_80,NEUTRINO
SOF_80:P7977-0221,SOF_80,P7977-0221
SOF_80:POSITRON,SOF_80,POSITRON
SOF_80:PROTON,SOF_80,PROTON
SOF_80:QUANTUM,SOF_80,QUANTUM
SOF_84:ALLY-2,SOF_84,ALLY-2
SOF_8:ELECTRON,SOF_8,ELECTRON
SOF_8:FISSION,SOF_8,FISSION
SOF_8:FUSION,SOF_8,FUSION
SOF_8:ION-1,SOF_8,ION-1
SOF_8:ION-2,SOF_8,ION-2
SOF_8:ION-3,SOF_8,ION-3
SOF_8:LONESTAR,SOF_8,LONESTAR
SOF_8:NEUTRINO,SOF_8,NEUTRINO
SOF_8:P7977-2025,SOF_8,P7977-2025
SOF_8:PHOTON-1,SOF_8,PHOTON-1
SOF_8:PHOTON-2,SOF_8,PHOTON-2
SOF_8:POSITRON,SOF_8,POSITRON
SOF_8:VALENCE,SOF_8,VALENCE
SOF_91:ELECTRON,SOF_91,ELECTRON
SOF_91:FISSION,SOF_91,FISSION
SOF_91:FUSION,SOF_91,FUSION
SOF_91:ION-1,SOF_91,ION-1
SOF_91:ION-2,SOF_91,ION-2
SOF_91:ION-3,SOF_91,ION-3
SOF_91:LONESTAR,SOF_91,LONESTAR
SOF_91:NEUTRINO,SOF_91,NEUTRINO
SOF_91:P7977-2025,SOF_91,P7977-2025
SOF_91:PHOTON-1,SOF_91,PHOTON-1
SOF_91:PHOTON-2,SOF_91,PHOTON-2
SOF_91:POSITRON,SOF_91,POSITRON
SOF_91:VALENCE,SOF_91,VALENCE
SOF_92:ELECTRON,SOF_92,ELECTRON
SOF_92:FISSION,SOF_92,FISSION
SOF_92:FUSION,SOF_92,FUSION
SOF_92:ION-1,SOF_92,ION-1
SOF_92:ION-2,SOF_92,ION-2
SOF_92:ION-3,SOF_92,ION-3
SOF_92:LONESTAR,SOF_92,LONESTAR
SOF_92:NEUTRINO,SOF_92,NEUTRINO
SOF_92:P7977-2025,SOF_92,P7977-2025
SOF_92:PHOTON-1,SOF_92,PHOTON-1
SOF_92:PHOTON-2,SOF_92,PHOTON-2
SOF_92:POSITRON,SOF_92,POSITRON
SOF_92:VALENCE,SOF_92,VALENCE
SOF_93:ATOMIC,SOF_93,ATOMIC
SOF_93:ELECTRON,SOF_93,ELECTRON
SOF_93:FISSION,SOF_93,FISSION
SOF_93:FUSION,SOF_93,FUSION
SOF_93:NEUTRINO,SOF_93,NEUTRINO
SOF_93:P7977-0221,SOF_93,P7977-0221
SOF_93:POSITRON,SOF_93,POSITRON
SOF_93:PROTON,SOF_93,PROTON
SOF_93:QUANTUM,SOF_93,QUANTUM
SOF_94:VALENCE,SOF_94,VALENCE
SOF_95:ASTRAL-1,SOF_95,ASTRAL-1
SOF_95:ASTRAL-2,SOF_95,ASTRAL-2
SOF_95:ASTRAL-3,SOF_95,ASTRAL-3
SOF_95:ASTRAL-5,SOF_95,ASTRAL-5
SOF_95:POLARIS-2,SOF_95,POLARIS-2
SOF_95:POLARIS-3,SOF_95,POLARIS-3
SOF_96:GS-US-337-1119,SOF_96,GS-US-337-1119
SOF_96:GS-US-342-1138,SOF_96,GS-US-342-1138
SOF_9:ELECTRON,SOF_9,ELECTRON
SOF_9:FISSION,SOF_9,FISSION
SOF_9:FUSION,SOF_9,FUSION
SOF_9:ION-1,SOF_9,ION-1
SOF_9:ION-2,SOF_9,ION-2
SOF_9:ION-3,SOF_9,ION-3
SOF_9:LONESTAR,SOF_9,LONESTAR
SOF_9:NEUTRINO,SOF_9,NEUTRINO
SOF_9:P7977-2025,SOF_9,P7977-2025
SOF_9:PHOTON-1,SOF_9,PHOTON-1
SOF_9:PHOTON-2,SOF_9,PHOTON-2
SOF_9:POSITRON,SOF_9,POSITRON
SOF_9:VALENCE,SOF_9,VALENCE
VEL_100:NCT02300103,VEL_100,NCT02300103
VEL_101:ASTRAL-4,VEL_101,ASTRAL-4
VEL_102:ASTRAL-4,VEL_102,ASTRAL-4
VEL_103:ASTRAL-4,VEL_103,ASTRAL-4
VEL_104:ASTRAL-4,VEL_104,ASTRAL-4
VEL_111:ASTRAL-1,VEL_111,ASTRAL-1
VEL_111:ASTRAL-2,VEL_111,ASTRAL-2
VEL_111:ASTRAL-3,VEL_111,ASTRAL-3
VEL_111:ASTRAL-5,VEL_111,ASTRAL-5
VEL_111:POLARIS-2,VEL_111,POLARIS-2
VEL_111:POLARIS-3,VEL_111,POLARIS-3
VEL_112:POLARIS-1,VEL_112,POLARIS-1
VEL_113:ASTRAL-4,VEL_113,ASTRAL-4
VEL_19:ASTRAL-4,VEL_19,ASTRAL-4
VEL_24:ASTRAL-1,VEL_24,ASTRAL-1
VEL_24:ASTRAL-2,VEL_24,ASTRAL-2
VEL_24:ASTRAL-3,VEL_24,ASTRAL-3
VEL_24:ASTRAL-5,VEL_24,ASTRAL-5
VEL_24:POLARIS-2,VEL_24,POLARIS-2
VEL_24:POLARIS-3,VEL_24,POLARIS-3
VEL_25:ASTRAL-3,VEL_25,ASTRAL-3
VEL_26:POLARIS-1,VEL_26,POLARIS-1
VEL_27:POLARIS-4,VEL_27,POLARIS-4
VEL_2:POLARIS-4,VEL_2,POLARIS-4
VEL_32:ASTRAL-1,VEL_32,ASTRAL-1
VEL_32:ASTRAL-2,VEL_32,ASTRAL-2
VEL_32:ASTRAL-3,VEL_32,ASTRAL-3
VEL_32:ASTRAL-5,VEL_32,ASTRAL-5
VEL_32:POLARIS-2,VEL_32,POLARIS-2
VEL_32:POLARIS-3,VEL_32,POLARIS-3
VEL_33:ASTRAL-1,VEL_33,ASTRAL-1
VEL_33:ASTRAL-2,VEL_33,ASTRAL-2
VEL_33:ASTRAL-3,VEL_33,ASTRAL-3
VEL_33:ASTRAL-5,VEL_33,ASTRAL-5
VEL_33:POLARIS-2,VEL_33,POLARIS-2
VEL_33:POLARIS-3,VEL_33,POLARIS-3
VEL_34:ASTRAL-4,VEL_34,ASTRAL-4
VEL_36:POLARIS-1,VEL_36,POLARIS-1
VEL_45:POLARIS-4,VEL_45,POLARIS-4
VEL_46:NCT02300103,VEL_46,NCT02300103
VEL_47:ASTRAL-4,VEL_47,ASTRAL-4
VEL_49:ASTRAL-1,VEL_49,ASTRAL-1
VEL_49:ASTRAL-2,VEL_49,ASTRAL-2
VEL_49:ASTRAL-3,VEL_49,ASTRAL-3
VEL_49:ASTRAL-5,VEL_49,ASTRAL-5
VEL_49:POLARIS-2,VEL_49,POLARIS-2
VEL_49:POLARIS-3,VEL_49,POLARIS-3
VEL_4:POLARIS-4,VEL_4,POLARIS-4
VEL_50:POLARIS-1,VEL_50,POLARIS-1
VEL_58:ASTRAL-4,VEL_58,ASTRAL-4
VEL_5:POLARIS-4,VEL_5,POLARIS-4
VEL_64:POLARIS-4,VEL_64,POLARIS-4
VEL_6:POLARIS-4,VEL_6,POLARIS-4
VEL_82:ASTRAL-1,VEL_82,ASTRAL-1
VEL_82:ASTRAL-2,VEL_82,ASTRAL-2
VEL_82:ASTRAL-3,VEL_82,ASTRAL-3
VEL_82:ASTRAL-5,VEL_82,ASTRAL-5
VEL_82:POLARIS-2,VEL_82,POLARIS-2
VEL_82:POLARIS-3,VEL_82,POLARIS-3
VEL_83:ASTRAL-1,VEL_83,ASTRAL-1
VEL_83:ASTRAL-2,VEL_83,ASTRAL-2
VEL_83:ASTRAL-3,VEL_83,ASTRAL-3
VEL_83:ASTRAL-5,VEL_83,ASTRAL-5
VEL_83:POLARIS-2,VEL_83,POLARIS-2
VEL_83:POLARIS-3,VEL_83,POLARIS-3
VEL_84:ASTRAL-1,VEL_84,ASTRAL-1
VEL_84:ASTRAL-2,VEL_84,ASTRAL-2
VEL_84:ASTRAL-3,VEL_84,ASTRAL-3
VEL_84:ASTRAL-5,VEL_84,ASTRAL-5
VEL_84:POLARIS-2,VEL_84,POLARIS-2
VEL_84:POLARIS-3,VEL_84,POLARIS-3
VEL_85:ASTRAL-1,VEL_85,ASTRAL-1
VEL_85:ASTRAL-2,VEL_85,ASTRAL-2
VEL_85:ASTRAL-3,VEL_85,ASTRAL-3
VEL_85:ASTRAL-5,VEL_85,ASTRAL-5
VEL_85:POLARIS-2,VEL_85,POLARIS-2
VEL_85:POLARIS-3,VEL_85,POLARIS-3
VEL_86:ASTRAL-1,VEL_86,ASTRAL-1
VEL_86:ASTRAL-2,VEL_86,ASTRAL-2
VEL_86:ASTRAL-3,VEL_86,ASTRAL-3
VEL_86:ASTRAL-5,VEL_86,ASTRAL-5
VEL_86:POLARIS-2,VEL_86,POLARIS-2
VEL_86:POLARIS-3,VEL_86,POLARIS-3
VEL_87:ASTRAL-1,VEL_87,ASTRAL-1
VEL_87:ASTRAL-2,VEL_87,ASTRAL-2
VEL_87:ASTRAL-3,VEL_87,ASTRAL-3
VEL_87:ASTRAL-5,VEL_87,ASTRAL-5
VEL_87:POLARIS-2,VEL_87,POLARIS-2
VEL_87:POLARIS-3,VEL_87,POLARIS-3
VEL_88:ASTRAL-3,VEL_88,ASTRAL-3
VEL_89:ASTRAL-3,VEL_89,ASTRAL-3
VEL_90:ASTRAL-3,VEL_90,ASTRAL-3
VEL_91:ASTRAL-3,VEL_91,ASTRAL-3
VEL_92:POLARIS-1,VEL_92,POLARIS-1
VEL_93:POLARIS-1,VEL_93,POLARIS-1
VEL_94:POLARIS-4,VEL_94,POLARIS-4
VEL_95:POLARIS-4,VEL_95,POLARIS-4
VEL_96:POLARIS-4,VEL_96,POLARIS-4
VEL_97:POLARIS-4,VEL_97,POLARIS-4
VEL_98:POLARIS-4,VEL_98,POLARIS-4
VEL_99:POLARIS-4,VEL_99,POLARIS-4
VOX_105:POLARIS-1,VOX_105,POLARIS-1
VOX_105:POLARIS-4,VOX_105,POLARIS-4
VOX_107:POLARIS-2,VOX_107,POLARIS-2
VOX_107:POLARIS-3,VOX_107,POLARIS-3
VOX_112:POLARIS-2,VOX_112,POLARIS-2
VOX_112:POLARIS-3,VOX_112,POLARIS-3
VOX_114:GS-US-337-1468,VOX_114,GS-US-337-1468
VOX_114:GS-US-367-1168,VOX_114,GS-US-367-1168
VOX_114:GS-US-367-1169,VOX_114,GS-US-367-1169
VOX_114:GS-US-367-1871,VOX_114,GS-US-367-1871
VOX_30:POLARIS-2,VOX_30,POLARIS-2
VOX_30:POLARIS-3,VOX_30,POLARIS-3
VOX_58:GS-US-337-1468,VOX_58,GS-US-337-1468
VOX_58:GS-US-367-1168,VOX_58,GS-US-367-1168
VOX_58:GS-US-367-1169,VOX_58,GS-US-367-1169
VOX_58:GS-US-367-1871,VOX_58,GS-US-367-1871
VOX_97:POLARIS-2,VOX_97,POLARIS-2
VOX_97:POLARIS-3,VOX_97,POLARIS-3
