description,display_name,feature_name,name,ref_end,ref_seq_name,ref_start,type,is_epitope,pubmed_id,publication_date_year,epitope_iedb_id,epitope_method,epitope_protein,epitope_start_codon,epitope_end_codon,epitope_stage,epitope_genotype,epitope_subtype,epitope_measurement,epitope_effector_tissue_type,epitope_effector_cell_type,epitope_effector_cell_culture_condition,epitope_full_hla,epitope_partial_hla,phdr_ras_id
,,NS3,phdr_ras:NS3:107I,3740,REF_MASTER_NC_004102,3738,aminoAcidSimplePolymorphism,,,,,,,,,,,,,,,,,,NS3:107I
,,NS3,phdr_ras:NS3:109K,3746,REF_MASTER_NC_004102,3744,aminoAcidSimplePolymorphism,,,,,,,,,,,,,,,,,,NS3:109K
,,NS3,phdr_ras:NS3:117L,3770,REF_MASTER_NC_004102,3768,aminoAcidSimplePolymorphism,,,,,,,,,,,,,,,,,,
,,NS3,phdr_ras:NS3:117L+156S,,REF_MASTER_NC_004102,,conjunction,,,,,,,,,,,,,,,,,,NS3:117L+156S
,,NS3,phdr_ras:NS3:122C,3785,REF_MASTER_NC_004102,3783,aminoAcidSimplePolymorphism,,,,,,,,,,,,,,,,,,
,,NS3,phdr_ras:NS3:122D,3785,REF_MASTER_NC_004102,3783,aminoAcidSimplePolymorphism,,,,,,,,,,,,,,,,,,NS3:122D
,,NS3,phdr_ras:NS3:122G,3785,REF_MASTER_NC_004102,3783,aminoAcidSimplePolymorphism,,,,,,,,,,,,,,,,,,NS3:122G
,,NS3,phdr_ras:NS3:122G+155K,,REF_MASTER_NC_004102,,conjunction,,,,,,,,,,,,,,,,,,NS3:122G+155K
,,NS3,phdr_ras:NS3:122G+155K+170V,,REF_MASTER_NC_004102,,conjunction,,,,,,,,,,,,,,,,,,NS3:122G+155K+170V
,,NS3,phdr_ras:NS3:122G+168A,,REF_MASTER_NC_004102,,conjunction,,,,,,,,,,,,,,,,,,NS3:122G+168A
,,NS3,phdr_ras:NS3:122N,3785,REF_MASTER_NC_004102,3783,aminoAcidSimplePolymorphism,,,,,,,,,,,,,,,,,,NS3:122N
,,NS3,phdr_ras:NS3:122N+155G,,REF_MASTER_NC_004102,,conjunction,,,,,,,,,,,,,,,,,,NS3:122N+155G
,,NS3,phdr_ras:NS3:122N+168A,,REF_MASTER_NC_004102,,conjunction,,,,,,,,,,,,,,,,,,NS3:122N+168A
,,NS3,phdr_ras:NS3:122N+168N,,REF_MASTER_NC_004102,,conjunction,,,,,,,,,,,,,,,,,,NS3:122N+168N
,,NS3,phdr_ras:NS3:122N+168Y,,REF_MASTER_NC_004102,,conjunction,,,,,,,,,,,,,,,,,,NS3:122N+168Y
,,NS3,phdr_ras:NS3:122R,3785,REF_MASTER_NC_004102,3783,aminoAcidSimplePolymorphism,,,,,,,,,,,,,,,,,,NS3:122R
,,NS3,phdr_ras:NS3:122R+155N+168E,,REF_MASTER_NC_004102,,conjunction,,,,,,,,,,,,,,,,,,NS3:122R+155N+168E
,,NS3,phdr_ras:NS3:122T,3785,REF_MASTER_NC_004102,3783,aminoAcidSimplePolymorphism,,,,,,,,,,,,,,,,,,NS3:122T
,,NS3,phdr_ras:NS3:122T+170I,,REF_MASTER_NC_004102,,conjunction,,,,,,,,,,,,,,,,,,NS3:122T+170I
,,NS3,phdr_ras:NS3:123Q,3788,REF_MASTER_NC_004102,3786,aminoAcidSimplePolymorphism,,,,,,,,,,,,,,,,,,NS3:123Q
,,NS3,phdr_ras:NS3:132I,3815,REF_MASTER_NC_004102,3813,aminoAcidSimplePolymorphism,,,,,,,,,,,,,,,,,,
,,NS3,phdr_ras:NS3:132I+170I,,REF_MASTER_NC_004102,,conjunction,,,,,,,,,,,,,,,,,,NS3:132I+170I
,,NS3,phdr_ras:NS3:132V,3815,REF_MASTER_NC_004102,3813,aminoAcidSimplePolymorphism,,,,,,,,,,,,,,,,,,NS3:132V
,,NS3,phdr_ras:NS3:155C,3884,REF_MASTER_NC_004102,3882,aminoAcidSimplePolymorphism,,,,,,,,,,,,,,,,,,NS3:155C
,,NS3,phdr_ras:NS3:155D,3884,REF_MASTER_NC_004102,3882,aminoAcidSimplePolymorphism,,,,,,,,,,,,,,,,,,NS3:155D
,,NS3,phdr_ras:NS3:155G,3884,REF_MASTER_NC_004102,3882,aminoAcidSimplePolymorphism,,,,,,,,,,,,,,,,,,NS3:155G
,,NS3,phdr_ras:NS3:155I,3884,REF_MASTER_NC_004102,3882,aminoAcidSimplePolymorphism,,,,,,,,,,,,,,,,,,NS3:155I
,,NS3,phdr_ras:NS3:155K,3884,REF_MASTER_NC_004102,3882,aminoAcidSimplePolymorphism,,,,,,,,,,,,,,,,,,NS3:155K
,,NS3,phdr_ras:NS3:155K+168A,,REF_MASTER_NC_004102,,conjunction,,,,,,,,,,,,,,,,,,NS3:155K+168A
,,NS3,phdr_ras:NS3:155K+168R,,REF_MASTER_NC_004102,,conjunction,,,,,,,,,,,,,,,,,,NS3:155K+168R
,,NS3,phdr_ras:NS3:155K+168V,,REF_MASTER_NC_004102,,conjunction,,,,,,,,,,,,,,,,,,NS3:155K+168V
,,NS3,phdr_ras:NS3:155N,3884,REF_MASTER_NC_004102,3882,aminoAcidSimplePolymorphism,,,,,,,,,,,,,,,,,,
,,NS3,phdr_ras:NS3:155Q,3884,REF_MASTER_NC_004102,3882,aminoAcidSimplePolymorphism,,,,,,,,,,,,,,,,,,NS3:155Q
,,NS3,phdr_ras:NS3:155R,3884,REF_MASTER_NC_004102,3882,aminoAcidSimplePolymorphism,,,,,,,,,,,,,,,,,,
,,NS3,phdr_ras:NS3:155S,3884,REF_MASTER_NC_004102,3882,aminoAcidSimplePolymorphism,,,,,,,,,,,,,,,,,,NS3:155S
,,NS3,phdr_ras:NS3:155T,3884,REF_MASTER_NC_004102,3882,aminoAcidSimplePolymorphism,,,,,,,,,,,,,,,,,,NS3:155T
,,NS3,phdr_ras:NS3:155T+156V,,REF_MASTER_NC_004102,,conjunction,,,,,,,,,,,,,,,,,,NS3:155T+156V
,,NS3,phdr_ras:NS3:155T+168N,,REF_MASTER_NC_004102,,conjunction,,,,,,,,,,,,,,,,,,NS3:155T+168N
,,NS3,phdr_ras:NS3:155W,3884,REF_MASTER_NC_004102,3882,aminoAcidSimplePolymorphism,,,,,,,,,,,,,,,,,,NS3:155W
,,NS3,phdr_ras:NS3:156A,3887,REF_MASTER_NC_004102,3885,aminoAcidSimplePolymorphism,,,,,,,,,,,,,,,,,,
,,NS3,phdr_ras:NS3:156G,3887,REF_MASTER_NC_004102,3885,aminoAcidSimplePolymorphism,,,,,,,,,,,,,,,,,,NS3:156G
,,NS3,phdr_ras:NS3:156G+170I,,REF_MASTER_NC_004102,,conjunction,,,,,,,,,,,,,,,,,,NS3:156G+170I
,,NS3,phdr_ras:NS3:156L,3887,REF_MASTER_NC_004102,3885,aminoAcidSimplePolymorphism,,,,,,,,,,,,,,,,,,NS3:156L
,,NS3,phdr_ras:NS3:156M,3887,REF_MASTER_NC_004102,3885,aminoAcidSimplePolymorphism,,,,,,,,,,,,,,,,,,NS3:156M
,,NS3,phdr_ras:NS3:156M+168A+170I,,REF_MASTER_NC_004102,,conjunction,,,,,,,,,,,,,,,,,,NS3:156M+168A+170I
,,NS3,phdr_ras:NS3:156M+168G+170I,,REF_MASTER_NC_004102,,conjunction,,,,,,,,,,,,,,,,,,NS3:156M+168G+170I
,,NS3,phdr_ras:NS3:156S,3887,REF_MASTER_NC_004102,3885,aminoAcidSimplePolymorphism,,,,,,,,,,,,,,,,,,NS3:156S
,,NS3,phdr_ras:NS3:156S+177V,,REF_MASTER_NC_004102,,conjunction,,,,,,,,,,,,,,,,,,NS3:156S+177V
,,NS3,phdr_ras:NS3:156T,3887,REF_MASTER_NC_004102,3885,aminoAcidSimplePolymorphism,,,,,,,,,,,,,,,,,,NS3:156T
,,NS3,phdr_ras:NS3:156T+158A,,REF_MASTER_NC_004102,,conjunction,,,,,,,,,,,,,,,,,,NS3:156T+158A
,,NS3,phdr_ras:NS3:156T+168A+170I,,REF_MASTER_NC_004102,,conjunction,,,,,,,,,,,,,,,,,,NS3:156T+168A+170I
,,NS3,phdr_ras:NS3:156T+168G+170I,,REF_MASTER_NC_004102,,conjunction,,,,,,,,,,,,,,,,,,NS3:156T+168G+170I
,,NS3,phdr_ras:NS3:156T+168N,,REF_MASTER_NC_004102,,conjunction,,,,,,,,,,,,,,,,,,NS3:156T+168N
,,NS3,phdr_ras:NS3:156T+170I,,REF_MASTER_NC_004102,,conjunction,,,,,,,,,,,,,,,,,,NS3:156T+170I
,,NS3,phdr_ras:NS3:156V,3887,REF_MASTER_NC_004102,3885,aminoAcidSimplePolymorphism,,,,,,,,,,,,,,,,,,NS3:156V
,,NS3,phdr_ras:NS3:156V+168A+170I,,REF_MASTER_NC_004102,,conjunction,,,,,,,,,,,,,,,,,,NS3:156V+168A+170I
,,NS3,phdr_ras:NS3:156V+168G+170I,,REF_MASTER_NC_004102,,conjunction,,,,,,,,,,,,,,,,,,NS3:156V+168G+170I
,,NS3,phdr_ras:NS3:156V+168V,,REF_MASTER_NC_004102,,conjunction,,,,,,,,,,,,,,,,,,NS3:156V+168V
,,NS3,phdr_ras:NS3:158A,3893,REF_MASTER_NC_004102,3891,aminoAcidSimplePolymorphism,,,,,,,,,,,,,,,,,,NS3:158A
,,NS3,phdr_ras:NS3:158I,3893,REF_MASTER_NC_004102,3891,aminoAcidSimplePolymorphism,,,,,,,,,,,,,,,,,,NS3:158I
,,NS3,phdr_ras:NS3:166S,3917,REF_MASTER_NC_004102,3915,aminoAcidSimplePolymorphism,,,,,,,,,,,,,,,,,,NS3:166S
,,NS3,phdr_ras:NS3:166S+168R,,REF_MASTER_NC_004102,,conjunction,,,,,,,,,,,,,,,,,,NS3:166S+168R
,,NS3,phdr_ras:NS3:166T,3917,REF_MASTER_NC_004102,3915,aminoAcidSimplePolymorphism,,,,,,,,,,,,,,,,,,NS3:166T
,,NS3,phdr_ras:NS3:168A,3923,REF_MASTER_NC_004102,3921,aminoAcidSimplePolymorphism,,,,,,,,,,,,,,,,,,NS3:168A
,,NS3,phdr_ras:NS3:168A+122N,,REF_MASTER_NC_004102,,conjunction,,,,,,,,,,,,,,,,,,NS3:168A+122N
,,NS3,phdr_ras:NS3:168A+170T,,REF_MASTER_NC_004102,,conjunction,,,,,,,,,,,,,,,,,,NS3:168A+170T
,,NS3,phdr_ras:NS3:168C,3923,REF_MASTER_NC_004102,3921,aminoAcidSimplePolymorphism,,,,,,,,,,,,,,,,,,NS3:168C
,,NS3,phdr_ras:NS3:168D,3923,REF_MASTER_NC_004102,3921,aminoAcidSimplePolymorphism,,,,,,,,,,,,,,,,,,NS3:168D
,,NS3,phdr_ras:NS3:168E,3923,REF_MASTER_NC_004102,3921,aminoAcidSimplePolymorphism,,,,,,,,,,,,,,,,,,NS3:168E
,,NS3,phdr_ras:NS3:168F,3923,REF_MASTER_NC_004102,3921,aminoAcidSimplePolymorphism,,,,,,,,,,,,,,,,,,NS3:168F
,,NS3,phdr_ras:NS3:168G,3923,REF_MASTER_NC_004102,3921,aminoAcidSimplePolymorphism,,,,,,,,,,,,,,,,,,NS3:168G
,,NS3,phdr_ras:NS3:168H,3923,REF_MASTER_NC_004102,3921,aminoAcidSimplePolymorphism,,,,,,,,,,,,,,,,,,NS3:168H
,,NS3,phdr_ras:NS3:168H+179T,,REF_MASTER_NC_004102,,conjunction,,,,,,,,,,,,,,,,,,NS3:168H+179T
,,NS3,phdr_ras:NS3:168H+41R,,REF_MASTER_NC_004102,,conjunction,,,,,,,,,,,,,,,,,,NS3:168H+41R
,,NS3,phdr_ras:NS3:168I,3923,REF_MASTER_NC_004102,3921,aminoAcidSimplePolymorphism,,,,,,,,,,,,,,,,,,NS3:168I
,,NS3,phdr_ras:NS3:168K,3923,REF_MASTER_NC_004102,3921,aminoAcidSimplePolymorphism,,,,,,,,,,,,,,,,,,NS3:168K
,,NS3,phdr_ras:NS3:168L,3923,REF_MASTER_NC_004102,3921,aminoAcidSimplePolymorphism,,,,,,,,,,,,,,,,,,NS3:168L
,,NS3,phdr_ras:NS3:168N,3923,REF_MASTER_NC_004102,3921,aminoAcidSimplePolymorphism,,,,,,,,,,,,,,,,,,NS3:168N
,,NS3,phdr_ras:NS3:168Q,3923,REF_MASTER_NC_004102,3921,aminoAcidSimplePolymorphism,,,,,,,,,,,,,,,,,,
,,NS3,phdr_ras:NS3:168R,3923,REF_MASTER_NC_004102,3921,aminoAcidSimplePolymorphism,,,,,,,,,,,,,,,,,,NS3:168R
,,NS3,phdr_ras:NS3:168R+170I,,REF_MASTER_NC_004102,,conjunction,,,,,,,,,,,,,,,,,,NS3:168R+170I
,,NS3,phdr_ras:NS3:168T,3923,REF_MASTER_NC_004102,3921,aminoAcidSimplePolymorphism,,,,,,,,,,,,,,,,,,NS3:168T
,,NS3,phdr_ras:NS3:168V,3923,REF_MASTER_NC_004102,3921,aminoAcidSimplePolymorphism,,,,,,,,,,,,,,,,,,NS3:168V
,,NS3,phdr_ras:NS3:168Y,3923,REF_MASTER_NC_004102,3921,aminoAcidSimplePolymorphism,,,,,,,,,,,,,,,,,,NS3:168Y
,,NS3,phdr_ras:NS3:168Y+41R,,REF_MASTER_NC_004102,,conjunction,,,,,,,,,,,,,,,,,,NS3:168Y+41R
,,NS3,phdr_ras:NS3:170A,3929,REF_MASTER_NC_004102,3927,aminoAcidSimplePolymorphism,,,,,,,,,,,,,,,,,,NS3:170A
,,NS3,phdr_ras:NS3:170I,3929,REF_MASTER_NC_004102,3927,aminoAcidSimplePolymorphism,,,,,,,,,,,,,,,,,,NS3:170I
,,NS3,phdr_ras:NS3:170T,3929,REF_MASTER_NC_004102,3927,aminoAcidSimplePolymorphism,,,,,,,,,,,,,,,,,,NS3:170T
,,NS3,phdr_ras:NS3:170V,3929,REF_MASTER_NC_004102,3927,aminoAcidSimplePolymorphism,,,,,,,,,,,,,,,,,,NS3:170V
,,NS3,phdr_ras:NS3:175M,3944,REF_MASTER_NC_004102,3942,aminoAcidSimplePolymorphism,,,,,,,,,,,,,,,,,,NS3:175M
,,NS3,phdr_ras:NS3:177V,3950,REF_MASTER_NC_004102,3948,aminoAcidSimplePolymorphism,,,,,,,,,,,,,,,,,,NS3:177V
,,NS3,phdr_ras:NS3:179T,3956,REF_MASTER_NC_004102,3954,aminoAcidSimplePolymorphism,,,,,,,,,,,,,,,,,,
,,NS3,phdr_ras:NS3:180V,3959,REF_MASTER_NC_004102,3957,aminoAcidSimplePolymorphism,,,,,,,,,,,,,,,,,,
,,NS3,phdr_ras:NS3:18V,3473,REF_MASTER_NC_004102,3471,aminoAcidSimplePolymorphism,,,,,,,,,,,,,,,,,,
,,NS3,phdr_ras:NS3:18V+155K,,REF_MASTER_NC_004102,,conjunction,,,,,,,,,,,,,,,,,,NS3:18V+155K
,,NS3,phdr_ras:NS3:30V,3509,REF_MASTER_NC_004102,3507,aminoAcidSimplePolymorphism,,,,,,,,,,,,,,,,,,
,,NS3,phdr_ras:NS3:30V+156S,,REF_MASTER_NC_004102,,conjunction,,,,,,,,,,,,,,,,,,NS3:30V+156S
,,NS3,phdr_ras:NS3:36A,3527,REF_MASTER_NC_004102,3525,aminoAcidSimplePolymorphism,,,,,,,,,,,,,,,,,,NS3:36A
,,NS3,phdr_ras:NS3:36A+155G+168G,,REF_MASTER_NC_004102,,conjunction,,,,,,,,,,,,,,,,,,NS3:36A+155G+168G
,,NS3,phdr_ras:NS3:36A+155K,,REF_MASTER_NC_004102,,conjunction,,,,,,,,,,,,,,,,,,NS3:36A+155K
,,NS3,phdr_ras:NS3:36A+156T,,REF_MASTER_NC_004102,,conjunction,,,,,,,,,,,,,,,,,,NS3:36A+156T
,,NS3,phdr_ras:NS3:36A+168A,,REF_MASTER_NC_004102,,conjunction,,,,,,,,,,,,,,,,,,NS3:36A+168A
,,NS3,phdr_ras:NS3:36A+41R,,REF_MASTER_NC_004102,,conjunction,,,,,,,,,,,,,,,,,,NS3:36A+41R
,,NS3,phdr_ras:NS3:36A+80R+155K,,REF_MASTER_NC_004102,,conjunction,,,,,,,,,,,,,,,,,,NS3:36A+80R+155K
,,NS3,phdr_ras:NS3:36G,3527,REF_MASTER_NC_004102,3525,aminoAcidSimplePolymorphism,,,,,,,,,,,,,,,,,,NS3:36G
,,NS3,phdr_ras:NS3:36L,3527,REF_MASTER_NC_004102,3525,aminoAcidSimplePolymorphism,,,,,,,,,,,,,,,,,,NS3:36L
,,NS3,phdr_ras:NS3:36L+155K,,REF_MASTER_NC_004102,,conjunction,,,,,,,,,,,,,,,,,,NS3:36L+155K
,,NS3,phdr_ras:NS3:36L+155K+156T+158A+168N,,REF_MASTER_NC_004102,,conjunction,,,,,,,,,,,,,,,,,,NS3:36L+155K+156T+158A+168N
,,NS3,phdr_ras:NS3:36L+155K+156T+168N,,REF_MASTER_NC_004102,,conjunction,,,,,,,,,,,,,,,,,,NS3:36L+155K+156T+168N
,,NS3,phdr_ras:NS3:36L+54S,,REF_MASTER_NC_004102,,conjunction,,,,,,,,,,,,,,,,,,NS3:36L+54S
,,NS3,phdr_ras:NS3:36L+80K,,REF_MASTER_NC_004102,,conjunction,,,,,,,,,,,,,,,,,,NS3:36L+80K
,,NS3,phdr_ras:NS3:36L+80K+122C,,REF_MASTER_NC_004102,,conjunction,,,,,,,,,,,,,,,,,,NS3:36L+80K+122C
,,NS3,phdr_ras:NS3:36L+80K+155S,,REF_MASTER_NC_004102,,conjunction,,,,,,,,,,,,,,,,,,NS3:36L+80K+155S
,,NS3,phdr_ras:NS3:36L+80K+168A,,REF_MASTER_NC_004102,,conjunction,,,,,,,,,,,,,,,,,,NS3:36L+80K+168A
,,NS3,phdr_ras:NS3:36L+80K+168G,,REF_MASTER_NC_004102,,conjunction,,,,,,,,,,,,,,,,,,NS3:36L+80K+168G
,,NS3,phdr_ras:NS3:36M,3527,REF_MASTER_NC_004102,3525,aminoAcidSimplePolymorphism,,,,,,,,,,,,,,,,,,NS3:36M
,,NS3,phdr_ras:NS3:36M+122N,,REF_MASTER_NC_004102,,conjunction,,,,,,,,,,,,,,,,,,NS3:36M+122N
,,NS3,phdr_ras:NS3:36M+155G+168G,,REF_MASTER_NC_004102,,conjunction,,,,,,,,,,,,,,,,,,NS3:36M+155G+168G
,,NS3,phdr_ras:NS3:36M+155K,,REF_MASTER_NC_004102,,conjunction,,,,,,,,,,,,,,,,,,NS3:36M+155K
,,NS3,phdr_ras:NS3:36M+155K+170V,,REF_MASTER_NC_004102,,conjunction,,,,,,,,,,,,,,,,,,NS3:36M+155K+170V
,,NS3,phdr_ras:NS3:36M+156S,,REF_MASTER_NC_004102,,conjunction,,,,,,,,,,,,,,,,,,NS3:36M+156S
,,NS3,phdr_ras:NS3:36M+41R,,REF_MASTER_NC_004102,,conjunction,,,,,,,,,,,,,,,,,,NS3:36M+41R
,,NS3,phdr_ras:NS3:36M+41R+168G,,REF_MASTER_NC_004102,,conjunction,,,,,,,,,,,,,,,,,,NS3:36M+41R+168G
,,NS3,phdr_ras:NS3:36M+80K,,REF_MASTER_NC_004102,,conjunction,,,,,,,,,,,,,,,,,,NS3:36M+80K
,,NS3,phdr_ras:NS3:36M+80K+107I,,REF_MASTER_NC_004102,,conjunction,,,,,,,,,,,,,,,,,,NS3:36M+80K+107I
,,NS3,phdr_ras:NS3:36M+80K+122G+168A,,REF_MASTER_NC_004102,,conjunction,,,,,,,,,,,,,,,,,,NS3:36M+80K+122G+168A
,,NS3,phdr_ras:NS3:41H,3542,REF_MASTER_NC_004102,3540,aminoAcidSimplePolymorphism,,,,,,,,,,,,,,,,,,
,,NS3,phdr_ras:NS3:41H+80K+122G,,REF_MASTER_NC_004102,,conjunction,,,,,,,,,,,,,,,,,,NS3:41H+80K+122G
,,NS3,phdr_ras:NS3:41K,3542,REF_MASTER_NC_004102,3540,aminoAcidSimplePolymorphism,,,,,,,,,,,,,,,,,,NS3:41K
,,NS3,phdr_ras:NS3:41K+43L+80K+168Y,,REF_MASTER_NC_004102,,conjunction,,,,,,,,,,,,,,,,,,NS3:41K+43L+80K+168Y
,,NS3,phdr_ras:NS3:41K+80K,,REF_MASTER_NC_004102,,conjunction,,,,,,,,,,,,,,,,,,NS3:41K+80K
,,NS3,phdr_ras:NS3:41R,3542,REF_MASTER_NC_004102,3540,aminoAcidSimplePolymorphism,,,,,,,,,,,,,,,,,,NS3:41R
,,NS3,phdr_ras:NS3:41R+156T,,REF_MASTER_NC_004102,,conjunction,,,,,,,,,,,,,,,,,,NS3:41R+156T
,,NS3,phdr_ras:NS3:41R+168A,,REF_MASTER_NC_004102,,conjunction,,,,,,,,,,,,,,,,,,NS3:41R+168A
,,NS3,phdr_ras:NS3:41R+168G,,REF_MASTER_NC_004102,,conjunction,,,,,,,,,,,,,,,,,,NS3:41R+168G
,,NS3,phdr_ras:NS3:41R+168H,,REF_MASTER_NC_004102,,conjunction,,,,,,,,,,,,,,,,,,NS3:41R+168H
,,NS3,phdr_ras:NS3:41R+170I,,REF_MASTER_NC_004102,,conjunction,,,,,,,,,,,,,,,,,,NS3:41R+170I
,,NS3,phdr_ras:NS3:41R+55I,,REF_MASTER_NC_004102,,conjunction,,,,,,,,,,,,,,,,,,NS3:41R+55I
,,NS3,phdr_ras:NS3:43C,3548,REF_MASTER_NC_004102,3546,aminoAcidSimplePolymorphism,,,,,,,,,,,,,,,,,,NS3:43C
,,NS3,phdr_ras:NS3:43L,3548,REF_MASTER_NC_004102,3546,aminoAcidSimplePolymorphism,,,,,,,,,,,,,,,,,,NS3:43L
,,NS3,phdr_ras:NS3:43L+80K,,REF_MASTER_NC_004102,,conjunction,,,,,,,,,,,,,,,,,,NS3:43L+80K
,,NS3,phdr_ras:NS3:43S,3548,REF_MASTER_NC_004102,3546,aminoAcidSimplePolymorphism,,,,,,,,,,,,,,,,,,NS3:43S
,,NS3,phdr_ras:NS3:43V,3548,REF_MASTER_NC_004102,3546,aminoAcidSimplePolymorphism,,,,,,,,,,,,,,,,,,NS3:43V
,,NS3,phdr_ras:NS3:54A,3581,REF_MASTER_NC_004102,3579,aminoAcidSimplePolymorphism,,,,,,,,,,,,,,,,,,NS3:54A
,,NS3,phdr_ras:NS3:54A+156S,,REF_MASTER_NC_004102,,conjunction,,,,,,,,,,,,,,,,,,NS3:54A+156S
,,NS3,phdr_ras:NS3:54A+158I,,REF_MASTER_NC_004102,,conjunction,,,,,,,,,,,,,,,,,,NS3:54A+158I
,,NS3,phdr_ras:NS3:54S,3581,REF_MASTER_NC_004102,3579,aminoAcidSimplePolymorphism,,,,,,,,,,,,,,,,,,NS3:54S
,,NS3,phdr_ras:NS3:54S+122G+155K+180V,,REF_MASTER_NC_004102,,conjunction,,,,,,,,,,,,,,,,,,NS3:54S+122G+155K+180V
,,NS3,phdr_ras:NS3:54S+155K,,REF_MASTER_NC_004102,,conjunction,,,,,,,,,,,,,,,,,,NS3:54S+155K
,,NS3,phdr_ras:NS3:54S+155T+168N,,REF_MASTER_NC_004102,,conjunction,,,,,,,,,,,,,,,,,,NS3:54S+155T+168N
,,NS3,phdr_ras:NS3:54S+156S,,REF_MASTER_NC_004102,,conjunction,,,,,,,,,,,,,,,,,,NS3:54S+156S
,,NS3,phdr_ras:NS3:54S+156S+177V,,REF_MASTER_NC_004102,,conjunction,,,,,,,,,,,,,,,,,,NS3:54S+156S+177V
,,NS3,phdr_ras:NS3:54S+156T,,REF_MASTER_NC_004102,,conjunction,,,,,,,,,,,,,,,,,,NS3:54S+156T
,,NS3,phdr_ras:NS3:54S+55I+122G+155K,,REF_MASTER_NC_004102,,conjunction,,,,,,,,,,,,,,,,,,NS3:54S+55I+122G+155K
,,NS3,phdr_ras:NS3:54S+55I+122G+155K+170V,,REF_MASTER_NC_004102,,conjunction,,,,,,,,,,,,,,,,,,NS3:54S+55I+122G+155K+170V
,,NS3,phdr_ras:NS3:54S+55I+80L,,REF_MASTER_NC_004102,,conjunction,,,,,,,,,,,,,,,,,,NS3:54S+55I+80L
,,NS3,phdr_ras:NS3:54S+56F+80L+156T+170I,,REF_MASTER_NC_004102,,conjunction,,,,,,,,,,,,,,,,,,NS3:54S+56F+80L+156T+170I
,,NS3,phdr_ras:NS3:54S+56H,,REF_MASTER_NC_004102,,conjunction,,,,,,,,,,,,,,,,,,NS3:54S+56H
,,NS3,phdr_ras:NS3:54S+56H+170V,,REF_MASTER_NC_004102,,conjunction,,,,,,,,,,,,,,,,,,NS3:54S+56H+170V
,,NS3,phdr_ras:NS3:55A,3584,REF_MASTER_NC_004102,3582,aminoAcidSimplePolymorphism,,,,,,,,,,,,,,,,,,NS3:55A
,,NS3,phdr_ras:NS3:55A+168A,,REF_MASTER_NC_004102,,conjunction,,,,,,,,,,,,,,,,,,NS3:55A+168A
,,NS3,phdr_ras:NS3:55A+168E,,REF_MASTER_NC_004102,,conjunction,,,,,,,,,,,,,,,,,,NS3:55A+168E
,,NS3,phdr_ras:NS3:55A+80K+122N,,REF_MASTER_NC_004102,,conjunction,,,,,,,,,,,,,,,,,,NS3:55A+80K+122N
,,NS3,phdr_ras:NS3:55A+80R+168E+170V,,REF_MASTER_NC_004102,,conjunction,,,,,,,,,,,,,,,,,,NS3:55A+80R+168E+170V
,,NS3,phdr_ras:NS3:55I,3584,REF_MASTER_NC_004102,3582,aminoAcidSimplePolymorphism,,,,,,,,,,,,,,,,,,NS3:55I
,,NS3,phdr_ras:NS3:56F,3587,REF_MASTER_NC_004102,3585,aminoAcidSimplePolymorphism,,,,,,,,,,,,,,,,,,NS3:56F
,,NS3,phdr_ras:NS3:56F+122N,,REF_MASTER_NC_004102,,conjunction,,,,,,,,,,,,,,,,,,NS3:56F+122N
,,NS3,phdr_ras:NS3:56F+122N+170I,,REF_MASTER_NC_004102,,conjunction,,,,,,,,,,,,,,,,,,NS3:56F+122N+170I
,,NS3,phdr_ras:NS3:56F+155W+156G+168N,,REF_MASTER_NC_004102,,conjunction,,,,,,,,,,,,,,,,,,NS3:56F+155W+156G+168N
,,NS3,phdr_ras:NS3:56F+168E+170I,,REF_MASTER_NC_004102,,conjunction,,,,,,,,,,,,,,,,,,NS3:56F+168E+170I
,,NS3,phdr_ras:NS3:56F+170I,,REF_MASTER_NC_004102,,conjunction,,,,,,,,,,,,,,,,,,NS3:56F+170I
,,NS3,phdr_ras:NS3:56H,3587,REF_MASTER_NC_004102,3585,aminoAcidSimplePolymorphism,,,,,,,,,,,,,,,,,,NS3:56H
,,NS3,phdr_ras:NS3:56H+156T+168N,,REF_MASTER_NC_004102,,conjunction,,,,,,,,,,,,,,,,,,NS3:56H+156T+168N
,,NS3,phdr_ras:NS3:56H+168A,,REF_MASTER_NC_004102,,conjunction,,,,,,,,,,,,,,,,,,NS3:56H+168A
,,NS3,phdr_ras:NS3:56H+168E,,REF_MASTER_NC_004102,,conjunction,,,,,,,,,,,,,,,,,,NS3:56H+168E
,,NS3,phdr_ras:NS3:56H+168K,,REF_MASTER_NC_004102,,conjunction,,,,,,,,,,,,,,,,,,NS3:56H+168K
,,NS3,phdr_ras:NS3:56H+168K+170I,,REF_MASTER_NC_004102,,conjunction,,,,,,,,,,,,,,,,,,NS3:56H+168K+170I
,,NS3,phdr_ras:NS3:56H+168L,,REF_MASTER_NC_004102,,conjunction,,,,,,,,,,,,,,,,,,NS3:56H+168L
,,NS3,phdr_ras:NS3:56H+168Q+170I,,REF_MASTER_NC_004102,,conjunction,,,,,,,,,,,,,,,,,,NS3:56H+168Q+170I
,,NS3,phdr_ras:NS3:56H+168R,,REF_MASTER_NC_004102,,conjunction,,,,,,,,,,,,,,,,,,NS3:56H+168R
,,NS3,phdr_ras:NS3:56H+168V,,REF_MASTER_NC_004102,,conjunction,,,,,,,,,,,,,,,,,,NS3:56H+168V
,,NS3,phdr_ras:NS3:56H+168Y,,REF_MASTER_NC_004102,,conjunction,,,,,,,,,,,,,,,,,,NS3:56H+168Y
,,NS3,phdr_ras:NS3:56H+80K+155I+168V,,REF_MASTER_NC_004102,,conjunction,,,,,,,,,,,,,,,,,,NS3:56H+80K+155I+168V
,,NS3,phdr_ras:NS3:56H+80K+155R+168V,,REF_MASTER_NC_004102,,conjunction,,,,,,,,,,,,,,,,,,NS3:56H+80K+155R+168V
,,NS3,phdr_ras:NS3:56N,3587,REF_MASTER_NC_004102,3585,aminoAcidSimplePolymorphism,,,,,,,,,,,,,,,,,,NS3:56N
,,NS3,phdr_ras:NS3:56Y,3587,REF_MASTER_NC_004102,3585,aminoAcidSimplePolymorphism,,,,,,,,,,,,,,,,,,
,,NS3,phdr_ras:NS3:56Y+168K+170I,,REF_MASTER_NC_004102,,conjunction,,,,,,,,,,,,,,,,,,NS3:56Y+168K+170I
,,NS3,phdr_ras:NS3:56Y+168Q+170I,,REF_MASTER_NC_004102,,conjunction,,,,,,,,,,,,,,,,,,NS3:56Y+168Q+170I
,,NS3,phdr_ras:NS3:58S,3593,REF_MASTER_NC_004102,3591,aminoAcidSimplePolymorphism,,,,,,,,,,,,,,,,,,
,,NS3,phdr_ras:NS3:58S+62T+93H,,REF_MASTER_NC_004102,,conjunction,,,,,,,,,,,,,,,,,,NS3:58S+62T+93H
,,NS3,phdr_ras:NS3:62T,3605,REF_MASTER_NC_004102,3603,aminoAcidSimplePolymorphism,,,,,,,,,,,,,,,,,,
,,NS3,phdr_ras:NS3:71A,3632,REF_MASTER_NC_004102,3630,aminoAcidSimplePolymorphism,,,,,,,,,,,,,,,,,,
,,NS3,phdr_ras:NS3:71A+170V,,REF_MASTER_NC_004102,,conjunction,,,,,,,,,,,,,,,,,,NS3:71A+170V
,,NS3,phdr_ras:NS3:77S,3650,REF_MASTER_NC_004102,3648,aminoAcidSimplePolymorphism,,,,,,,,,,,,,,,,,,
,,NS3,phdr_ras:NS3:77S+80K+132I+156G,,REF_MASTER_NC_004102,,conjunction,,,,,,,,,,,,,,,,,,NS3:77S+80K+132I+156G
,,NS3,phdr_ras:NS3:80K,3659,REF_MASTER_NC_004102,3657,aminoAcidSimplePolymorphism,,,,,,,,,,,,,,,,,,NS3:80K
,,NS3,phdr_ras:NS3:80K+107I,,REF_MASTER_NC_004102,,conjunction,,,,,,,,,,,,,,,,,,NS3:80K+107I
,,NS3,phdr_ras:NS3:80K+122G,,REF_MASTER_NC_004102,,conjunction,,,,,,,,,,,,,,,,,,NS3:80K+122G
,,NS3,phdr_ras:NS3:80K+122G+168Y,,REF_MASTER_NC_004102,,conjunction,,,,,,,,,,,,,,,,,,NS3:80K+122G+168Y
,,NS3,phdr_ras:NS3:80K+132I,,REF_MASTER_NC_004102,,conjunction,,,,,,,,,,,,,,,,,,NS3:80K+132I
,,NS3,phdr_ras:NS3:80K+132V,,REF_MASTER_NC_004102,,conjunction,,,,,,,,,,,,,,,,,,NS3:80K+132V
,,NS3,phdr_ras:NS3:80K+132V+156G,,REF_MASTER_NC_004102,,conjunction,,,,,,,,,,,,,,,,,,NS3:80K+132V+156G
,,NS3,phdr_ras:NS3:80K+155K,,REF_MASTER_NC_004102,,conjunction,,,,,,,,,,,,,,,,,,NS3:80K+155K
,,NS3,phdr_ras:NS3:80K+155T+156T+168N,,REF_MASTER_NC_004102,,conjunction,,,,,,,,,,,,,,,,,,NS3:80K+155T+156T+168N
,,NS3,phdr_ras:NS3:80K+155T+168N,,REF_MASTER_NC_004102,,conjunction,,,,,,,,,,,,,,,,,,NS3:80K+155T+168N
,,NS3,phdr_ras:NS3:80K+156A,,REF_MASTER_NC_004102,,conjunction,,,,,,,,,,,,,,,,,,NS3:80K+156A
,,NS3,phdr_ras:NS3:80K+156G,,REF_MASTER_NC_004102,,conjunction,,,,,,,,,,,,,,,,,,NS3:80K+156G
,,NS3,phdr_ras:NS3:80K+156G+170I,,REF_MASTER_NC_004102,,conjunction,,,,,,,,,,,,,,,,,,NS3:80K+156G+170I
,,NS3,phdr_ras:NS3:80K+156T+168A,,REF_MASTER_NC_004102,,conjunction,,,,,,,,,,,,,,,,,,NS3:80K+156T+168A
,,NS3,phdr_ras:NS3:80K+156V,,REF_MASTER_NC_004102,,conjunction,,,,,,,,,,,,,,,,,,NS3:80K+156V
,,NS3,phdr_ras:NS3:80K+168A,,REF_MASTER_NC_004102,,conjunction,,,,,,,,,,,,,,,,,,NS3:80K+168A
,,NS3,phdr_ras:NS3:80K+168D,,REF_MASTER_NC_004102,,conjunction,,,,,,,,,,,,,,,,,,NS3:80K+168D
,,NS3,phdr_ras:NS3:80K+168E,,REF_MASTER_NC_004102,,conjunction,,,,,,,,,,,,,,,,,,NS3:80K+168E
,,NS3,phdr_ras:NS3:80K+168E+170V,,REF_MASTER_NC_004102,,conjunction,,,,,,,,,,,,,,,,,,NS3:80K+168E+170V
,,NS3,phdr_ras:NS3:80K+168N,,REF_MASTER_NC_004102,,conjunction,,,,,,,,,,,,,,,,,,NS3:80K+168N
,,NS3,phdr_ras:NS3:80K+168T,,REF_MASTER_NC_004102,,conjunction,,,,,,,,,,,,,,,,,,NS3:80K+168T
,,NS3,phdr_ras:NS3:80K+168Y,,REF_MASTER_NC_004102,,conjunction,,,,,,,,,,,,,,,,,,NS3:80K+168Y
,,NS3,phdr_ras:NS3:80K+170I,,REF_MASTER_NC_004102,,conjunction,,,,,,,,,,,,,,,,,,NS3:80K+170I
,,NS3,phdr_ras:NS3:80L,3659,REF_MASTER_NC_004102,3657,aminoAcidSimplePolymorphism,,,,,,,,,,,,,,,,,,NS3:80L
,,NS3,phdr_ras:NS3:80L+168E,,REF_MASTER_NC_004102,,conjunction,,,,,,,,,,,,,,,,,,NS3:80L+168E
,,NS3,phdr_ras:NS3:80R,3659,REF_MASTER_NC_004102,3657,aminoAcidSimplePolymorphism,,,,,,,,,,,,,,,,,,NS3:80R
,,NS3,phdr_ras:NS3:80R+132I+170I,,REF_MASTER_NC_004102,,conjunction,,,,,,,,,,,,,,,,,,NS3:80R+132I+170I
,,NS3,phdr_ras:NS3:80R+155K+156T+168A,,REF_MASTER_NC_004102,,conjunction,,,,,,,,,,,,,,,,,,NS3:80R+155K+156T+168A
,,NS3,phdr_ras:NS3:80R+155K+156T+168E,,REF_MASTER_NC_004102,,conjunction,,,,,,,,,,,,,,,,,,NS3:80R+155K+156T+168E
,,NS3,phdr_ras:NS3:80R+155K+156T+168K,,REF_MASTER_NC_004102,,conjunction,,,,,,,,,,,,,,,,,,NS3:80R+155K+156T+168K
,,NS3,phdr_ras:NS3:80R+155S+156T+168A,,REF_MASTER_NC_004102,,conjunction,,,,,,,,,,,,,,,,,,NS3:80R+155S+156T+168A
,,NS3,phdr_ras:NS3:80R+155S+156T+168E,,REF_MASTER_NC_004102,,conjunction,,,,,,,,,,,,,,,,,,NS3:80R+155S+156T+168E
,,NS3,phdr_ras:NS3:80R+155S+156T+168K,,REF_MASTER_NC_004102,,conjunction,,,,,,,,,,,,,,,,,,NS3:80R+155S+156T+168K
,,NS3,phdr_ras:NS3:89L,3686,REF_MASTER_NC_004102,3684,aminoAcidSimplePolymorphism,,,,,,,,,,,,,,,,,,
,,NS3,phdr_ras:NS3:89L+156T,,REF_MASTER_NC_004102,,conjunction,,,,,,,,,,,,,,,,,,NS3:89L+156T
,,NS3,phdr_ras:NS3:89L+156V,,REF_MASTER_NC_004102,,conjunction,,,,,,,,,,,,,,,,,,NS3:89L+156V
,,NS3,phdr_ras:NS3:89R,3686,REF_MASTER_NC_004102,3684,aminoAcidSimplePolymorphism,,,,,,,,,,,,,,,,,,
,,NS3,phdr_ras:NS3:89R+156T,,REF_MASTER_NC_004102,,conjunction,,,,,,,,,,,,,,,,,,NS3:89R+156T
,,NS3,phdr_ras:NS3:93H,3698,REF_MASTER_NC_004102,3696,aminoAcidSimplePolymorphism,,,,,,,,,,,,,,,,,,
,,NS5A,phdr_ras:NS5A:129H,6644,REF_MASTER_NC_004102,6642,aminoAcidSimplePolymorphism,,,,,,,,,,,,,,,,,,
,,NS5A,phdr_ras:NS5A:23F,6326,REF_MASTER_NC_004102,6324,aminoAcidSimplePolymorphism,,,,,,,,,,,,,,,,,,
,,NS5A,phdr_ras:NS5A:23F+31F,,REF_MASTER_NC_004102,,conjunction,,,,,,,,,,,,,,,,,,NS5A:23F+31F
,,NS5A,phdr_ras:NS5A:23F+93H,,REF_MASTER_NC_004102,,conjunction,,,,,,,,,,,,,,,,,,NS5A:23F+93H
,,NS5A,phdr_ras:NS5A:24A,6329,REF_MASTER_NC_004102,6327,aminoAcidSimplePolymorphism,,,,,,,,,,,,,,,,,,NS5A:24A
,,NS5A,phdr_ras:NS5A:24F,6329,REF_MASTER_NC_004102,6327,aminoAcidSimplePolymorphism,,,,,,,,,,,,,,,,,,
,,NS5A,phdr_ras:NS5A:24F+28K,,REF_MASTER_NC_004102,,conjunction,,,,,,,,,,,,,,,,,,NS5A:24F+28K
,,NS5A,phdr_ras:NS5A:24F+28K+30K,,REF_MASTER_NC_004102,,conjunction,,,,,,,,,,,,,,,,,,NS5A:24F+28K+30K
,,NS5A,phdr_ras:NS5A:24F+93H,,REF_MASTER_NC_004102,,conjunction,,,,,,,,,,,,,,,,,,NS5A:24F+93H
,,NS5A,phdr_ras:NS5A:24G,6329,REF_MASTER_NC_004102,6327,aminoAcidSimplePolymorphism,,,,,,,,,,,,,,,,,,NS5A:24G
,,NS5A,phdr_ras:NS5A:24H,6329,REF_MASTER_NC_004102,6327,aminoAcidSimplePolymorphism,,,,,,,,,,,,,,,,,,NS5A:24H
,,NS5A,phdr_ras:NS5A:24K,6329,REF_MASTER_NC_004102,6327,aminoAcidSimplePolymorphism,,,,,,,,,,,,,,,,,,
,,NS5A,phdr_ras:NS5A:24K+28I+30Q+31I+32L+54Y,,REF_MASTER_NC_004102,,conjunction,,,,,,,,,,,,,,,,,,NS5A:24K+28I+30Q+31I+32L+54Y
,,NS5A,phdr_ras:NS5A:24K+28M,,REF_MASTER_NC_004102,,conjunction,,,,,,,,,,,,,,,,,,NS5A:24K+28M
,,NS5A,phdr_ras:NS5A:24K+28M+30H+92T,,REF_MASTER_NC_004102,,conjunction,,,,,,,,,,,,,,,,,,NS5A:24K+28M+30H+92T
,,NS5A,phdr_ras:NS5A:24K+28M+30L,,REF_MASTER_NC_004102,,conjunction,,,,,,,,,,,,,,,,,,NS5A:24K+28M+30L
,,NS5A,phdr_ras:NS5A:24K+28M+30Q,,REF_MASTER_NC_004102,,conjunction,,,,,,,,,,,,,,,,,,NS5A:24K+28M+30Q
,,NS5A,phdr_ras:NS5A:24K+28M+30Q+37V+54H,,REF_MASTER_NC_004102,,conjunction,,,,,,,,,,,,,,,,,,NS5A:24K+28M+30Q+37V+54H
,,NS5A,phdr_ras:NS5A:24K+28M+30Q+92T,,REF_MASTER_NC_004102,,conjunction,,,,,,,,,,,,,,,,,,NS5A:24K+28M+30Q+92T
,,NS5A,phdr_ras:NS5A:24K+28M+92T,,REF_MASTER_NC_004102,,conjunction,,,,,,,,,,,,,,,,,,NS5A:24K+28M+92T
,,NS5A,phdr_ras:NS5A:24K+28V+30Q,,REF_MASTER_NC_004102,,conjunction,,,,,,,,,,,,,,,,,,NS5A:24K+28V+30Q
,,NS5A,phdr_ras:NS5A:24K+28V+92T,,REF_MASTER_NC_004102,,conjunction,,,,,,,,,,,,,,,,,,NS5A:24K+28V+92T
,,NS5A,phdr_ras:NS5A:24M,6329,REF_MASTER_NC_004102,6327,aminoAcidSimplePolymorphism,,,,,,,,,,,,,,,,,,
,,NS5A,phdr_ras:NS5A:24M+30R+81M,,REF_MASTER_NC_004102,,conjunction,,,,,,,,,,,,,,,,,,NS5A:24M+30R+81M
,,NS5A,phdr_ras:NS5A:24N,6329,REF_MASTER_NC_004102,6327,aminoAcidSimplePolymorphism,,,,,,,,,,,,,,,,,,NS5A:24N
,,NS5A,phdr_ras:NS5A:24Q,6329,REF_MASTER_NC_004102,6327,aminoAcidSimplePolymorphism,,,,,,,,,,,,,,,,,,
,,NS5A,phdr_ras:NS5A:24Q+28T+31M,,REF_MASTER_NC_004102,,conjunction,,,,,,,,,,,,,,,,,,NS5A:24Q+28T+31M
,,NS5A,phdr_ras:NS5A:24Q+93H,,REF_MASTER_NC_004102,,conjunction,,,,,,,,,,,,,,,,,,NS5A:24Q+93H
,,NS5A,phdr_ras:NS5A:24R,6329,REF_MASTER_NC_004102,6327,aminoAcidSimplePolymorphism,,,,,,,,,,,,,,,,,,NS5A:24R
,,NS5A,phdr_ras:NS5A:24R+30G,,REF_MASTER_NC_004102,,conjunction,,,,,,,,,,,,,,,,,,NS5A:24R+30G
,,NS5A,phdr_ras:NS5A:24R+30K,,REF_MASTER_NC_004102,,conjunction,,,,,,,,,,,,,,,,,,NS5A:24R+30K
,,NS5A,phdr_ras:NS5A:24R+30K+93H,,REF_MASTER_NC_004102,,conjunction,,,,,,,,,,,,,,,,,,NS5A:24R+30K+93H
,,NS5A,phdr_ras:NS5A:24R+30Q+31M+37L+93H,,REF_MASTER_NC_004102,,conjunction,,,,,,,,,,,,,,,,,,NS5A:24R+30Q+31M+37L+93H
,,NS5A,phdr_ras:NS5A:24R+30R,,REF_MASTER_NC_004102,,conjunction,,,,,,,,,,,,,,,,,,NS5A:24R+30R
,,NS5A,phdr_ras:NS5A:24R+31F,,REF_MASTER_NC_004102,,conjunction,,,,,,,,,,,,,,,,,,NS5A:24R+31F
,,NS5A,phdr_ras:NS5A:24R+93H,,REF_MASTER_NC_004102,,conjunction,,,,,,,,,,,,,,,,,,NS5A:24R+93H
,,NS5A,phdr_ras:NS5A:24S,6329,REF_MASTER_NC_004102,6327,aminoAcidSimplePolymorphism,,,,,,,,,,,,,,,,,,NS5A:24S
,,NS5A,phdr_ras:NS5A:24S+28G,,REF_MASTER_NC_004102,,conjunction,,,,,,,,,,,,,,,,,,NS5A:24S+28G
,,NS5A,phdr_ras:NS5A:24S+31M,,REF_MASTER_NC_004102,,conjunction,,,,,,,,,,,,,,,,,,NS5A:24S+31M
,,NS5A,phdr_ras:NS5A:24S+31M+93H,,REF_MASTER_NC_004102,,conjunction,,,,,,,,,,,,,,,,,,NS5A:24S+31M+93H
,,NS5A,phdr_ras:NS5A:24S+92S,,REF_MASTER_NC_004102,,conjunction,,,,,,,,,,,,,,,,,,NS5A:24S+92S
,,NS5A,phdr_ras:NS5A:24T,6329,REF_MASTER_NC_004102,6327,aminoAcidSimplePolymorphism,,,,,,,,,,,,,,,,,,
,,NS5A,phdr_ras:NS5A:24T+28T+30R,,REF_MASTER_NC_004102,,conjunction,,,,,,,,,,,,,,,,,,NS5A:24T+28T+30R
,,NS5A,phdr_ras:NS5A:24T+93H,,REF_MASTER_NC_004102,,conjunction,,,,,,,,,,,,,,,,,,NS5A:24T+93H
,,NS5A,phdr_ras:NS5A:28A,6341,REF_MASTER_NC_004102,6339,aminoAcidSimplePolymorphism,,,,,,,,,,,,,,,,,,NS5A:28A
,,NS5A,phdr_ras:NS5A:28A+30H,,REF_MASTER_NC_004102,,conjunction,,,,,,,,,,,,,,,,,,NS5A:28A+30H
,,NS5A,phdr_ras:NS5A:28A+30K,,REF_MASTER_NC_004102,,conjunction,,,,,,,,,,,,,,,,,,NS5A:28A+30K
,,NS5A,phdr_ras:NS5A:28A+30R,,REF_MASTER_NC_004102,,conjunction,,,,,,,,,,,,,,,,,,NS5A:28A+30R
,,NS5A,phdr_ras:NS5A:28A+30S,,REF_MASTER_NC_004102,,conjunction,,,,,,,,,,,,,,,,,,NS5A:28A+30S
,,NS5A,phdr_ras:NS5A:28A+58D,,REF_MASTER_NC_004102,,conjunction,,,,,,,,,,,,,,,,,,NS5A:28A+58D
,,NS5A,phdr_ras:NS5A:28C,6341,REF_MASTER_NC_004102,6339,aminoAcidSimplePolymorphism,,,,,,,,,,,,,,,,,,NS5A:28C
,,NS5A,phdr_ras:NS5A:28C+31M,,REF_MASTER_NC_004102,,conjunction,,,,,,,,,,,,,,,,,,NS5A:28C+31M
,,NS5A,phdr_ras:NS5A:28F,6341,REF_MASTER_NC_004102,6339,aminoAcidSimplePolymorphism,,,,,,,,,,,,,,,,,,NS5A:28F
,,NS5A,phdr_ras:NS5A:28F+31M,,REF_MASTER_NC_004102,,conjunction,,,,,,,,,,,,,,,,,,NS5A:28F+31M
,,NS5A,phdr_ras:NS5A:28G,6341,REF_MASTER_NC_004102,6339,aminoAcidSimplePolymorphism,,,,,,,,,,,,,,,,,,NS5A:28G
,,NS5A,phdr_ras:NS5A:28G+30R,,REF_MASTER_NC_004102,,conjunction,,,,,,,,,,,,,,,,,,NS5A:28G+30R
,,NS5A,phdr_ras:NS5A:28I,6341,REF_MASTER_NC_004102,6339,aminoAcidSimplePolymorphism,,,,,,,,,,,,,,,,,,NS5A:28I
,,NS5A,phdr_ras:NS5A:28I+30Q,,REF_MASTER_NC_004102,,conjunction,,,,,,,,,,,,,,,,,,NS5A:28I+30Q
,,NS5A,phdr_ras:NS5A:28I+30R+31M,,REF_MASTER_NC_004102,,conjunction,,,,,,,,,,,,,,,,,,NS5A:28I+30R+31M
,,NS5A,phdr_ras:NS5A:28I+30R+31V,,REF_MASTER_NC_004102,,conjunction,,,,,,,,,,,,,,,,,,NS5A:28I+30R+31V
,,NS5A,phdr_ras:NS5A:28K,6341,REF_MASTER_NC_004102,6339,aminoAcidSimplePolymorphism,,,,,,,,,,,,,,,,,,NS5A:28K
,,NS5A,phdr_ras:NS5A:28L,6341,REF_MASTER_NC_004102,6339,aminoAcidSimplePolymorphism,,,,,,,,,,,,,,,,,,NS5A:28L
,,NS5A,phdr_ras:NS5A:28L+30H,,REF_MASTER_NC_004102,,conjunction,,,,,,,,,,,,,,,,,,NS5A:28L+30H
,,NS5A,phdr_ras:NS5A:28L+31M,,REF_MASTER_NC_004102,,conjunction,,,,,,,,,,,,,,,,,,NS5A:28L+31M
,,NS5A,phdr_ras:NS5A:28L+31M+92S,,REF_MASTER_NC_004102,,conjunction,,,,,,,,,,,,,,,,,,NS5A:28L+31M+92S
,,NS5A,phdr_ras:NS5A:28L+93H,,REF_MASTER_NC_004102,,conjunction,,,,,,,,,,,,,,,,,,NS5A:28L+93H
,,NS5A,phdr_ras:NS5A:28M,6341,REF_MASTER_NC_004102,6339,aminoAcidSimplePolymorphism,,,,,,,,,,,,,,,,,,NS5A:28M
,,NS5A,phdr_ras:NS5A:28M+30H,,REF_MASTER_NC_004102,,conjunction,,,,,,,,,,,,,,,,,,NS5A:28M+30H
,,NS5A,phdr_ras:NS5A:28M+30Q,,REF_MASTER_NC_004102,,conjunction,,,,,,,,,,,,,,,,,,NS5A:28M+30Q
,,NS5A,phdr_ras:NS5A:28M+30Q+31M,,REF_MASTER_NC_004102,,conjunction,,,,,,,,,,,,,,,,,,NS5A:28M+30Q+31M
,,NS5A,phdr_ras:NS5A:28M+30Q+92K,,REF_MASTER_NC_004102,,conjunction,,,,,,,,,,,,,,,,,,NS5A:28M+30Q+92K
,,NS5A,phdr_ras:NS5A:28M+30Q+93H,,REF_MASTER_NC_004102,,conjunction,,,,,,,,,,,,,,,,,,NS5A:28M+30Q+93H
,,NS5A,phdr_ras:NS5A:28M+30R+31L,,REF_MASTER_NC_004102,,conjunction,,,,,,,,,,,,,,,,,,NS5A:28M+30R+31L
,,NS5A,phdr_ras:NS5A:28M+30R+31L+93H,,REF_MASTER_NC_004102,,conjunction,,,,,,,,,,,,,,,,,,NS5A:28M+30R+31L+93H
,,NS5A,phdr_ras:NS5A:28M+30R+31M,,REF_MASTER_NC_004102,,conjunction,,,,,,,,,,,,,,,,,,NS5A:28M+30R+31M
,,NS5A,phdr_ras:NS5A:28M+31F,,REF_MASTER_NC_004102,,conjunction,,,,,,,,,,,,,,,,,,NS5A:28M+31F
,,NS5A,phdr_ras:NS5A:28M+32del,,REF_MASTER_NC_004102,,conjunction,,,,,,,,,,,,,,,,,,NS5A:28M+32del
,,NS5A,phdr_ras:NS5A:28M+37L+58R,,REF_MASTER_NC_004102,,conjunction,,,,,,,,,,,,,,,,,,NS5A:28M+37L+58R
,,NS5A,phdr_ras:NS5A:28M+58Y,,REF_MASTER_NC_004102,,conjunction,,,,,,,,,,,,,,,,,,NS5A:28M+58Y
,,NS5A,phdr_ras:NS5A:28M+93H,,REF_MASTER_NC_004102,,conjunction,,,,,,,,,,,,,,,,,,NS5A:28M+93H
,,NS5A,phdr_ras:NS5A:28M+93N,,REF_MASTER_NC_004102,,conjunction,,,,,,,,,,,,,,,,,,NS5A:28M+93N
,,NS5A,phdr_ras:NS5A:28S,6341,REF_MASTER_NC_004102,6339,aminoAcidSimplePolymorphism,,,,,,,,,,,,,,,,,,NS5A:28S
,,NS5A,phdr_ras:NS5A:28S+31I,,REF_MASTER_NC_004102,,conjunction,,,,,,,,,,,,,,,,,,NS5A:28S+31I
,,NS5A,phdr_ras:NS5A:28S+31M,,REF_MASTER_NC_004102,,conjunction,,,,,,,,,,,,,,,,,,NS5A:28S+31M
,,NS5A,phdr_ras:NS5A:28S+93H,,REF_MASTER_NC_004102,,conjunction,,,,,,,,,,,,,,,,,,NS5A:28S+93H
,,NS5A,phdr_ras:NS5A:28T,6341,REF_MASTER_NC_004102,6339,aminoAcidSimplePolymorphism,,,,,,,,,,,,,,,,,,NS5A:28T
,,NS5A,phdr_ras:NS5A:28T+30H,,REF_MASTER_NC_004102,,conjunction,,,,,,,,,,,,,,,,,,NS5A:28T+30H
,,NS5A,phdr_ras:NS5A:28T+30H+31V,,REF_MASTER_NC_004102,,conjunction,,,,,,,,,,,,,,,,,,NS5A:28T+30H+31V
,,NS5A,phdr_ras:NS5A:28T+30H+58D,,REF_MASTER_NC_004102,,conjunction,,,,,,,,,,,,,,,,,,NS5A:28T+30H+58D
,,NS5A,phdr_ras:NS5A:28T+30H+93H,,REF_MASTER_NC_004102,,conjunction,,,,,,,,,,,,,,,,,,NS5A:28T+30H+93H
,,NS5A,phdr_ras:NS5A:28T+30R,,REF_MASTER_NC_004102,,conjunction,,,,,,,,,,,,,,,,,,NS5A:28T+30R
,,NS5A,phdr_ras:NS5A:28T+30R+31M,,REF_MASTER_NC_004102,,conjunction,,,,,,,,,,,,,,,,,,NS5A:28T+30R+31M
,,NS5A,phdr_ras:NS5A:28T+30R+31V,,REF_MASTER_NC_004102,,conjunction,,,,,,,,,,,,,,,,,,NS5A:28T+30R+31V
,,NS5A,phdr_ras:NS5A:28T+30R+31V+93H,,REF_MASTER_NC_004102,,conjunction,,,,,,,,,,,,,,,,,,NS5A:28T+30R+31V+93H
,,NS5A,phdr_ras:NS5A:28T+30S,,REF_MASTER_NC_004102,,conjunction,,,,,,,,,,,,,,,,,,NS5A:28T+30S
,,NS5A,phdr_ras:NS5A:28T+31I,,REF_MASTER_NC_004102,,conjunction,,,,,,,,,,,,,,,,,,NS5A:28T+31I
,,NS5A,phdr_ras:NS5A:28T+58P,,REF_MASTER_NC_004102,,conjunction,,,,,,,,,,,,,,,,,,NS5A:28T+58P
,,NS5A,phdr_ras:NS5A:28T+68R,,REF_MASTER_NC_004102,,conjunction,,,,,,,,,,,,,,,,,,NS5A:28T+68R
,,NS5A,phdr_ras:NS5A:28T+93C,,REF_MASTER_NC_004102,,conjunction,,,,,,,,,,,,,,,,,,NS5A:28T+93C
,,NS5A,phdr_ras:NS5A:28T+93H,,REF_MASTER_NC_004102,,conjunction,,,,,,,,,,,,,,,,,,NS5A:28T+93H
,,NS5A,phdr_ras:NS5A:28T+93S,,REF_MASTER_NC_004102,,conjunction,,,,,,,,,,,,,,,,,,NS5A:28T+93S
,,NS5A,phdr_ras:NS5A:28V,6341,REF_MASTER_NC_004102,6339,aminoAcidSimplePolymorphism,,,,,,,,,,,,,,,,,,NS5A:28V
,,NS5A,phdr_ras:NS5A:28V+30H+31V,,REF_MASTER_NC_004102,,conjunction,,,,,,,,,,,,,,,,,,NS5A:28V+30H+31V
,,NS5A,phdr_ras:NS5A:28V+30K,,REF_MASTER_NC_004102,,conjunction,,,,,,,,,,,,,,,,,,NS5A:28V+30K
,,NS5A,phdr_ras:NS5A:28V+30Q,,REF_MASTER_NC_004102,,conjunction,,,,,,,,,,,,,,,,,,NS5A:28V+30Q
,,NS5A,phdr_ras:NS5A:28V+30R,,REF_MASTER_NC_004102,,conjunction,,,,,,,,,,,,,,,,,,NS5A:28V+30R
,,NS5A,phdr_ras:NS5A:28V+30R+31M,,REF_MASTER_NC_004102,,conjunction,,,,,,,,,,,,,,,,,,NS5A:28V+30R+31M
,,NS5A,phdr_ras:NS5A:28V+30R+31M+93H,,REF_MASTER_NC_004102,,conjunction,,,,,,,,,,,,,,,,,,NS5A:28V+30R+31M+93H
,,NS5A,phdr_ras:NS5A:28V+30R+31V,,REF_MASTER_NC_004102,,conjunction,,,,,,,,,,,,,,,,,,NS5A:28V+30R+31V
,,NS5A,phdr_ras:NS5A:28V+30S,,REF_MASTER_NC_004102,,conjunction,,,,,,,,,,,,,,,,,,NS5A:28V+30S
,,NS5A,phdr_ras:NS5A:28V+30S+31M,,REF_MASTER_NC_004102,,conjunction,,,,,,,,,,,,,,,,,,NS5A:28V+30S+31M
,,NS5A,phdr_ras:NS5A:28V+30S+93S,,REF_MASTER_NC_004102,,conjunction,,,,,,,,,,,,,,,,,,NS5A:28V+30S+93S
,,NS5A,phdr_ras:NS5A:28V+30T,,REF_MASTER_NC_004102,,conjunction,,,,,,,,,,,,,,,,,,NS5A:28V+30T
,,NS5A,phdr_ras:NS5A:28V+31F,,REF_MASTER_NC_004102,,conjunction,,,,,,,,,,,,,,,,,,NS5A:28V+31F
,,NS5A,phdr_ras:NS5A:28V+58S,,REF_MASTER_NC_004102,,conjunction,,,,,,,,,,,,,,,,,,NS5A:28V+58S
,,NS5A,phdr_ras:NS5A:28V+93H,,REF_MASTER_NC_004102,,conjunction,,,,,,,,,,,,,,,,,,NS5A:28V+93H
,,NS5A,phdr_ras:NS5A:29del,6344,REF_MASTER_NC_004102,6342,aminoAcidDeletion,,,,,,,,,,,,,,,,,,NS5A:29del
,,NS5A,phdr_ras:NS5A:29R,6344,REF_MASTER_NC_004102,6342,aminoAcidSimplePolymorphism,,,,,,,,,,,,,,,,,,NS5A:29R
,,NS5A,phdr_ras:NS5A:29S,6344,REF_MASTER_NC_004102,6342,aminoAcidSimplePolymorphism,,,,,,,,,,,,,,,,,,NS5A:29S
,,NS5A,phdr_ras:NS5A:29S+30G,,REF_MASTER_NC_004102,,conjunction,,,,,,,,,,,,,,,,,,NS5A:29S+30G
,,NS5A,phdr_ras:NS5A:30A,6347,REF_MASTER_NC_004102,6345,aminoAcidSimplePolymorphism,,,,,,,,,,,,,,,,,,NS5A:30A
,,NS5A,phdr_ras:NS5A:30D,6347,REF_MASTER_NC_004102,6345,aminoAcidSimplePolymorphism,,,,,,,,,,,,,,,,,,NS5A:30D
,,NS5A,phdr_ras:NS5A:30D+93N,,REF_MASTER_NC_004102,,conjunction,,,,,,,,,,,,,,,,,,NS5A:30D+93N
,,NS5A,phdr_ras:NS5A:30del,6347,REF_MASTER_NC_004102,6345,aminoAcidDeletion,,,,,,,,,,,,,,,,,,NS5A:30del
,,NS5A,phdr_ras:NS5A:30del+32L,,REF_MASTER_NC_004102,,conjunction,,,,,,,,,,,,,,,,,,NS5A:30del+32L
,,NS5A,phdr_ras:NS5A:30E,6347,REF_MASTER_NC_004102,6345,aminoAcidSimplePolymorphism,,,,,,,,,,,,,,,,,,NS5A:30E
,,NS5A,phdr_ras:NS5A:30E+62Q,,REF_MASTER_NC_004102,,conjunction,,,,,,,,,,,,,,,,,,NS5A:30E+62Q
,,NS5A,phdr_ras:NS5A:30E+92R,,REF_MASTER_NC_004102,,conjunction,,,,,,,,,,,,,,,,,,NS5A:30E+92R
,,NS5A,phdr_ras:NS5A:30E+93C,,REF_MASTER_NC_004102,,conjunction,,,,,,,,,,,,,,,,,,NS5A:30E+93C
,,NS5A,phdr_ras:NS5A:30E+93H,,REF_MASTER_NC_004102,,conjunction,,,,,,,,,,,,,,,,,,NS5A:30E+93H
,,NS5A,phdr_ras:NS5A:30E+93N,,REF_MASTER_NC_004102,,conjunction,,,,,,,,,,,,,,,,,,NS5A:30E+93N
,,NS5A,phdr_ras:NS5A:30F,6347,REF_MASTER_NC_004102,6345,aminoAcidSimplePolymorphism,,,,,,,,,,,,,,,,,,NS5A:30F
,,NS5A,phdr_ras:NS5A:30G,6347,REF_MASTER_NC_004102,6345,aminoAcidSimplePolymorphism,,,,,,,,,,,,,,,,,,NS5A:30G
,,NS5A,phdr_ras:NS5A:30G+31I,,REF_MASTER_NC_004102,,conjunction,,,,,,,,,,,,,,,,,,NS5A:30G+31I
,,NS5A,phdr_ras:NS5A:30G+93H,,REF_MASTER_NC_004102,,conjunction,,,,,,,,,,,,,,,,,,NS5A:30G+93H
,,NS5A,phdr_ras:NS5A:30H,6347,REF_MASTER_NC_004102,6345,aminoAcidSimplePolymorphism,,,,,,,,,,,,,,,,,,NS5A:30H
,,NS5A,phdr_ras:NS5A:30H+31M,,REF_MASTER_NC_004102,,conjunction,,,,,,,,,,,,,,,,,,NS5A:30H+31M
,,NS5A,phdr_ras:NS5A:30H+31V,,REF_MASTER_NC_004102,,conjunction,,,,,,,,,,,,,,,,,,NS5A:30H+31V
,,NS5A,phdr_ras:NS5A:30H+68R,,REF_MASTER_NC_004102,,conjunction,,,,,,,,,,,,,,,,,,NS5A:30H+68R
,,NS5A,phdr_ras:NS5A:30H+93H,,REF_MASTER_NC_004102,,conjunction,,,,,,,,,,,,,,,,,,NS5A:30H+93H
,,NS5A,phdr_ras:NS5A:30I,6347,REF_MASTER_NC_004102,6345,aminoAcidSimplePolymorphism,,,,,,,,,,,,,,,,,,
,,NS5A,phdr_ras:NS5A:30I+93R,,REF_MASTER_NC_004102,,conjunction,,,,,,,,,,,,,,,,,,NS5A:30I+93R
,,NS5A,phdr_ras:NS5A:30K,6347,REF_MASTER_NC_004102,6345,aminoAcidSimplePolymorphism,,,,,,,,,,,,,,,,,,NS5A:30K
,,NS5A,phdr_ras:NS5A:30K+31M,,REF_MASTER_NC_004102,,conjunction,,,,,,,,,,,,,,,,,,NS5A:30K+31M
,,NS5A,phdr_ras:NS5A:30K+31M+93H,,REF_MASTER_NC_004102,,conjunction,,,,,,,,,,,,,,,,,,NS5A:30K+31M+93H
,,NS5A,phdr_ras:NS5A:30K+58D,,REF_MASTER_NC_004102,,conjunction,,,,,,,,,,,,,,,,,,NS5A:30K+58D
,,NS5A,phdr_ras:NS5A:30K+58S,,REF_MASTER_NC_004102,,conjunction,,,,,,,,,,,,,,,,,,NS5A:30K+58S
,,NS5A,phdr_ras:NS5A:30K+93H,,REF_MASTER_NC_004102,,conjunction,,,,,,,,,,,,,,,,,,NS5A:30K+93H
,,NS5A,phdr_ras:NS5A:30L,6347,REF_MASTER_NC_004102,6345,aminoAcidSimplePolymorphism,,,,,,,,,,,,,,,,,,NS5A:30L
,,NS5A,phdr_ras:NS5A:30L+31M+93H,,REF_MASTER_NC_004102,,conjunction,,,,,,,,,,,,,,,,,,NS5A:30L+31M+93H
,,NS5A,phdr_ras:NS5A:30L+93H,,REF_MASTER_NC_004102,,conjunction,,,,,,,,,,,,,,,,,,NS5A:30L+93H
,,NS5A,phdr_ras:NS5A:30L+93S,,REF_MASTER_NC_004102,,conjunction,,,,,,,,,,,,,,,,,,NS5A:30L+93S
,,NS5A,phdr_ras:NS5A:30Q,6347,REF_MASTER_NC_004102,6345,aminoAcidSimplePolymorphism,,,,,,,,,,,,,,,,,,NS5A:30Q
,,NS5A,phdr_ras:NS5A:30Q+31F,,REF_MASTER_NC_004102,,conjunction,,,,,,,,,,,,,,,,,,NS5A:30Q+31F
,,NS5A,phdr_ras:NS5A:30Q+31M,,REF_MASTER_NC_004102,,conjunction,,,,,,,,,,,,,,,,,,NS5A:30Q+31M
,,NS5A,phdr_ras:NS5A:30Q+31M+93H,,REF_MASTER_NC_004102,,conjunction,,,,,,,,,,,,,,,,,,NS5A:30Q+31M+93H
,,NS5A,phdr_ras:NS5A:30Q+54H+93H,,REF_MASTER_NC_004102,,conjunction,,,,,,,,,,,,,,,,,,NS5A:30Q+54H+93H
,,NS5A,phdr_ras:NS5A:30Q+92R,,REF_MASTER_NC_004102,,conjunction,,,,,,,,,,,,,,,,,,NS5A:30Q+92R
,,NS5A,phdr_ras:NS5A:30Q+93H,,REF_MASTER_NC_004102,,conjunction,,,,,,,,,,,,,,,,,,NS5A:30Q+93H
,,NS5A,phdr_ras:NS5A:30R,6347,REF_MASTER_NC_004102,6345,aminoAcidSimplePolymorphism,,,,,,,,,,,,,,,,,,NS5A:30R
,,NS5A,phdr_ras:NS5A:30R+31M,,REF_MASTER_NC_004102,,conjunction,,,,,,,,,,,,,,,,,,NS5A:30R+31M
,,NS5A,phdr_ras:NS5A:30R+31M+58D,,REF_MASTER_NC_004102,,conjunction,,,,,,,,,,,,,,,,,,NS5A:30R+31M+58D
,,NS5A,phdr_ras:NS5A:30R+31M+93C,,REF_MASTER_NC_004102,,conjunction,,,,,,,,,,,,,,,,,,NS5A:30R+31M+93C
,,NS5A,phdr_ras:NS5A:30R+31M+93H,,REF_MASTER_NC_004102,,conjunction,,,,,,,,,,,,,,,,,,NS5A:30R+31M+93H
,,NS5A,phdr_ras:NS5A:30R+31P,,REF_MASTER_NC_004102,,conjunction,,,,,,,,,,,,,,,,,,NS5A:30R+31P
,,NS5A,phdr_ras:NS5A:30R+31V,,REF_MASTER_NC_004102,,conjunction,,,,,,,,,,,,,,,,,,NS5A:30R+31V
,,NS5A,phdr_ras:NS5A:30R+58C,,REF_MASTER_NC_004102,,conjunction,,,,,,,,,,,,,,,,,,NS5A:30R+58C
,,NS5A,phdr_ras:NS5A:30R+58D,,REF_MASTER_NC_004102,,conjunction,,,,,,,,,,,,,,,,,,NS5A:30R+58D
,,NS5A,phdr_ras:NS5A:30R+62D,,REF_MASTER_NC_004102,,conjunction,,,,,,,,,,,,,,,,,,NS5A:30R+62D
,,NS5A,phdr_ras:NS5A:30R+75A,,REF_MASTER_NC_004102,,conjunction,,,,,,,,,,,,,,,,,,NS5A:30R+75A
,,NS5A,phdr_ras:NS5A:30R+93C,,REF_MASTER_NC_004102,,conjunction,,,,,,,,,,,,,,,,,,NS5A:30R+93C
,,NS5A,phdr_ras:NS5A:30R+93H,,REF_MASTER_NC_004102,,conjunction,,,,,,,,,,,,,,,,,,NS5A:30R+93H
,,NS5A,phdr_ras:NS5A:30R+93N,,REF_MASTER_NC_004102,,conjunction,,,,,,,,,,,,,,,,,,NS5A:30R+93N
,,NS5A,phdr_ras:NS5A:30S,6347,REF_MASTER_NC_004102,6345,aminoAcidSimplePolymorphism,,,,,,,,,,,,,,,,,,NS5A:30S
,,NS5A,phdr_ras:NS5A:30S+31I+93H,,REF_MASTER_NC_004102,,conjunction,,,,,,,,,,,,,,,,,,NS5A:30S+31I+93H
,,NS5A,phdr_ras:NS5A:30T,6347,REF_MASTER_NC_004102,6345,aminoAcidSimplePolymorphism,,,,,,,,,,,,,,,,,,NS5A:30T
,,NS5A,phdr_ras:NS5A:30T+31M+93H,,REF_MASTER_NC_004102,,conjunction,,,,,,,,,,,,,,,,,,NS5A:30T+31M+93H
,,NS5A,phdr_ras:NS5A:30T+93H,,REF_MASTER_NC_004102,,conjunction,,,,,,,,,,,,,,,,,,NS5A:30T+93H
,,NS5A,phdr_ras:NS5A:30V,6347,REF_MASTER_NC_004102,6345,aminoAcidSimplePolymorphism,,,,,,,,,,,,,,,,,,
,,NS5A,phdr_ras:NS5A:30V+93H,,REF_MASTER_NC_004102,,conjunction,,,,,,,,,,,,,,,,,,NS5A:30V+93H
,,NS5A,phdr_ras:NS5A:30W,6347,REF_MASTER_NC_004102,6345,aminoAcidSimplePolymorphism,,,,,,,,,,,,,,,,,,NS5A:30W
,,NS5A,phdr_ras:NS5A:30Y,6347,REF_MASTER_NC_004102,6345,aminoAcidSimplePolymorphism,,,,,,,,,,,,,,,,,,NS5A:30Y
,,NS5A,phdr_ras:NS5A:30Y+93H,,REF_MASTER_NC_004102,,conjunction,,,,,,,,,,,,,,,,,,NS5A:30Y+93H
,,NS5A,phdr_ras:NS5A:31F,6350,REF_MASTER_NC_004102,6348,aminoAcidSimplePolymorphism,,,,,,,,,,,,,,,,,,NS5A:31F
,,NS5A,phdr_ras:NS5A:31F+129H,,REF_MASTER_NC_004102,,conjunction,,,,,,,,,,,,,,,,,,NS5A:31F+129H
,,NS5A,phdr_ras:NS5A:31F+32del,,REF_MASTER_NC_004102,,conjunction,,,,,,,,,,,,,,,,,,NS5A:31F+32del
,,NS5A,phdr_ras:NS5A:31F+56R,,REF_MASTER_NC_004102,,conjunction,,,,,,,,,,,,,,,,,,NS5A:31F+56R
,,NS5A,phdr_ras:NS5A:31F+58L,,REF_MASTER_NC_004102,,conjunction,,,,,,,,,,,,,,,,,,NS5A:31F+58L
,,NS5A,phdr_ras:NS5A:31F+92E,,REF_MASTER_NC_004102,,conjunction,,,,,,,,,,,,,,,,,,NS5A:31F+92E
,,NS5A,phdr_ras:NS5A:31F+93H,,REF_MASTER_NC_004102,,conjunction,,,,,,,,,,,,,,,,,,NS5A:31F+93H
,,NS5A,phdr_ras:NS5A:31I,6350,REF_MASTER_NC_004102,6348,aminoAcidSimplePolymorphism,,,,,,,,,,,,,,,,,,NS5A:31I
,,NS5A,phdr_ras:NS5A:31I+54H+92K,,REF_MASTER_NC_004102,,conjunction,,,,,,,,,,,,,,,,,,NS5A:31I+54H+92K
,,NS5A,phdr_ras:NS5A:31I+54H+92T,,REF_MASTER_NC_004102,,conjunction,,,,,,,,,,,,,,,,,,NS5A:31I+54H+92T
,,NS5A,phdr_ras:NS5A:31I+92K,,REF_MASTER_NC_004102,,conjunction,,,,,,,,,,,,,,,,,,NS5A:31I+92K
,,NS5A,phdr_ras:NS5A:31I+93H,,REF_MASTER_NC_004102,,conjunction,,,,,,,,,,,,,,,,,,NS5A:31I+93H
,,NS5A,phdr_ras:NS5A:31L,6350,REF_MASTER_NC_004102,6348,aminoAcidSimplePolymorphism,,,,,,,,,,,,,,,,,,
,,NS5A,phdr_ras:NS5A:31M,6350,REF_MASTER_NC_004102,6348,aminoAcidSimplePolymorphism,,,,,,,,,,,,,,,,,,NS5A:31M
,,NS5A,phdr_ras:NS5A:31M+30R,,REF_MASTER_NC_004102,,conjunction,,,,,,,,,,,,,,,,,,NS5A:31M+30R
,,NS5A,phdr_ras:NS5A:31M+37M+93H,,REF_MASTER_NC_004102,,conjunction,,,,,,,,,,,,,,,,,,NS5A:31M+37M+93H
,,NS5A,phdr_ras:NS5A:31M+54H,,REF_MASTER_NC_004102,,conjunction,,,,,,,,,,,,,,,,,,NS5A:31M+54H
,,NS5A,phdr_ras:NS5A:31M+54H+62E,,REF_MASTER_NC_004102,,conjunction,,,,,,,,,,,,,,,,,,NS5A:31M+54H+62E
,,NS5A,phdr_ras:NS5A:31M+54H+93H,,REF_MASTER_NC_004102,,conjunction,,,,,,,,,,,,,,,,,,NS5A:31M+54H+93H
,,NS5A,phdr_ras:NS5A:31M+58D,,REF_MASTER_NC_004102,,conjunction,,,,,,,,,,,,,,,,,,NS5A:31M+58D
,,NS5A,phdr_ras:NS5A:31M+58D+93C,,REF_MASTER_NC_004102,,conjunction,,,,,,,,,,,,,,,,,,NS5A:31M+58D+93C
,,NS5A,phdr_ras:NS5A:31M+93C,,REF_MASTER_NC_004102,,conjunction,,,,,,,,,,,,,,,,,,NS5A:31M+93C
,,NS5A,phdr_ras:NS5A:31M+93H,,REF_MASTER_NC_004102,,conjunction,,,,,,,,,,,,,,,,,,NS5A:31M+93H
,,NS5A,phdr_ras:NS5A:31P,6350,REF_MASTER_NC_004102,6348,aminoAcidSimplePolymorphism,,,,,,,,,,,,,,,,,,NS5A:31P
,,NS5A,phdr_ras:NS5A:31V,6350,REF_MASTER_NC_004102,6348,aminoAcidSimplePolymorphism,,,,,,,,,,,,,,,,,,NS5A:31V
,,NS5A,phdr_ras:NS5A:31V+37L+93H,,REF_MASTER_NC_004102,,conjunction,,,,,,,,,,,,,,,,,,NS5A:31V+37L+93H
,,NS5A,phdr_ras:NS5A:31V+54H+58S+93H,,REF_MASTER_NC_004102,,conjunction,,,,,,,,,,,,,,,,,,NS5A:31V+54H+58S+93H
,,NS5A,phdr_ras:NS5A:31V+54H+93H,,REF_MASTER_NC_004102,,conjunction,,,,,,,,,,,,,,,,,,NS5A:31V+54H+93H
,,NS5A,phdr_ras:NS5A:31V+56R,,REF_MASTER_NC_004102,,conjunction,,,,,,,,,,,,,,,,,,NS5A:31V+56R
,,NS5A,phdr_ras:NS5A:31V+58S,,REF_MASTER_NC_004102,,conjunction,,,,,,,,,,,,,,,,,,NS5A:31V+58S
,,NS5A,phdr_ras:NS5A:31V+93H,,REF_MASTER_NC_004102,,conjunction,,,,,,,,,,,,,,,,,,NS5A:31V+93H
,,NS5A,phdr_ras:NS5A:31V+93N,,REF_MASTER_NC_004102,,conjunction,,,,,,,,,,,,,,,,,,NS5A:31V+93N
,,NS5A,phdr_ras:NS5A:32del,6353,REF_MASTER_NC_004102,6351,aminoAcidDeletion,,,,,,,,,,,,,,,,,,NS5A:32del
,,NS5A,phdr_ras:NS5A:32L,6353,REF_MASTER_NC_004102,6351,aminoAcidSimplePolymorphism,,,,,,,,,,,,,,,,,,NS5A:32L
,,NS5A,phdr_ras:NS5A:32S,6353,REF_MASTER_NC_004102,6351,aminoAcidSimplePolymorphism,,,,,,,,,,,,,,,,,,NS5A:32S
,,NS5A,phdr_ras:NS5A:37I,6368,REF_MASTER_NC_004102,6366,aminoAcidSimplePolymorphism,,,,,,,,,,,,,,,,,,NS5A:37I
,,NS5A,phdr_ras:NS5A:37L,6368,REF_MASTER_NC_004102,6366,aminoAcidSimplePolymorphism,,,,,,,,,,,,,,,,,,NS5A:37L
,,NS5A,phdr_ras:NS5A:37L+54H,,REF_MASTER_NC_004102,,conjunction,,,,,,,,,,,,,,,,,,NS5A:37L+54H
,,NS5A,phdr_ras:NS5A:37L+54L+92T,,REF_MASTER_NC_004102,,conjunction,,,,,,,,,,,,,,,,,,NS5A:37L+54L+92T
,,NS5A,phdr_ras:NS5A:37L+54Y,,REF_MASTER_NC_004102,,conjunction,,,,,,,,,,,,,,,,,,NS5A:37L+54Y
,,NS5A,phdr_ras:NS5A:37L+93H,,REF_MASTER_NC_004102,,conjunction,,,,,,,,,,,,,,,,,,NS5A:37L+93H
,,NS5A,phdr_ras:NS5A:37M,6368,REF_MASTER_NC_004102,6366,aminoAcidSimplePolymorphism,,,,,,,,,,,,,,,,,,
,,NS5A,phdr_ras:NS5A:37V,6368,REF_MASTER_NC_004102,6366,aminoAcidSimplePolymorphism,,,,,,,,,,,,,,,,,,
,,NS5A,phdr_ras:NS5A:37Y,6368,REF_MASTER_NC_004102,6366,aminoAcidSimplePolymorphism,,,,,,,,,,,,,,,,,,
,,NS5A,phdr_ras:NS5A:37Y+54H,,REF_MASTER_NC_004102,,conjunction,,,,,,,,,,,,,,,,,,NS5A:37Y+54H
,,NS5A,phdr_ras:NS5A:38F,6371,REF_MASTER_NC_004102,6369,aminoAcidSimplePolymorphism,,,,,,,,,,,,,,,,,,NS5A:38F
,,NS5A,phdr_ras:NS5A:38F+93H,,REF_MASTER_NC_004102,,conjunction,,,,,,,,,,,,,,,,,,NS5A:38F+93H
,,NS5A,phdr_ras:NS5A:54H,6419,REF_MASTER_NC_004102,6417,aminoAcidSimplePolymorphism,,,,,,,,,,,,,,,,,,
,,NS5A,phdr_ras:NS5A:54H+58A+62E+93H,,REF_MASTER_NC_004102,,conjunction,,,,,,,,,,,,,,,,,,NS5A:54H+58A+62E+93H
,,NS5A,phdr_ras:NS5A:54H+93H,,REF_MASTER_NC_004102,,conjunction,,,,,,,,,,,,,,,,,,NS5A:54H+93H
,,NS5A,phdr_ras:NS5A:54L,6419,REF_MASTER_NC_004102,6417,aminoAcidSimplePolymorphism,,,,,,,,,,,,,,,,,,NS5A:54L
,,NS5A,phdr_ras:NS5A:54Y,6419,REF_MASTER_NC_004102,6417,aminoAcidSimplePolymorphism,,,,,,,,,,,,,,,,,,
,,NS5A,phdr_ras:NS5A:56R,6425,REF_MASTER_NC_004102,6423,aminoAcidSimplePolymorphism,,,,,,,,,,,,,,,,,,NS5A:56R
,,NS5A,phdr_ras:NS5A:58A,6431,REF_MASTER_NC_004102,6429,aminoAcidSimplePolymorphism,,,,,,,,,,,,,,,,,,NS5A:58A
,,NS5A,phdr_ras:NS5A:58A+93H,,REF_MASTER_NC_004102,,conjunction,,,,,,,,,,,,,,,,,,NS5A:58A+93H
,,NS5A,phdr_ras:NS5A:58C,6431,REF_MASTER_NC_004102,6429,aminoAcidSimplePolymorphism,,,,,,,,,,,,,,,,,,
,,NS5A,phdr_ras:NS5A:58D,6431,REF_MASTER_NC_004102,6429,aminoAcidSimplePolymorphism,,,,,,,,,,,,,,,,,,NS5A:58D
,,NS5A,phdr_ras:NS5A:58D+30R,,REF_MASTER_NC_004102,,conjunction,,,,,,,,,,,,,,,,,,NS5A:58D+30R
,,NS5A,phdr_ras:NS5A:58D+93C,,REF_MASTER_NC_004102,,conjunction,,,,,,,,,,,,,,,,,,NS5A:58D+93C
,,NS5A,phdr_ras:NS5A:58D+93H,,REF_MASTER_NC_004102,,conjunction,,,,,,,,,,,,,,,,,,NS5A:58D+93H
,,NS5A,phdr_ras:NS5A:58L,6431,REF_MASTER_NC_004102,6429,aminoAcidSimplePolymorphism,,,,,,,,,,,,,,,,,,NS5A:58L
,,NS5A,phdr_ras:NS5A:58L+93H,,REF_MASTER_NC_004102,,conjunction,,,,,,,,,,,,,,,,,,NS5A:58L+93H
,,NS5A,phdr_ras:NS5A:58N,6431,REF_MASTER_NC_004102,6429,aminoAcidSimplePolymorphism,,,,,,,,,,,,,,,,,,NS5A:58N
,,NS5A,phdr_ras:NS5A:58P,6431,REF_MASTER_NC_004102,6429,aminoAcidSimplePolymorphism,,,,,,,,,,,,,,,,,,NS5A:58P
,,NS5A,phdr_ras:NS5A:58Q,6431,REF_MASTER_NC_004102,6429,aminoAcidSimplePolymorphism,,,,,,,,,,,,,,,,,,
,,NS5A,phdr_ras:NS5A:58Q+93N,,REF_MASTER_NC_004102,,conjunction,,,,,,,,,,,,,,,,,,NS5A:58Q+93N
,,NS5A,phdr_ras:NS5A:58R,6431,REF_MASTER_NC_004102,6429,aminoAcidSimplePolymorphism,,,,,,,,,,,,,,,,,,
,,NS5A,phdr_ras:NS5A:58S,6431,REF_MASTER_NC_004102,6429,aminoAcidSimplePolymorphism,,,,,,,,,,,,,,,,,,NS5A:58S
,,NS5A,phdr_ras:NS5A:58S+62T+93H,,REF_MASTER_NC_004102,,conjunction,,,,,,,,,,,,,,,,,,NS5A:58S+62T+93H
,,NS5A,phdr_ras:NS5A:58S+93H,,REF_MASTER_NC_004102,,conjunction,,,,,,,,,,,,,,,,,,NS5A:58S+93H
,,NS5A,phdr_ras:NS5A:58T,6431,REF_MASTER_NC_004102,6429,aminoAcidSimplePolymorphism,,,,,,,,,,,,,,,,,,NS5A:58T
,,NS5A,phdr_ras:NS5A:58Y,6431,REF_MASTER_NC_004102,6429,aminoAcidSimplePolymorphism,,,,,,,,,,,,,,,,,,
,,NS5A,phdr_ras:NS5A:62A,6443,REF_MASTER_NC_004102,6441,aminoAcidSimplePolymorphism,,,,,,,,,,,,,,,,,,NS5A:62A
,,NS5A,phdr_ras:NS5A:62A+93H,,REF_MASTER_NC_004102,,conjunction,,,,,,,,,,,,,,,,,,NS5A:62A+93H
,,NS5A,phdr_ras:NS5A:62D,6443,REF_MASTER_NC_004102,6441,aminoAcidSimplePolymorphism,,,,,,,,,,,,,,,,,,
,,NS5A,phdr_ras:NS5A:62D+93H,,REF_MASTER_NC_004102,,conjunction,,,,,,,,,,,,,,,,,,NS5A:62D+93H
,,NS5A,phdr_ras:NS5A:62E,6443,REF_MASTER_NC_004102,6441,aminoAcidSimplePolymorphism,,,,,,,,,,,,,,,,,,
,,NS5A,phdr_ras:NS5A:62L,6443,REF_MASTER_NC_004102,6441,aminoAcidSimplePolymorphism,,,,,,,,,,,,,,,,,,NS5A:62L
,,NS5A,phdr_ras:NS5A:62Q,6443,REF_MASTER_NC_004102,6441,aminoAcidSimplePolymorphism,,,,,,,,,,,,,,,,,,
,,NS5A,phdr_ras:NS5A:62T,6443,REF_MASTER_NC_004102,6441,aminoAcidSimplePolymorphism,,,,,,,,,,,,,,,,,,
,,NS5A,phdr_ras:NS5A:62T+93H,,REF_MASTER_NC_004102,,conjunction,,,,,,,,,,,,,,,,,,NS5A:62T+93H
,,NS5A,phdr_ras:NS5A:68R,6461,REF_MASTER_NC_004102,6459,aminoAcidSimplePolymorphism,,,,,,,,,,,,,,,,,,
,,NS5A,phdr_ras:NS5A:75A,6482,REF_MASTER_NC_004102,6480,aminoAcidSimplePolymorphism,,,,,,,,,,,,,,,,,,
,,NS5A,phdr_ras:NS5A:81M,6500,REF_MASTER_NC_004102,6498,aminoAcidSimplePolymorphism,,,,,,,,,,,,,,,,,,
,,NS5A,phdr_ras:NS5A:8A,6281,REF_MASTER_NC_004102,6279,aminoAcidSimplePolymorphism,,,,,,,,,,,,,,,,,,
,,NS5A,phdr_ras:NS5A:8A+30H,,REF_MASTER_NC_004102,,conjunction,,,,,,,,,,,,,,,,,,NS5A:8A+30H
,,NS5A,phdr_ras:NS5A:8A+58L,,REF_MASTER_NC_004102,,conjunction,,,,,,,,,,,,,,,,,,NS5A:8A+58L
,,NS5A,phdr_ras:NS5A:92A,6533,REF_MASTER_NC_004102,6531,aminoAcidSimplePolymorphism,,,,,,,,,,,,,,,,,,
,,NS5A,phdr_ras:NS5A:92A+93H,,REF_MASTER_NC_004102,,conjunction,,,,,,,,,,,,,,,,,,NS5A:92A+93H
,,NS5A,phdr_ras:NS5A:92E,6533,REF_MASTER_NC_004102,6531,aminoAcidSimplePolymorphism,,,,,,,,,,,,,,,,,,NS5A:92E
,,NS5A,phdr_ras:NS5A:92E+93H,,REF_MASTER_NC_004102,,conjunction,,,,,,,,,,,,,,,,,,NS5A:92E+93H
,,NS5A,phdr_ras:NS5A:92K,6533,REF_MASTER_NC_004102,6531,aminoAcidSimplePolymorphism,,,,,,,,,,,,,,,,,,NS5A:92K
,,NS5A,phdr_ras:NS5A:92M,6533,REF_MASTER_NC_004102,6531,aminoAcidSimplePolymorphism,,,,,,,,,,,,,,,,,,
,,NS5A,phdr_ras:NS5A:92M+93H,,REF_MASTER_NC_004102,,conjunction,,,,,,,,,,,,,,,,,,NS5A:92M+93H
,,NS5A,phdr_ras:NS5A:92R,6533,REF_MASTER_NC_004102,6531,aminoAcidSimplePolymorphism,,,,,,,,,,,,,,,,,,NS5A:92R
,,NS5A,phdr_ras:NS5A:92S,6533,REF_MASTER_NC_004102,6531,aminoAcidSimplePolymorphism,,,,,,,,,,,,,,,,,,NS5A:92S
,,NS5A,phdr_ras:NS5A:92T,6533,REF_MASTER_NC_004102,6531,aminoAcidSimplePolymorphism,,,,,,,,,,,,,,,,,,NS5A:92T
,,NS5A,phdr_ras:NS5A:92T+93H,,REF_MASTER_NC_004102,,conjunction,,,,,,,,,,,,,,,,,,NS5A:92T+93H
,,NS5A,phdr_ras:NS5A:92V,6533,REF_MASTER_NC_004102,6531,aminoAcidSimplePolymorphism,,,,,,,,,,,,,,,,,,
,,NS5A,phdr_ras:NS5A:92V+93H,,REF_MASTER_NC_004102,,conjunction,,,,,,,,,,,,,,,,,,NS5A:92V+93H
,,NS5A,phdr_ras:NS5A:93C,6536,REF_MASTER_NC_004102,6534,aminoAcidSimplePolymorphism,,,,,,,,,,,,,,,,,,NS5A:93C
,,NS5A,phdr_ras:NS5A:93F,6536,REF_MASTER_NC_004102,6534,aminoAcidSimplePolymorphism,,,,,,,,,,,,,,,,,,NS5A:93F
,,NS5A,phdr_ras:NS5A:93H,6536,REF_MASTER_NC_004102,6534,aminoAcidSimplePolymorphism,,,,,,,,,,,,,,,,,,NS5A:93H
,,NS5A,phdr_ras:NS5A:93H+99A,,REF_MASTER_NC_004102,,conjunction,,,,,,,,,,,,,,,,,,NS5A:93H+99A
,,NS5A,phdr_ras:NS5A:93I,6536,REF_MASTER_NC_004102,6534,aminoAcidSimplePolymorphism,,,,,,,,,,,,,,,,,,NS5A:93I
,,NS5A,phdr_ras:NS5A:93L,6536,REF_MASTER_NC_004102,6534,aminoAcidSimplePolymorphism,,,,,,,,,,,,,,,,,,NS5A:93L
,,NS5A,phdr_ras:NS5A:93N,6536,REF_MASTER_NC_004102,6534,aminoAcidSimplePolymorphism,,,,,,,,,,,,,,,,,,NS5A:93N
,,NS5A,phdr_ras:NS5A:93R,6536,REF_MASTER_NC_004102,6534,aminoAcidSimplePolymorphism,,,,,,,,,,,,,,,,,,NS5A:93R
,,NS5A,phdr_ras:NS5A:93S,6536,REF_MASTER_NC_004102,6534,aminoAcidSimplePolymorphism,,,,,,,,,,,,,,,,,,NS5A:93S
,,NS5A,phdr_ras:NS5A:93W,6536,REF_MASTER_NC_004102,6534,aminoAcidSimplePolymorphism,,,,,,,,,,,,,,,,,,NS5A:93W
,,NS5A,phdr_ras:NS5A:99A,6554,REF_MASTER_NC_004102,6552,aminoAcidSimplePolymorphism,,,,,,,,,,,,,,,,,,
,,NS5B,phdr_ras:NS5B:100R,7901,REF_MASTER_NC_004102,7899,aminoAcidSimplePolymorphism,,,,,,,,,,,,,,,,,,NS5B:100R
,,NS5B,phdr_ras:NS5B:100R+188D,,REF_MASTER_NC_004102,,conjunction,,,,,,,,,,,,,,,,,,NS5B:100R+188D
,,NS5B,phdr_ras:NS5B:150V,8051,REF_MASTER_NC_004102,8049,aminoAcidSimplePolymorphism,,,,,,,,,,,,,,,,,,NS5B:150V
,,NS5B,phdr_ras:NS5B:150V+206E,,REF_MASTER_NC_004102,,conjunction,,,,,,,,,,,,,,,,,,NS5B:150V+206E
,,NS5B,phdr_ras:NS5B:159F,8078,REF_MASTER_NC_004102,8076,aminoAcidSimplePolymorphism,,,,,,,,,,,,,,,,,,NS5B:159F
,,NS5B,phdr_ras:NS5B:159F+282T,,REF_MASTER_NC_004102,,conjunction,,,,,,,,,,,,,,,,,,NS5B:159F+282T
,,NS5B,phdr_ras:NS5B:159F+282T+320F,,REF_MASTER_NC_004102,,conjunction,,,,,,,,,,,,,,,,,,NS5B:159F+282T+320F
,,NS5B,phdr_ras:NS5B:159F+316H,,REF_MASTER_NC_004102,,conjunction,,,,,,,,,,,,,,,,,,NS5B:159F+316H
,,NS5B,phdr_ras:NS5B:159F+316N,,REF_MASTER_NC_004102,,conjunction,,,,,,,,,,,,,,,,,,NS5B:159F+316N
,,NS5B,phdr_ras:NS5B:159F+320F,,REF_MASTER_NC_004102,,conjunction,,,,,,,,,,,,,,,,,,NS5B:159F+320F
,,NS5B,phdr_ras:NS5B:159F+321A,,REF_MASTER_NC_004102,,conjunction,,,,,,,,,,,,,,,,,,NS5B:159F+321A
,,NS5B,phdr_ras:NS5B:179A,8138,REF_MASTER_NC_004102,8136,aminoAcidSimplePolymorphism,,,,,,,,,,,,,,,,,,NS5B:179A
,,NS5B,phdr_ras:NS5B:179A+282T+289L+293L,,REF_MASTER_NC_004102,,conjunction,,,,,,,,,,,,,,,,,,NS5B:179A+282T+289L+293L
,,NS5B,phdr_ras:NS5B:179A+282T+289L+293L+434T,,REF_MASTER_NC_004102,,conjunction,,,,,,,,,,,,,,,,,,NS5B:179A+282T+289L+293L+434T
,,NS5B,phdr_ras:NS5B:179A+282T+289L+293L+479P,,REF_MASTER_NC_004102,,conjunction,,,,,,,,,,,,,,,,,,NS5B:179A+282T+289L+293L+479P
,,NS5B,phdr_ras:NS5B:179A+282T+289L+479P,,REF_MASTER_NC_004102,,conjunction,,,,,,,,,,,,,,,,,,NS5B:179A+282T+289L+479P
,,NS5B,phdr_ras:NS5B:179A+282T+293L,,REF_MASTER_NC_004102,,conjunction,,,,,,,,,,,,,,,,,,NS5B:179A+282T+293L
,,NS5B,phdr_ras:NS5B:179A+282T+293L+479P,,REF_MASTER_NC_004102,,conjunction,,,,,,,,,,,,,,,,,,NS5B:179A+282T+293L+479P
,,NS5B,phdr_ras:NS5B:188D,8165,REF_MASTER_NC_004102,8163,aminoAcidSimplePolymorphism,,,,,,,,,,,,,,,,,,NS5B:188D
,,NS5B,phdr_ras:NS5B:206E,8219,REF_MASTER_NC_004102,8217,aminoAcidSimplePolymorphism,,,,,,,,,,,,,,,,,,NS5B:206E
,,NS5B,phdr_ras:NS5B:237G,8312,REF_MASTER_NC_004102,8310,aminoAcidSimplePolymorphism,,,,,,,,,,,,,,,,,,NS5B:237G
,,NS5B,phdr_ras:NS5B:244I,8333,REF_MASTER_NC_004102,8331,aminoAcidSimplePolymorphism,,,,,,,,,,,,,,,,,,NS5B:244I
,,NS5B,phdr_ras:NS5B:282T,8447,REF_MASTER_NC_004102,8445,aminoAcidSimplePolymorphism,,,,,,,,,,,,,,,,,,NS5B:282T
,,NS5B,phdr_ras:NS5B:282T+159F,,REF_MASTER_NC_004102,,conjunction,,,,,,,,,,,,,,,,,,NS5B:282T+159F
,,NS5B,phdr_ras:NS5B:282T+289L,,REF_MASTER_NC_004102,,conjunction,,,,,,,,,,,,,,,,,,NS5B:282T+289L
,,NS5B,phdr_ras:NS5B:282T+289L+293L+434T,,REF_MASTER_NC_004102,,conjunction,,,,,,,,,,,,,,,,,,NS5B:282T+289L+293L+434T
,,NS5B,phdr_ras:NS5B:282T+289L+293L+479P,,REF_MASTER_NC_004102,,conjunction,,,,,,,,,,,,,,,,,,NS5B:282T+289L+293L+479P
,,NS5B,phdr_ras:NS5B:282T+289L+479P,,REF_MASTER_NC_004102,,conjunction,,,,,,,,,,,,,,,,,,NS5B:282T+289L+479P
,,NS5B,phdr_ras:NS5B:282T+320F,,REF_MASTER_NC_004102,,conjunction,,,,,,,,,,,,,,,,,,NS5B:282T+320F
,,NS5B,phdr_ras:NS5B:282T+321I,,REF_MASTER_NC_004102,,conjunction,,,,,,,,,,,,,,,,,,NS5B:282T+321I
,,NS5B,phdr_ras:NS5B:289I,8468,REF_MASTER_NC_004102,8466,aminoAcidSimplePolymorphism,,,,,,,,,,,,,,,,,,NS5B:289I
,,NS5B,phdr_ras:NS5B:289L,8468,REF_MASTER_NC_004102,8466,aminoAcidSimplePolymorphism,,,,,,,,,,,,,,,,,,NS5B:289L
,,NS5B,phdr_ras:NS5B:293L,8480,REF_MASTER_NC_004102,8478,aminoAcidSimplePolymorphism,,,,,,,,,,,,,,,,,,
,,NS5B,phdr_ras:NS5B:316H,8549,REF_MASTER_NC_004102,8547,aminoAcidSimplePolymorphism,,,,,,,,,,,,,,,,,,NS5B:316H
,,NS5B,phdr_ras:NS5B:316H+321I,,REF_MASTER_NC_004102,,conjunction,,,,,,,,,,,,,,,,,,NS5B:316H+321I
,,NS5B,phdr_ras:NS5B:316N,8549,REF_MASTER_NC_004102,8547,aminoAcidSimplePolymorphism,,,,,,,,,,,,,,,,,,NS5B:316N
,,NS5B,phdr_ras:NS5B:316N+556G,,REF_MASTER_NC_004102,,conjunction,,,,,,,,,,,,,,,,,,NS5B:316N+556G
,,NS5B,phdr_ras:NS5B:316Y,8549,REF_MASTER_NC_004102,8547,aminoAcidSimplePolymorphism,,,,,,,,,,,,,,,,,,NS5B:316Y
,,NS5B,phdr_ras:NS5B:316Y+414I,,REF_MASTER_NC_004102,,conjunction,,,,,,,,,,,,,,,,,,NS5B:316Y+414I
,,NS5B,phdr_ras:NS5B:316Y+556G,,REF_MASTER_NC_004102,,conjunction,,,,,,,,,,,,,,,,,,NS5B:316Y+556G
,,NS5B,phdr_ras:NS5B:320F,8561,REF_MASTER_NC_004102,8559,aminoAcidSimplePolymorphism,,,,,,,,,,,,,,,,,,NS5B:320F
,,NS5B,phdr_ras:NS5B:321A,8564,REF_MASTER_NC_004102,8562,aminoAcidSimplePolymorphism,,,,,,,,,,,,,,,,,,NS5B:321A
,,NS5B,phdr_ras:NS5B:321I,8564,REF_MASTER_NC_004102,8562,aminoAcidSimplePolymorphism,,,,,,,,,,,,,,,,,,NS5B:321I
,,NS5B,phdr_ras:NS5B:368T,8705,REF_MASTER_NC_004102,8703,aminoAcidSimplePolymorphism,,,,,,,,,,,,,,,,,,NS5B:368T
,,NS5B,phdr_ras:NS5B:395G,8786,REF_MASTER_NC_004102,8784,aminoAcidSimplePolymorphism,,,,,,,,,,,,,,,,,,NS5B:395G
,,NS5B,phdr_ras:NS5B:411S,8834,REF_MASTER_NC_004102,8832,aminoAcidSimplePolymorphism,,,,,,,,,,,,,,,,,,NS5B:411S
,,NS5B,phdr_ras:NS5B:414I,8843,REF_MASTER_NC_004102,8841,aminoAcidSimplePolymorphism,,,,,,,,,,,,,,,,,,NS5B:414I
,,NS5B,phdr_ras:NS5B:414T,8843,REF_MASTER_NC_004102,8841,aminoAcidSimplePolymorphism,,,,,,,,,,,,,,,,,,NS5B:414T
,,NS5B,phdr_ras:NS5B:414T+556G,,REF_MASTER_NC_004102,,conjunction,,,,,,,,,,,,,,,,,,NS5B:414T+556G
,,NS5B,phdr_ras:NS5B:434T,8903,REF_MASTER_NC_004102,8901,aminoAcidSimplePolymorphism,,,,,,,,,,,,,,,,,,
,,NS5B,phdr_ras:NS5B:444K,8933,REF_MASTER_NC_004102,8931,aminoAcidSimplePolymorphism,,,,,,,,,,,,,,,,,,NS5B:444K
,,NS5B,phdr_ras:NS5B:445F,8936,REF_MASTER_NC_004102,8934,aminoAcidSimplePolymorphism,,,,,,,,,,,,,,,,,,NS5B:445F
,,NS5B,phdr_ras:NS5B:448C,8945,REF_MASTER_NC_004102,8943,aminoAcidSimplePolymorphism,,,,,,,,,,,,,,,,,,NS5B:448C
,,NS5B,phdr_ras:NS5B:448H,8945,REF_MASTER_NC_004102,8943,aminoAcidSimplePolymorphism,,,,,,,,,,,,,,,,,,NS5B:448H
,,NS5B,phdr_ras:NS5B:451S,8954,REF_MASTER_NC_004102,8952,aminoAcidSimplePolymorphism,,,,,,,,,,,,,,,,,,NS5B:451S
,,NS5B,phdr_ras:NS5B:479P,9038,REF_MASTER_NC_004102,9036,aminoAcidSimplePolymorphism,,,,,,,,,,,,,,,,,,
,,NS5B,phdr_ras:NS5B:495A,9086,REF_MASTER_NC_004102,9084,aminoAcidSimplePolymorphism,,,,,,,,,,,,,,,,,,NS5B:495A
,,NS5B,phdr_ras:NS5B:553T,9260,REF_MASTER_NC_004102,9258,aminoAcidSimplePolymorphism,,,,,,,,,,,,,,,,,,NS5B:553T
,,NS5B,phdr_ras:NS5B:553V,9260,REF_MASTER_NC_004102,9258,aminoAcidSimplePolymorphism,,,,,,,,,,,,,,,,,,NS5B:553V
,,NS5B,phdr_ras:NS5B:554S,9263,REF_MASTER_NC_004102,9261,aminoAcidSimplePolymorphism,,,,,,,,,,,,,,,,,,
,,NS5B,phdr_ras:NS5B:554S+556G,,REF_MASTER_NC_004102,,conjunction,,,,,,,,,,,,,,,,,,NS5B:554S+556G
,,NS5B,phdr_ras:NS5B:556G,9269,REF_MASTER_NC_004102,9267,aminoAcidSimplePolymorphism,,,,,,,,,,,,,,,,,,NS5B:556G
,,NS5B,phdr_ras:NS5B:556N,9269,REF_MASTER_NC_004102,9267,aminoAcidSimplePolymorphism,,,,,,,,,,,,,,,,,,NS5B:556N
,,NS5B,phdr_ras:NS5B:556R,9269,REF_MASTER_NC_004102,9267,aminoAcidSimplePolymorphism,,,,,,,,,,,,,,,,,,NS5B:556R
,,NS5B,phdr_ras:NS5B:558R,9275,REF_MASTER_NC_004102,9273,aminoAcidSimplePolymorphism,,,,,,,,,,,,,,,,,,NS5B:558R
,,NS5B,phdr_ras:NS5B:559G,9278,REF_MASTER_NC_004102,9276,aminoAcidSimplePolymorphism,,,,,,,,,,,,,,,,,,NS5B:559G
,,NS5B,phdr_ras:NS5B:565F,9296,REF_MASTER_NC_004102,9294,aminoAcidSimplePolymorphism,,,,,,,,,,,,,,,,,,NS5B:565F
,,NS5B,phdr_ras:NS5B:585V,9356,REF_MASTER_NC_004102,9354,aminoAcidSimplePolymorphism,,,,,,,,,,,,,,,,,,NS5B:585V
