primary_accession	reference	insertion	segment
KX148118	NC_001542	2412:A	
KX148108	NC_001542	11904:T	
AF369359	NC_001542	2418:C	
KM272192	NC_001542	11932:A	
AB635373	NC_001542	11846:A	
JQ685955	NC_001542	5213:T	
JQ685947	NC_001542	5235:GG;5237:T	
JQ685918	NC_001542	11923:T	
JQ685899	NC_001542	5162:GGA;5165:TTT	
JQ685895	NC_001542	4910:C;4914:A;4915:C	
AB519642	NC_001542	2451:T	
KX148260	NC_001542	11862:A	
KX148230	NC_001542	2475:A	
KX148228	NC_001542	3200:A	
KX148208	NC_001542	1482:A	
FJ712194	NC_001542	3123:C	
